payment_id,loan_id,payment_date,scheduled_amount,paid_amount,principal_paid,interest_paid,penalty,days_late,payment_method,status
LP0001845,L000001,2023-10-22,5077.24,0.0,0.0,0.0,0.0,0,Bank Transfer,Pending
LP0000269,L000001,2023-11-22,5077.24,0.0,0.0,0.0,0.0,0,Cash,Pending
LP0000782,L000001,2023-12-22,5077.24,5077.24,2812.27,2112.65,152.32,12,Credit Card,Late
LP0001634,L000001,2024-01-22,5077.24,5077.24,3197.69,1879.55,0.0,0,Cheque,Paid
LP0000566,L000001,2024-02-22,5077.24,5077.24,2861.38,2063.54,152.32,31,Cash,Late
LP0000076,L000001,2024-03-22,5077.24,5077.24,3150.8,1774.12,152.32,4,Debit Card,Late
LP0000450,L000001,2024-04-22,5077.24,0.0,0.0,0.0,0.0,0,Cheque,Missed
LP0000389,L000001,2024-05-22,5077.24,0.0,0.0,0.0,0.0,0,Credit Card,Missed
LP0001303,L000001,2024-06-22,5077.24,0.0,0.0,0.0,0.0,0,Cheque,Pending
LP0001924,L000001,2024-07-22,5077.24,0.0,0.0,0.0,0.0,0,Debit Card,Missed
LP0000274,L000002,2021-11-14,2653.45,2653.45,1434.98,1138.87,79.6,33,Debit Card,Late
LP0000010,L000002,2021-12-14,2653.45,0.0,0.0,0.0,0.0,0,Debit Card,Missed
LP0001406,L000002,2022-01-14,2653.45,0.0,0.0,0.0,0.0,0,Credit Card,Missed
LP0000531,L000002,2022-02-14,2653.45,0.0,0.0,0.0,0.0,0,Cash,Missed
LP0000310,L000002,2022-03-14,2653.45,2653.45,1813.28,840.17,0.0,0,Bank Transfer,Paid
LP0000774,L000002,2022-04-14,2653.45,0.0,0.0,0.0,0.0,0,Bank Transfer,Missed
LP0000699,L000002,2022-05-14,2653.45,0.0,0.0,0.0,0.0,0,Online Banking,Missed
LP0000238,L000003,2022-02-28,5726.04,0.0,0.0,0.0,0.0,0,Online Banking,Pending
LP0001043,L000003,2022-03-28,5726.04,0.0,0.0,0.0,0.0,0,Cash,Missed
LP0001428,L000003,2022-04-28,5726.04,16230.44,14324.85,1905.59,0.0,0,Auto Debit,Paid
LP0000616,L000003,2022-05-28,5726.04,15674.4,13566.58,2107.82,0.0,0,Debit Card,Paid
LP0001564,L000003,2022-06-28,5726.04,14519.44,11991.56,2356.1,171.78,32,Cheque,Late
LP0001073,L000003,2022-07-28,5726.04,0.0,0.0,0.0,0.0,0,Bank Transfer,Missed
LP0000334,L000003,2022-08-28,5726.04,15579.13,13436.66,1970.69,171.78,22,Cheque,Late
LP0000335,L000003,2022-09-28,5726.04,15423.96,13225.05,2198.91,0.0,0,Cash,Paid
LP0001542,L000004,2023-08-06,4115.16,22947.89,22947.89,0.0,0.0,0,Debit Card,Paid
LP0001836,L000004,2023-09-06,4115.16,22947.89,22947.89,0.0,0.0,0,Bank Transfer,Paid
LP0001563,L000004,2023-10-06,4115.16,22947.89,22947.89,0.0,0.0,0,Cheque,Paid
LP0000800,L000004,2023-11-06,4115.16,22947.9,22947.9,0.0,0.0,0,Cheque,Paid
LP0001560,L000005,2020-11-05,18478.65,67093.56,61704.58,4834.62,554.36,36,Debit Card,Late
LP0001468,L000005,2020-12-05,18478.65,0.0,0.0,0.0,0.0,0,Cheque,Missed
LP0001541,L000005,2021-01-05,18478.65,0.0,0.0,0.0,0.0,0,Debit Card,Pending
LP0001768,L000005,2021-02-05,18478.65,57598.37,49652.79,7391.22,554.36,5,Cheque,Late
LP0001020,L000005,2021-03-05,18478.65,0.0,0.0,0.0,0.0,0,Debit Card,Missed
LP0000579,L000005,2021-04-05,18478.65,57988.86,50148.42,7286.08,554.36,16,Debit Card,Late
LP0001281,L000005,2021-05-05,18478.65,58082.53,50267.31,7815.22,0.0,0,Cheque,Paid
LP0001060,L000006,2022-10-23,5995.75,5995.75,4055.27,1760.61,179.87,2,Auto Debit,Late
LP0000538,L000006,2022-11-23,5995.75,5995.75,3859.63,1956.25,179.87,15,Debit Card,Late
LP0000206,L000006,2022-12-23,5995.75,0.0,0.0,0.0,0.0,0,Cheque,Missed
LP0001501,L000006,2023-01-23,5995.75,0.0,0.0,0.0,0.0,0,Bank Transfer,Pending
LP0001974,L000006,2023-02-23,5995.75,5995.75,4429.03,1566.72,0.0,0,Online Banking,Paid
LP0000294,L000007,2023-12-22,10064.72,10064.72,6769.99,3294.73,0.0,0,Cheque,Paid
LP0001909,L000007,2024-01-22,10064.72,10064.72,6491.0,3573.72,0.0,0,Debit Card,Paid
LP0000157,L000007,2024-02-22,10064.72,0.0,0.0,0.0,0.0,0,Cheque,Missed
LP0000556,L000007,2024-03-22,10064.72,0.0,0.0,0.0,0.0,0,Cash,Pending
LP0001644,L000007,2024-04-22,10064.72,10064.72,5689.76,4374.96,0.0,0,Cash,Paid
LP0001010,L000007,2024-05-22,10064.72,0.0,0.0,0.0,0.0,0,Cheque,Missed
LP0001757,L000007,2024-06-22,10064.72,10064.72,6237.52,3827.2,0.0,0,Online Banking,Paid
LP0000298,L000007,2024-07-22,10064.72,0.0,0.0,0.0,0.0,0,Cheque,Missed
LP0000732,L000008,2024-01-23,3182.2,0.0,0.0,0.0,0.0,0,Debit Card,Missed
LP0000250,L000008,2024-02-23,3182.2,3182.2,2238.8,847.93,95.47,9,Cash,Late
LP0000131,L000008,2024-03-23,3182.2,3182.2,2266.09,820.64,95.47,24,Bank Transfer,Late
LP0000073,L000009,2020-10-02,3832.58,0.0,0.0,0.0,0.0,0,Cheque,Missed
LP0001022,L000009,2020-11-02,3832.58,121555.24,120403.58,1151.66,0.0,0,Bank Transfer,Paid
LP0001797,L000009,2020-12-02,3832.58,98678.33,97005.69,1557.66,114.98,9,Credit Card,Late
LP0001285,L000009,2021-01-02,3832.58,0.0,0.0,0.0,0.0,0,Bank Transfer,Missed
LP0001023,L000009,2021-02-02,3832.58,102008.57,100411.77,1596.8,0.0,0,Cheque,Paid
LP0001215,L000010,2023-06-01,1091.46,1091.46,692.59,398.87,0.0,0,Credit Card,Paid
LP0000674,L000010,2023-07-01,1091.46,0.0,0.0,0.0,0.0,0,Cash,Missed
LP0001692,L000010,2023-08-01,1091.46,1091.46,626.02,465.44,0.0,0,Credit Card,Paid
LP0000425,L000010,2023-09-01,1091.46,0.0,0.0,0.0,0.0,0,Cheque,Missed
LP0001947,L000010,2023-10-01,1091.46,0.0,0.0,0.0,0.0,0,Cash,Missed
LP0000621,L000010,2023-11-01,1091.46,0.0,0.0,0.0,0.0,0,Bank Transfer,Missed
LP0001422,L000010,2023-12-01,1091.46,1091.46,784.11,307.35,0.0,0,Bank Transfer,Paid
LP0001738,L000011,2021-12-28,7952.99,0.0,0.0,0.0,0.0,0,Debit Card,Missed
LP0001384,L000011,2022-01-28,7952.99,0.0,0.0,0.0,0.0,0,Bank Transfer,Missed
LP0000908,L000011,2022-02-28,7952.99,7952.99,5798.11,2154.88,0.0,0,Bank Transfer,Paid
LP0000886,L000011,2022-03-28,7952.99,0.0,0.0,0.0,0.0,0,Cheque,Pending
LP0000072,L000011,2022-04-28,7952.99,7952.99,4687.68,3026.72,238.59,13,Cheque,Late
LP0000690,L000011,2022-05-28,7952.99,7952.99,4456.88,3257.52,238.59,35,Cash,Late
LP0000861,L000012,2023-06-03,3778.71,0.0,0.0,0.0,0.0,0,Debit Card,Pending
LP0001596,L000012,2023-07-03,3778.71,3778.71,2364.42,1414.29,0.0,0,Bank Transfer,Paid
LP0000288,L000012,2023-08-03,3778.71,0.0,0.0,0.0,0.0,0,Debit Card,Pending
LP0001961,L000012,2023-09-03,3778.71,3778.71,2278.62,1500.09,0.0,0,Cash,Paid
LP0000153,L000012,2023-10-03,3778.71,3778.71,2275.88,1389.47,113.36,25,Auto Debit,Late
LP0001385,L000012,2023-11-03,3778.71,0.0,0.0,0.0,0.0,0,Cheque,Pending
LP0000162,L000012,2023-12-03,3778.71,0.0,0.0,0.0,0.0,0,Cheque,Pending
LP0001081,L000012,2024-01-03,3778.71,0.0,0.0,0.0,0.0,0,Cheque,Missed
LP0001154,L000013,2021-01-18,3753.47,3753.47,2298.79,1454.68,0.0,0,Debit Card,Paid
LP0001599,L000013,2021-02-18,3753.47,3753.47,2731.04,1022.43,0.0,0,Online Banking,Paid
LP0001668,L000013,2021-03-18,3753.47,3753.47,2758.83,994.64,0.0,0,Bank Transfer,Paid
LP0000008,L000013,2021-04-18,3753.47,0.0,0.0,0.0,0.0,0,Cheque,Missed
LP0001741,L000013,2021-05-18,3753.47,0.0,0.0,0.0,0.0,0,Cheque,Missed
LP0000880,L000013,2021-06-18,3753.47,0.0,0.0,0.0,0.0,0,Credit Card,Missed
LP0000098,L000013,2021-07-18,3753.47,3753.47,2495.81,1257.66,0.0,0,Credit Card,Paid
LP0001064,L000013,2021-08-18,3753.47,0.0,0.0,0.0,0.0,0,Bank Transfer,Missed
LP0000431,L000013,2021-09-18,3753.47,3753.47,2120.29,1633.18,0.0,0,Cheque,Paid
LP0000673,L000013,2021-10-18,3753.47,3753.47,2462.2,1178.67,112.6,13,Online Banking,Late
LP0000075,L000014,2023-06-25,10382.85,0.0,0.0,0.0,0.0,0,Online Banking,Missed
LP0000708,L000014,2023-07-25,10382.85,15189.72,9827.48,4906.55,455.69,18,Cash,Late
LP0000369,L000014,2023-08-25,10382.85,15189.72,8678.88,6055.15,455.69,39,Cash,Late
LP0000721,L000014,2023-09-25,10382.85,0.0,0.0,0.0,0.0,0,Bank Transfer,Missed
LP0000215,L000014,2023-10-25,10382.85,15189.72,11334.29,3855.43,0.0,0,Online Banking,Paid
LP0001963,L000014,2023-11-25,10382.85,0.0,0.0,0.0,0.0,0,Bank Transfer,Missed
LP0000180,L000014,2023-12-25,10382.85,15189.72,10397.82,4791.9,0.0,0,Debit Card,Paid
LP0000744,L000014,2024-01-25,10382.85,15189.72,9736.69,4997.34,455.69,5,Cheque,Late
LP0000249,L000015,2024-01-03,3158.27,3158.27,1803.05,1260.47,94.75,31,Cheque,Late
LP0001565,L000015,2024-02-03,3158.27,3158.27,1976.75,1086.77,94.75,15,Credit Card,Late
LP0001678,L000015,2024-03-03,3158.27,0.0,0.0,0.0,0.0,0,Debit Card,Pending
LP0000739,L000015,2024-04-03,3158.27,3158.27,2240.65,917.62,0.0,0,Cheque,Paid
LP0001688,L000015,2024-05-03,3158.27,0.0,0.0,0.0,0.0,0,Online Banking,Missed
LP0001945,L000015,2024-06-03,3158.27,0.0,0.0,0.0,0.0,0,Cash,Pending
LP0001366,L000016,2022-01-23,7887.84,0.0,0.0,0.0,0.0,0,Credit Card,Pending
LP0001513,L000016,2022-02-23,7887.84,75300.6,71815.62,3484.98,0.0,0,Credit Card,Paid
LP0000700,L000016,2022-03-23,7887.84,75845.37,72395.97,3449.4,0.0,0,Debit Card,Paid
LP0001969,L000016,2022-04-23,7887.84,73340.2,70103.18,3237.02,0.0,0,Credit Card,Paid
LP0000702,L000016,2022-05-23,7887.84,0.0,0.0,0.0,0.0,0,Credit Card,Missed
LP0000055,L000016,2022-06-23,7887.84,7887.84,5756.95,2130.89,0.0,0,Debit Card,Paid
LP0001708,L000017,2021-02-10,4734.7,4734.7,3314.25,1420.45,0.0,0,Online Banking,Paid
LP0001615,L000017,2021-03-10,4734.7,0.0,0.0,0.0,0.0,0,Cash,Pending
LP0000697,L000017,2021-04-10,4734.7,0.0,0.0,0.0,0.0,0,Credit Card,Missed
LP0000434,L000017,2021-05-10,4734.7,4734.7,2829.52,1905.18,0.0,0,Bank Transfer,Paid
LP0001700,L000017,2021-06-10,4734.7,4734.7,2731.42,2003.28,0.0,0,Bank Transfer,Paid
LP0000074,L000017,2021-07-10,4734.7,0.0,0.0,0.0,0.0,0,Credit Card,Missed
LP0001511,L000017,2021-08-10,4734.7,0.0,0.0,0.0,0.0,0,Credit Card,Pending
LP0001427,L000017,2021-09-10,4734.7,4734.7,2725.66,2009.04,0.0,0,Debit Card,Paid
LP0001916,L000017,2021-10-10,4734.7,4734.7,3498.92,1235.78,0.0,0,Cheque,Paid
LP0001971,L000017,2021-11-10,4734.7,4734.7,2956.18,1636.48,142.04,43,Cash,Late
LP0001953,L000018,2023-02-04,285.78,285.78,189.63,96.15,0.0,0,Debit Card,Paid
LP0000141,L000018,2023-03-04,285.78,285.78,199.86,85.92,0.0,0,Cash,Paid
LP0001132,L000018,2023-04-04,285.78,0.0,0.0,0.0,0.0,0,Cheque,Missed
LP0001897,L000018,2023-05-04,285.78,0.0,0.0,0.0,0.0,0,Credit Card,Missed
LP0001337,L000018,2023-06-04,285.78,285.78,179.99,105.79,0.0,0,Bank Transfer,Paid
LP0000413,L000018,2023-07-04,285.78,0.0,0.0,0.0,0.0,0,Cash,Missed
LP0000363,L000018,2023-08-04,285.78,0.0,0.0,0.0,0.0,0,Online Banking,Pending
LP0001830,L000019,2023-06-09,10015.34,76215.11,71925.0,4290.11,0.0,0,Cash,Paid
LP0001007,L000019,2023-07-09,10015.34,151466.49,148340.93,3125.56,0.0,0,Cheque,Paid
LP0001619,L000019,2023-08-09,10015.34,0.0,0.0,0.0,0.0,0,Cheque,Missed
LP0000174,L000019,2023-09-09,10015.34,86705.13,83322.24,3082.43,300.46,37,Bank Transfer,Late
LP0000176,L000019,2023-10-09,10015.34,10015.34,5583.56,4431.78,0.0,0,Cheque,Paid
LP0000001,L000020,2021-02-28,5755.72,0.0,0.0,0.0,0.0,0,Auto Debit,Pending
LP0000081,L000020,2021-03-31,5755.72,0.0,0.0,0.0,0.0,0,Credit Card,Missed
LP0000585,L000020,2021-04-30,5755.72,8983.31,5466.82,3246.99,269.5,23,Bank Transfer,Late
LP0000922,L000020,2021-05-31,5755.72,8983.31,5546.38,3167.43,269.5,37,Cheque,Late
LP0000170,L000020,2021-06-30,5755.72,8983.31,5951.98,3031.33,0.0,0,Credit Card,Paid
LP0001218,L000020,2021-07-31,5755.72,8983.31,5572.2,3141.61,269.5,16,Online Banking,Late
LP0000061,L000021,2023-05-28,17492.85,17492.85,12353.75,5139.1,0.0,0,Cash,Paid
LP0000691,L000021,2023-06-28,17492.85,17492.85,11664.71,5828.14,0.0,0,Online Banking,Paid
LP0001750,L000021,2023-07-28,17492.85,17492.85,11400.23,5567.83,524.79,18,Credit Card,Late
LP0000988,L000021,2023-08-28,17492.85,0.0,0.0,0.0,0.0,0,Cheque,Pending
LP0000582,L000022,2023-04-18,226.93,226.93,136.59,83.53,6.81,7,Bank Transfer,Late
LP0000130,L000022,2023-05-18,226.93,226.93,123.11,97.01,6.81,43,Credit Card,Late
LP0001324,L000022,2023-06-18,226.93,226.93,159.36,60.76,6.81,12,Debit Card,Late
LP0000493,L000022,2023-07-18,226.93,226.93,162.59,57.53,6.81,41,Debit Card,Late
LP0000672,L000022,2023-08-18,226.93,226.93,145.98,80.95,0.0,0,Bank Transfer,Paid
LP0001221,L000022,2023-09-18,226.93,226.93,142.6,77.52,6.81,9,Cheque,Late
LP0001881,L000023,2024-01-23,982.51,0.0,0.0,0.0,0.0,0,Debit Card,Pending
LP0000362,L000023,2024-02-23,982.51,982.51,551.03,402.0,29.48,14,Debit Card,Late
LP0000747,L000023,2024-03-23,982.51,982.51,556.93,396.1,29.48,12,Bank Transfer,Late
LP0000464,L000023,2024-04-23,982.51,0.0,0.0,0.0,0.0,0,Cheque,Missed
LP0000840,L000023,2024-05-23,982.51,0.0,0.0,0.0,0.0,0,Cheque,Missed
LP0000797,L000023,2024-06-23,982.51,0.0,0.0,0.0,0.0,0,Auto Debit,Pending
LP0001654,L000023,2024-07-23,982.51,0.0,0.0,0.0,0.0,0,Bank Transfer,Pending
LP0001213,L000023,2024-08-23,982.51,982.51,562.43,390.6,29.48,43,Debit Card,Late
LP0000745,L000023,2024-09-23,982.51,0.0,0.0,0.0,0.0,0,Credit Card,Missed
LP0000142,L000023,2024-10-23,982.51,982.51,686.9,266.13,29.48,17,Cheque,Late
LP0001616,L000024,2023-07-03,1098.73,1098.73,706.87,358.9,32.96,25,Auto Debit,Late
LP0000149,L000024,2023-08-03,1098.73,1098.73,666.81,398.96,32.96,42,Cash,Late
LP0001457,L000024,2023-09-03,1098.73,1098.73,731.66,367.07,0.0,0,Cheque,Paid
LP0000336,L000024,2023-10-03,1098.73,0.0,0.0,0.0,0.0,0,Debit Card,Missed
LP0001556,L000025,2024-01-12,16026.13,59760.81,54662.22,4617.81,480.78,32,Auto Debit,Late
LP0001504,L000025,2024-02-12,16026.13,63735.32,57206.98,6047.56,480.78,35,Bank Transfer,Late
LP0000723,L000025,2024-03-12,16026.13,0.0,0.0,0.0,0.0,0,Auto Debit,Pending
LP0001371,L000025,2024-04-12,16026.13,0.0,0.0,0.0,0.0,0,Debit Card,Pending
LP0001271,L000025,2024-05-12,16026.13,60312.31,53102.53,7209.78,0.0,0,Bank Transfer,Paid
LP0000475,L000025,2024-06-12,16026.13,16026.13,11156.41,4869.72,0.0,0,Cheque,Paid
LP0000314,L000026,2022-01-05,1936.69,62267.85,61432.49,835.36,0.0,0,Cash,Paid
LP0000346,L000026,2022-02-05,1936.69,64456.29,63684.07,772.22,0.0,0,Credit Card,Paid
LP0000956,L000026,2022-03-05,1936.69,0.0,0.0,0.0,0.0,0,Debit Card,Missed
LP0001008,L000026,2022-04-05,1936.69,0.0,0.0,0.0,0.0,0,Debit Card,Missed
LP0000087,L000026,2022-05-05,1936.69,0.0,0.0,0.0,0.0,0,Cash,Pending
LP0000873,L000026,2022-06-05,1936.69,1936.69,1270.38,666.31,0.0,0,Cash,Paid
LP0001573,L000027,2022-10-01,1692.15,33361.12,32667.02,643.34,50.76,23,Online Banking,Late
LP0001885,L000027,2022-11-01,1692.15,0.0,0.0,0.0,0.0,0,Bank Transfer,Pending
LP0000991,L000027,2022-12-01,1692.15,0.0,0.0,0.0,0.0,0,Online Banking,Missed
LP0000196,L000027,2023-01-01,1692.15,35973.61,35392.27,530.58,50.76,40,Bank Transfer,Late
LP0000517,L000027,2023-02-01,1692.15,0.0,0.0,0.0,0.0,0,Debit Card,Pending
LP0000954,L000027,2023-03-01,1692.15,1692.15,965.48,726.67,0.0,0,Cheque,Paid
LP0001798,L000028,2021-11-21,1302.81,15505.01,15135.53,330.4,39.08,28,Debit Card,Late
LP0000194,L000028,2021-12-21,1302.81,0.0,0.0,0.0,0.0,0,Cheque,Missed
LP0000203,L000028,2022-01-21,1302.81,14391.45,13948.79,403.58,39.08,33,Cash,Late
LP0000342,L000028,2022-02-21,1302.81,0.0,0.0,0.0,0.0,0,Cash,Missed
LP0000129,L000028,2022-03-21,1302.81,15318.91,14937.2,381.71,0.0,0,Bank Transfer,Paid
LP0000855,L000029,2023-08-17,5200.56,377996.93,376389.96,1606.97,0.0,0,Debit Card,Paid
LP0001973,L000029,2023-09-17,5200.56,0.0,0.0,0.0,0.0,0,Auto Debit,Pending
LP0000918,L000029,2023-10-17,5200.56,0.0,0.0,0.0,0.0,0,Debit Card,Pending
LP0001672,L000029,2023-11-17,5200.56,0.0,0.0,0.0,0.0,0,Cheque,Pending
LP0000038,L000029,2023-12-17,5200.56,0.0,0.0,0.0,0.0,0,Bank Transfer,Pending
LP0000200,L000029,2024-01-17,5200.56,5200.56,3754.21,1446.35,0.0,0,Auto Debit,Paid
LP0001765,L000030,2023-05-23,1927.3,87555.01,86725.87,771.32,57.82,17,Online Banking,Late
LP0001994,L000030,2023-06-23,1927.3,88532.11,87699.0,775.29,57.82,12,Cheque,Late
LP0001661,L000030,2023-07-23,1927.3,0.0,0.0,0.0,0.0,0,Credit Card,Missed
LP0000949,L000030,2023-08-23,1927.3,1927.3,1291.33,635.97,0.0,0,Cash,Paid
LP0001074,L000031,2024-01-23,2747.09,2747.09,1833.69,830.99,82.41,42,Debit Card,Late
LP0001403,L000031,2024-02-23,2747.09,0.0,0.0,0.0,0.0,0,Cheque,Pending
LP0000217,L000031,2024-03-23,2747.09,2747.09,1883.33,781.35,82.41,33,Cash,Late
LP0001418,L000031,2024-04-23,2747.09,2747.09,1814.36,850.32,82.41,7,Debit Card,Late
LP0001747,L000031,2024-05-23,2747.09,2747.09,1607.58,1139.51,0.0,0,Cash,Paid
LP0001474,L000031,2024-06-23,2747.09,0.0,0.0,0.0,0.0,0,Auto Debit,Pending
LP0001243,L000031,2024-07-23,2747.09,2747.09,1818.3,846.38,82.41,33,Cash,Late
LP0000082,L000031,2024-08-23,2747.09,0.0,0.0,0.0,0.0,0,Cheque,Pending
LP0000411,L000032,2020-12-08,3233.37,3233.37,2325.85,810.52,97.0,41,Cheque,Late
LP0001287,L000032,2021-01-08,3233.37,0.0,0.0,0.0,0.0,0,Bank Transfer,Missed
LP0000392,L000032,2021-02-08,3233.37,0.0,0.0,0.0,0.0,0,Bank Transfer,Missed
LP0001097,L000032,2021-03-08,3233.37,0.0,0.0,0.0,0.0,0,Bank Transfer,Pending
LP0001714,L000032,2021-04-08,3233.37,0.0,0.0,0.0,0.0,0,Bank Transfer,Missed
LP0001198,L000032,2021-05-08,3233.37,0.0,0.0,0.0,0.0,0,Cash,Pending
LP0000899,L000032,2021-06-08,3233.37,3233.37,2185.5,950.87,97.0,17,Cheque,Late
LP0001045,L000032,2021-07-08,3233.37,0.0,0.0,0.0,0.0,0,Cheque,Missed
LP0000236,L000033,2020-08-31,1105.79,1105.79,739.28,333.34,33.17,39,Bank Transfer,Late
LP0000597,L000033,2020-09-30,1105.79,0.0,0.0,0.0,0.0,0,Bank Transfer,Missed
LP0000959,L000033,2020-10-31,1105.79,1105.79,623.27,449.35,33.17,29,Debit Card,Late
LP0000948,L000034,2023-10-24,12450.4,12450.4,8236.81,3840.08,373.51,25,Cash,Late
LP0000642,L000034,2023-11-24,12450.4,0.0,0.0,0.0,0.0,0,Cheque,Pending
LP0000361,L000034,2023-12-24,12450.4,0.0,0.0,0.0,0.0,0,Cash,Missed
LP0001388,L000034,2024-01-24,12450.4,12450.4,7925.57,4524.83,0.0,0,Cash,Paid
LP0001391,L000034,2024-02-24,12450.4,12450.4,6798.4,5278.49,373.51,6,Cash,Late
LP0001625,L000035,2022-01-02,103.27,0.0,0.0,0.0,0.0,0,Online Banking,Missed
LP0000869,L000035,2022-02-02,103.27,103.27,70.62,32.65,0.0,0,Bank Transfer,Paid
LP0000606,L000035,2022-03-02,103.27,0.0,0.0,0.0,0.0,0,Cheque,Pending
LP0001219,L000035,2022-04-02,103.27,0.0,0.0,0.0,0.0,0,Online Banking,Pending
LP0000468,L000035,2022-05-02,103.27,0.0,0.0,0.0,0.0,0,Bank Transfer,Missed
LP0001660,L000035,2022-06-02,103.27,103.27,62.74,40.53,0.0,0,Credit Card,Paid
LP0000117,L000036,2022-10-26,5085.23,0.0,0.0,0.0,0.0,0,Debit Card,Pending
LP0000303,L000036,2022-11-26,5085.23,5085.23,3131.7,1800.97,152.56,18,Bank Transfer,Late
LP0000756,L000036,2022-12-26,5085.23,0.0,0.0,0.0,0.0,0,Debit Card,Pending
LP0000415,L000036,2023-01-26,5085.23,5085.23,3074.4,1858.27,152.56,30,Auto Debit,Late
LP0000457,L000037,2023-06-23,8022.37,0.0,0.0,0.0,0.0,0,Auto Debit,Pending
LP0000383,L000037,2023-07-23,8022.37,0.0,0.0,0.0,0.0,0,Credit Card,Pending
LP0001512,L000037,2023-08-23,8022.37,8022.37,4711.57,3310.8,0.0,0,Credit Card,Paid
LP0000282,L000037,2023-09-23,8022.37,0.0,0.0,0.0,0.0,0,Debit Card,Pending
LP0001145,L000037,2023-10-23,8022.37,0.0,0.0,0.0,0.0,0,Cash,Pending
LP0000935,L000037,2023-11-23,8022.37,8022.37,5293.52,2728.85,0.0,0,Bank Transfer,Paid
LP0001381,L000038,2020-12-12,6555.57,6555.57,4782.14,1773.43,0.0,0,Cash,Paid
LP0001137,L000038,2021-01-12,6555.57,6555.57,4125.25,2430.32,0.0,0,Cash,Paid
LP0000862,L000038,2021-02-12,6555.57,6555.57,4848.4,1707.17,0.0,0,Debit Card,Paid
LP0000484,L000039,2020-08-29,5622.89,102304.36,100662.89,1641.47,0.0,0,Cash,Paid
LP0000911,L000039,2020-09-29,5622.89,0.0,0.0,0.0,0.0,0,Bank Transfer,Pending
LP0001611,L000039,2020-10-29,5622.89,94541.76,92580.62,1961.14,0.0,0,Cash,Paid
LP0001078,L000039,2020-11-29,5622.89,0.0,0.0,0.0,0.0,0,Cheque,Missed
LP0001965,L000039,2020-12-29,5622.89,102563.1,101070.58,1492.52,0.0,0,Auto Debit,Paid
LP0001429,L000039,2021-01-29,5622.89,101350.52,99669.77,1512.06,168.69,16,Cheque,Late
LP0001135,L000039,2021-02-28,5622.89,5622.89,3358.24,2264.65,0.0,0,Bank Transfer,Paid
LP0001597,L000040,2022-10-25,1409.71,1409.71,1013.02,396.69,0.0,0,Cheque,Paid
LP0000560,L000040,2022-11-25,1409.71,1409.71,987.34,422.37,0.0,0,Cheque,Paid
LP0000637,L000040,2022-12-25,1409.71,1409.71,1034.67,375.04,0.0,0,Debit Card,Paid
LP0000231,L000040,2023-01-25,1409.71,1409.71,985.89,423.82,0.0,0,Bank Transfer,Paid
LP0001860,L000040,2023-02-25,1409.71,1409.71,811.76,555.66,42.29,4,Cash,Late
LP0001404,L000040,2023-03-25,1409.71,0.0,0.0,0.0,0.0,0,Debit Card,Pending
LP0000625,L000040,2023-04-25,1409.71,1409.71,977.38,432.33,0.0,0,Bank Transfer,Paid
LP0000815,L000040,2023-05-25,1409.71,1409.71,1005.82,361.6,42.29,20,Cheque,Late
LP0000375,L000040,2023-06-25,1409.71,1409.71,824.98,542.44,42.29,28,Debit Card,Late
LP0000539,L000040,2023-07-25,1409.71,0.0,0.0,0.0,0.0,0,Cash,Missed
LP0000224,L000040,2023-08-25,1409.71,0.0,0.0,0.0,0.0,0,Auto Debit,Pending
LP0000578,L000040,2023-09-25,1409.71,0.0,0.0,0.0,0.0,0,Online Banking,Pending
LP0000437,L000041,2024-01-23,6598.92,0.0,0.0,0.0,0.0,0,Cheque,Missed
LP0000614,L000041,2024-02-23,6598.92,0.0,0.0,0.0,0.0,0,Bank Transfer,Pending
LP0000378,L000041,2024-03-23,6598.92,0.0,0.0,0.0,0.0,0,Credit Card,Pending
LP0001014,L000041,2024-04-23,6598.92,0.0,0.0,0.0,0.0,0,Cheque,Pending
LP0000534,L000041,2024-05-23,6598.92,0.0,0.0,0.0,0.0,0,Bank Transfer,Missed
LP0000905,L000041,2024-06-23,6598.92,6598.92,4609.8,1989.12,0.0,0,Cheque,Paid
LP0001124,L000041,2024-07-23,6598.92,6598.92,4285.09,2115.86,197.97,15,Bank Transfer,Late
LP0000491,L000042,2020-06-21,1246.21,1246.21,750.7,458.12,37.39,19,Credit Card,Late
LP0000587,L000042,2020-07-21,1246.21,1246.21,846.8,399.41,0.0,0,Debit Card,Paid
LP0000104,L000042,2020-08-21,1246.21,1246.21,818.97,389.85,37.39,24,Debit Card,Late
LP0001310,L000042,2020-09-21,1246.21,0.0,0.0,0.0,0.0,0,Online Banking,Missed
LP0001195,L000042,2020-10-21,1246.21,1246.21,807.11,401.71,37.39,21,Bank Transfer,Late
LP0001464,L000042,2020-11-21,1246.21,1246.21,933.11,313.1,0.0,0,Cheque,Paid
LP0001699,L000042,2020-12-21,1246.21,1246.21,806.68,439.53,0.0,0,Cash,Paid
LP0000013,L000042,2021-01-21,1246.21,0.0,0.0,0.0,0.0,0,Auto Debit,Pending
LP0001831,L000043,2021-01-30,4693.0,0.0,0.0,0.0,0.0,0,Debit Card,Missed
LP0000537,L000043,2021-02-28,4693.0,0.0,0.0,0.0,0.0,0,Bank Transfer,Pending
LP0001549,L000043,2021-03-30,4693.0,36547.08,34677.55,1728.74,140.79,10,Online Banking,Late
LP0000254,L000043,2021-04-30,4693.0,0.0,0.0,0.0,0.0,0,Debit Card,Missed
LP0000264,L000043,2021-05-30,4693.0,65577.28,63753.01,1683.48,140.79,10,Cheque,Late
LP0000027,L000043,2021-06-30,4693.0,4693.0,2885.33,1807.67,0.0,0,Bank Transfer,Paid
LP0000848,L000044,2022-01-03,5307.77,0.0,0.0,0.0,0.0,0,Credit Card,Pending
LP0000929,L000044,2022-02-03,5307.77,5307.77,3172.32,2135.45,0.0,0,Online Banking,Paid
LP0001576,L000044,2022-03-03,5307.77,0.0,0.0,0.0,0.0,0,Credit Card,Pending
LP0000256,L000044,2022-04-03,5307.77,0.0,0.0,0.0,0.0,0,Cheque,Missed
LP0000635,L000044,2022-05-03,5307.77,5307.77,3569.21,1579.33,159.23,28,Cash,Late
LP0001306,L000045,2023-03-22,192.73,0.0,0.0,0.0,0.0,0,Credit Card,Pending
LP0000190,L000045,2023-04-22,192.73,10274.83,10185.58,83.47,5.78,43,Debit Card,Late
LP0000772,L000045,2023-05-22,192.73,0.0,0.0,0.0,0.0,0,Cheque,Missed
LP0001059,L000045,2023-06-22,192.73,0.0,0.0,0.0,0.0,0,Auto Debit,Missed
LP0000693,L000045,2023-07-22,192.73,22049.09,21976.44,66.87,5.78,8,Cash,Late
LP0001663,L000045,2023-08-22,192.73,0.0,0.0,0.0,0.0,0,Cheque,Pending
LP0001586,L000045,2023-09-22,192.73,192.73,122.17,70.56,0.0,0,Bank Transfer,Paid
LP0000982,L000046,2023-07-22,985.61,0.0,0.0,0.0,0.0,0,Bank Transfer,Pending
LP0000068,L000046,2023-08-22,985.61,0.0,0.0,0.0,0.0,0,Cash,Missed
LP0000993,L000046,2023-09-22,985.61,985.61,621.72,363.89,0.0,0,Cash,Paid
LP0001006,L000046,2023-10-22,985.61,0.0,0.0,0.0,0.0,0,Cash,Pending
LP0001575,L000046,2023-11-22,985.61,0.0,0.0,0.0,0.0,0,Cheque,Missed
LP0001238,L000046,2023-12-22,985.61,985.61,544.19,441.42,0.0,0,Cash,Paid
LP0001401,L000046,2024-01-22,985.61,985.61,583.29,402.32,0.0,0,Bank Transfer,Paid
LP0001855,L000046,2024-02-22,985.61,985.61,577.15,408.46,0.0,0,Cash,Paid
LP0001048,L000047,2023-09-01,3301.85,3301.85,1900.01,1302.78,99.06,5,Credit Card,Late
LP0000287,L000047,2023-10-01,3301.85,0.0,0.0,0.0,0.0,0,Cash,Pending
LP0000235,L000048,2023-02-25,5227.79,5227.79,3379.22,1691.74,156.83,38,Cheque,Late
LP0000297,L000048,2023-03-25,5227.79,5227.79,2990.69,2080.27,156.83,24,Cash,Late
LP0001659,L000048,2023-04-25,5227.79,0.0,0.0,0.0,0.0,0,Cash,Pending
LP0000154,L000048,2023-05-25,5227.79,5227.79,3097.04,2130.75,0.0,0,Debit Card,Paid
LP0000191,L000048,2023-06-25,5227.79,5227.79,3759.66,1311.3,156.83,12,Credit Card,Late
LP0000471,L000048,2023-07-25,5227.79,0.0,0.0,0.0,0.0,0,Cheque,Missed
LP0000594,L000048,2023-08-25,5227.79,5227.79,3023.05,2047.91,156.83,42,Debit Card,Late
LP0000907,L000049,2021-07-03,43139.68,0.0,0.0,0.0,0.0,0,Debit Card,Missed
LP0001105,L000049,2021-08-03,43139.68,43139.68,29457.12,12388.37,1294.19,40,Credit Card,Late
LP0000409,L000049,2021-09-03,43139.68,43139.68,31133.93,10711.56,1294.19,7,Debit Card,Late
LP0000152,L000049,2021-10-03,43139.68,43139.68,27047.86,14797.63,1294.19,3,Debit Card,Late
LP0001279,L000049,2021-11-03,43139.68,43139.68,25482.52,17657.16,0.0,0,Online Banking,Paid
LP0001837,L000049,2021-12-03,43139.68,43139.68,23764.0,19375.68,0.0,0,Debit Card,Paid
LP0000276,L000049,2022-01-03,43139.68,43139.68,24394.17,18745.51,0.0,0,Online Banking,Paid
LP0001702,L000050,2021-05-21,311.63,311.63,206.28,96.0,9.35,40,Credit Card,Late
LP0000354,L000050,2021-06-21,311.63,0.0,0.0,0.0,0.0,0,Debit Card,Pending
LP0000662,L000050,2021-07-21,311.63,0.0,0.0,0.0,0.0,0,Debit Card,Pending
LP0000634,L000051,2021-09-04,1601.6,0.0,0.0,0.0,0.0,0,Cheque,Missed
LP0000557,L000051,2021-10-04,1601.6,0.0,0.0,0.0,0.0,0,Cheque,Pending
LP0001822,L000051,2021-11-04,1601.6,1601.6,1013.53,588.07,0.0,0,Cash,Paid
LP0001133,L000051,2021-12-04,1601.6,0.0,0.0,0.0,0.0,0,Credit Card,Pending
LP0001763,L000051,2022-01-04,1601.6,0.0,0.0,0.0,0.0,0,Debit Card,Missed
LP0000179,L000051,2022-02-04,1601.6,0.0,0.0,0.0,0.0,0,Online Banking,Pending
LP0000788,L000051,2022-03-04,1601.6,1601.6,1025.1,528.45,48.05,8,Cheque,Late
LP0001170,L000051,2022-04-04,1601.6,1601.6,1171.64,429.96,0.0,0,Debit Card,Paid
LP0000317,L000051,2022-05-04,1601.6,0.0,0.0,0.0,0.0,0,Cheque,Pending
LP0000122,L000052,2022-04-23,8979.31,0.0,0.0,0.0,0.0,0,Auto Debit,Pending
LP0001284,L000052,2022-05-23,8979.31,0.0,0.0,0.0,0.0,0,Bank Transfer,Pending
LP0000329,L000052,2022-06-23,8979.31,8979.31,5772.93,2937.0,269.38,7,Bank Transfer,Late
LP0001299,L000052,2022-07-23,8979.31,8979.31,5023.91,3955.4,0.0,0,Online Banking,Paid
LP0001217,L000052,2022-08-23,8979.31,0.0,0.0,0.0,0.0,0,Cash,Pending
LP0001864,L000052,2022-09-23,8979.31,0.0,0.0,0.0,0.0,0,Auto Debit,Missed
LP0001001,L000052,2022-10-23,8979.31,0.0,0.0,0.0,0.0,0,Cheque,Pending
LP0000328,L000052,2022-11-23,8979.31,0.0,0.0,0.0,0.0,0,Debit Card,Pending
LP0000037,L000052,2022-12-23,8979.31,0.0,0.0,0.0,0.0,0,Cheque,Pending
LP0001301,L000052,2023-01-23,8979.31,8979.31,5159.83,3819.48,0.0,0,Debit Card,Paid
LP0001694,L000052,2023-02-23,8979.31,8979.31,6494.14,2485.17,0.0,0,Debit Card,Paid
LP0000212,L000053,2023-08-03,1507.41,1507.41,901.66,605.75,0.0,0,Bank Transfer,Paid
LP0000818,L000053,2023-09-03,1507.41,0.0,0.0,0.0,0.0,0,Cash,Pending
LP0000790,L000053,2023-10-03,1507.41,1507.41,840.34,621.85,45.22,28,Cheque,Late
LP0000633,L000053,2023-11-03,1507.41,1507.41,893.14,614.27,0.0,0,Cheque,Paid
LP0001300,L000053,2023-12-03,1507.41,0.0,0.0,0.0,0.0,0,Bank Transfer,Pending
LP0000764,L000053,2024-01-03,1507.41,0.0,0.0,0.0,0.0,0,Bank Transfer,Missed
LP0001813,L000053,2024-02-03,1507.41,0.0,0.0,0.0,0.0,0,Credit Card,Pending
LP0001188,L000054,2023-09-07,2539.15,2539.15,1514.61,1024.54,0.0,0,Bank Transfer,Paid
LP0001296,L000054,2023-10-07,2539.15,2539.15,1712.37,750.61,76.17,30,Cash,Late
LP0000916,L000054,2023-11-07,2539.15,2539.15,1755.34,783.81,0.0,0,Cash,Paid
LP0000623,L000054,2023-12-07,2539.15,2539.15,1599.28,863.7,76.17,20,Cheque,Late
LP0000057,L000054,2024-01-07,2539.15,0.0,0.0,0.0,0.0,0,Bank Transfer,Missed
LP0001216,L000054,2024-02-07,2539.15,2539.15,1419.65,1043.33,76.17,7,Bank Transfer,Late
LP0000046,L000054,2024-03-07,2539.15,2539.15,1771.68,767.47,0.0,0,Cash,Paid
LP0000920,L000055,2023-04-16,1603.55,1603.55,1122.06,433.38,48.11,15,Cheque,Late
LP0000930,L000055,2023-05-16,1603.55,1603.55,921.0,682.55,0.0,0,Bank Transfer,Paid
LP0001628,L000055,2023-06-16,1603.55,0.0,0.0,0.0,0.0,0,Cash,Pending
LP0000204,L000055,2023-07-16,1603.55,1603.55,1124.64,478.91,0.0,0,Cash,Paid
LP0000145,L000055,2023-08-16,1603.55,1603.55,938.33,617.11,48.11,42,Cheque,Late
LP0001363,L000055,2023-09-16,1603.55,1603.55,1015.6,587.95,0.0,0,Online Banking,Paid
LP0000262,L000055,2023-10-16,1603.55,1603.55,925.04,630.4,48.11,38,Cheque,Late
LP0000481,L000055,2023-11-16,1603.55,0.0,0.0,0.0,0.0,0,Cheque,Pending
LP0001472,L000055,2023-12-16,1603.55,1603.55,979.05,576.39,48.11,43,Debit Card,Late
LP0001030,L000056,2023-08-25,6099.63,6099.63,3465.29,2634.34,0.0,0,Bank Transfer,Paid
LP0001528,L000056,2023-09-25,6099.63,0.0,0.0,0.0,0.0,0,Bank Transfer,Missed
LP0000968,L000056,2023-10-25,6099.63,6099.63,4129.02,1970.61,0.0,0,Auto Debit,Paid
LP0001392,L000056,2023-11-25,6099.63,0.0,0.0,0.0,0.0,0,Bank Transfer,Missed
LP0001602,L000056,2023-12-25,6099.63,6099.63,3775.6,2324.03,0.0,0,Cheque,Paid
LP0000917,L000056,2024-01-25,6099.63,0.0,0.0,0.0,0.0,0,Cash,Missed
LP0000268,L000057,2023-10-08,952.6,0.0,0.0,0.0,0.0,0,Cheque,Pending
LP0000093,L000057,2023-11-08,952.6,0.0,0.0,0.0,0.0,0,Credit Card,Missed
LP0001389,L000058,2024-01-23,808.97,0.0,0.0,0.0,0.0,0,Cash,Pending
LP0000845,L000058,2024-02-23,808.97,4033.06,3711.96,296.83,24.27,8,Cheque,Late
LP0001373,L000058,2024-03-23,808.97,4280.68,4070.61,210.07,0.0,0,Debit Card,Paid
LP0001835,L000058,2024-04-23,808.97,4443.91,4184.98,234.66,24.27,20,Debit Card,Late
LP0001949,L000058,2024-05-23,808.97,4219.82,3926.98,292.84,0.0,0,Online Banking,Paid
LP0001487,L000058,2024-06-23,808.97,4542.38,4298.35,219.76,24.27,22,Bank Transfer,Late
LP0000259,L000058,2024-07-23,808.97,4500.49,4250.12,226.1,24.27,22,Cash,Late
LP0001734,L000058,2024-08-23,808.97,0.0,0.0,0.0,0.0,0,Debit Card,Missed
LP0001818,L000058,2024-09-23,808.97,808.97,486.13,322.84,0.0,0,Cheque,Paid
LP0001101,L000059,2023-04-18,2107.22,2107.22,1291.31,815.91,0.0,0,Debit Card,Paid
LP0000155,L000059,2023-05-18,2107.22,0.0,0.0,0.0,0.0,0,Auto Debit,Missed
LP0001116,L000059,2023-06-18,2107.22,2107.22,1375.26,731.96,0.0,0,Credit Card,Paid
LP0000085,L000059,2023-07-18,2107.22,2107.22,1461.31,645.91,0.0,0,Credit Card,Paid
LP0001610,L000059,2023-08-18,2107.22,2107.22,1551.95,555.27,0.0,0,Cheque,Paid
LP0001612,L000059,2023-09-18,2107.22,2107.22,1352.73,691.27,63.22,15,Online Banking,Late
LP0001099,L000059,2023-10-18,2107.22,2107.22,1198.74,908.48,0.0,0,Debit Card,Paid
LP0001980,L000059,2023-11-18,2107.22,0.0,0.0,0.0,0.0,0,Cheque,Pending
LP0001755,L000059,2023-12-18,2107.22,0.0,0.0,0.0,0.0,0,Bank Transfer,Missed
LP0001292,L000059,2024-01-18,2107.22,2107.22,1523.33,520.67,63.22,2,Auto Debit,Late
LP0000853,L000060,2023-05-24,5146.63,76033.12,73925.95,2107.17,0.0,0,Cash,Paid
LP0001751,L000060,2023-06-24,5146.63,0.0,0.0,0.0,0.0,0,Online Banking,Pending
LP0000002,L000060,2023-07-24,5146.63,88300.23,86877.73,1422.5,0.0,0,Bank Transfer,Paid
LP0001680,L000060,2023-08-24,5146.63,0.0,0.0,0.0,0.0,0,Credit Card,Pending
LP0001452,L000060,2023-09-24,5146.63,0.0,0.0,0.0,0.0,0,Online Banking,Missed
LP0000146,L000060,2023-10-24,5146.63,5146.63,3700.81,1445.82,0.0,0,Cash,Paid
LP0001701,L000061,2023-10-15,13175.92,0.0,0.0,0.0,0.0,0,Cash,Pending
LP0001293,L000061,2023-11-15,13175.92,13175.92,8449.66,4726.26,0.0,0,Bank Transfer,Paid
LP0000785,L000061,2023-12-15,13175.92,13175.92,7970.64,4810.0,395.28,44,Debit Card,Late
LP0000638,L000061,2024-01-15,13175.92,13175.92,8115.61,4665.03,395.28,28,Auto Debit,Late
LP0000850,L000061,2024-02-15,13175.92,0.0,0.0,0.0,0.0,0,Cheque,Pending
LP0000802,L000061,2024-03-15,13175.92,13175.92,8465.6,4315.04,395.28,34,Credit Card,Late
LP0001387,L000061,2024-04-15,13175.92,0.0,0.0,0.0,0.0,0,Cheque,Missed
LP0001695,L000061,2024-05-15,13175.92,0.0,0.0,0.0,0.0,0,Cash,Missed
LP0000743,L000061,2024-06-15,13175.92,13175.92,7072.97,5707.67,395.28,31,Cash,Late
LP0001463,L000062,2022-02-03,1182.93,0.0,0.0,0.0,0.0,0,Cheque,Pending
LP0000385,L000062,2022-03-03,1182.93,1182.93,664.22,518.71,0.0,0,Cheque,Paid
LP0001922,L000062,2022-04-03,1182.93,1182.93,817.28,330.16,35.49,44,Cheque,Late
LP0000849,L000062,2022-05-03,1182.93,1182.93,670.02,477.42,35.49,10,Debit Card,Late
LP0001193,L000062,2022-06-03,1182.93,0.0,0.0,0.0,0.0,0,Online Banking,Missed
LP0001026,L000062,2022-07-03,1182.93,0.0,0.0,0.0,0.0,0,Bank Transfer,Pending
LP0001814,L000062,2022-08-03,1182.93,0.0,0.0,0.0,0.0,0,Debit Card,Pending
LP0001479,L000062,2022-09-03,1182.93,0.0,0.0,0.0,0.0,0,Bank Transfer,Pending
LP0001186,L000062,2022-10-03,1182.93,0.0,0.0,0.0,0.0,0,Auto Debit,Missed
LP0000433,L000062,2022-11-03,1182.93,0.0,0.0,0.0,0.0,0,Debit Card,Missed
LP0000711,L000062,2022-12-03,1182.93,1182.93,727.04,420.4,35.49,27,Credit Card,Late
LP0000643,L000062,2023-01-03,1182.93,0.0,0.0,0.0,0.0,0,Debit Card,Missed
LP0001000,L000062,2023-02-03,1182.93,0.0,0.0,0.0,0.0,0,Debit Card,Missed
LP0000529,L000063,2020-09-03,3577.37,4074.49,2718.28,1233.98,122.23,14,Cheque,Late
LP0001788,L000063,2020-10-03,3577.37,4074.49,2317.37,1634.89,122.23,20,Auto Debit,Late
LP0000548,L000063,2020-11-03,3577.37,0.0,0.0,0.0,0.0,0,Cheque,Missed
LP0000951,L000063,2020-12-03,3577.37,4074.49,2460.65,1613.84,0.0,0,Cheque,Paid
LP0001749,L000063,2021-01-03,3577.37,4074.49,2405.03,1669.46,0.0,0,Cheque,Paid
LP0001942,L000063,2021-02-03,3577.37,0.0,0.0,0.0,0.0,0,Bank Transfer,Missed
LP0000414,L000063,2021-03-03,3577.37,4074.49,2190.72,1761.54,122.23,26,Debit Card,Late
LP0000080,L000063,2021-04-03,3577.37,4074.49,2962.94,989.32,122.23,23,Bank Transfer,Late
LP0001460,L000063,2021-05-03,3577.37,0.0,0.0,0.0,0.0,0,Cash,Pending
LP0001346,L000063,2021-06-03,3577.37,0.0,0.0,0.0,0.0,0,Bank Transfer,Missed
LP0000052,L000063,2021-07-03,3577.37,0.0,0.0,0.0,0.0,0,Bank Transfer,Pending
LP0001344,L000064,2023-07-27,4201.31,0.0,0.0,0.0,0.0,0,Bank Transfer,Missed
LP0000271,L000064,2023-08-27,4201.31,4201.31,2677.15,1398.12,126.04,18,Auto Debit,Late
LP0001719,L000064,2023-09-27,4201.31,4201.31,2583.78,1617.53,0.0,0,Bank Transfer,Paid
LP0001539,L000064,2023-10-27,4201.31,4201.31,2720.19,1355.08,126.04,40,Bank Transfer,Late
LP0000906,L000064,2023-11-27,4201.31,4201.31,2610.08,1591.23,0.0,0,Bank Transfer,Paid
LP0000033,L000065,2022-10-26,18329.24,18329.24,11649.69,6679.55,0.0,0,Debit Card,Paid
LP0001096,L000065,2022-11-26,18329.24,0.0,0.0,0.0,0.0,0,Debit Card,Missed
LP0000725,L000065,2022-12-26,18329.24,0.0,0.0,0.0,0.0,0,Cheque,Missed
LP0001962,L000065,2023-01-26,18329.24,18329.24,10127.77,7651.59,549.88,17,Credit Card,Late
LP0001278,L000066,2023-09-09,349.81,0.0,0.0,0.0,0.0,0,Debit Card,Missed
LP0000760,L000066,2023-10-09,349.81,0.0,0.0,0.0,0.0,0,Credit Card,Missed
LP0000746,L000066,2023-11-09,349.81,0.0,0.0,0.0,0.0,0,Bank Transfer,Pending
LP0001683,L000066,2023-12-09,349.81,349.81,187.93,151.39,10.49,43,Cash,Late
LP0001049,L000066,2024-01-09,349.81,0.0,0.0,0.0,0.0,0,Cash,Pending
LP0001840,L000067,2023-04-04,6324.44,6324.44,4620.58,1703.86,0.0,0,Cash,Paid
LP0001222,L000067,2023-05-04,6324.44,0.0,0.0,0.0,0.0,0,Bank Transfer,Missed
LP0000216,L000067,2023-06-04,6324.44,0.0,0.0,0.0,0.0,0,Credit Card,Pending
LP0001590,L000068,2021-10-01,814.73,0.0,0.0,0.0,0.0,0,Cheque,Missed
LP0001114,L000068,2021-11-01,814.73,0.0,0.0,0.0,0.0,0,Credit Card,Missed
LP0001522,L000068,2021-12-01,814.73,814.73,470.65,344.08,0.0,0,Credit Card,Paid
LP0000833,L000068,2022-01-01,814.73,0.0,0.0,0.0,0.0,0,Credit Card,Missed
LP0000490,L000068,2022-02-01,814.73,814.73,448.93,341.36,24.44,3,Debit Card,Late
LP0000990,L000068,2022-03-01,814.73,814.73,568.67,246.06,0.0,0,Cash,Paid
LP0000927,L000068,2022-04-01,814.73,814.73,449.87,340.42,24.44,27,Credit Card,Late
LP0001704,L000069,2023-02-03,8600.84,8600.84,4956.92,3385.89,258.03,18,Debit Card,Late
LP0000349,L000069,2023-03-03,8600.84,0.0,0.0,0.0,0.0,0,Credit Card,Missed
LP0001868,L000069,2023-04-03,8600.84,8600.84,5206.16,3394.68,0.0,0,Debit Card,Paid
LP0000032,L000069,2023-05-03,8600.84,0.0,0.0,0.0,0.0,0,Debit Card,Missed
LP0000417,L000069,2023-06-03,8600.84,8600.84,4768.91,3831.93,0.0,0,Bank Transfer,Paid
LP0001263,L000070,2023-07-26,1423.66,0.0,0.0,0.0,0.0,0,Online Banking,Missed
LP0001272,L000070,2023-08-26,1423.66,0.0,0.0,0.0,0.0,0,Debit Card,Missed
LP0000543,L000070,2023-09-26,1423.66,1423.66,1024.2,356.75,42.71,5,Bank Transfer,Late
LP0001304,L000070,2023-10-26,1423.66,0.0,0.0,0.0,0.0,0,Cheque,Pending
LP0001147,L000070,2023-11-26,1423.66,0.0,0.0,0.0,0.0,0,Auto Debit,Missed
LP0001585,L000070,2023-12-26,1423.66,0.0,0.0,0.0,0.0,0,Cash,Missed
LP0001759,L000070,2024-01-26,1423.66,0.0,0.0,0.0,0.0,0,Cash,Missed
LP0001647,L000070,2024-02-26,1423.66,0.0,0.0,0.0,0.0,0,Credit Card,Pending
LP0001624,L000070,2024-03-26,1423.66,1423.66,1037.97,385.69,0.0,0,Debit Card,Paid
LP0000953,L000071,2020-09-06,8609.29,9935.25,6078.22,3857.03,0.0,0,Cash,Paid
LP0001791,L000071,2020-10-06,8609.29,0.0,0.0,0.0,0.0,0,Online Banking,Missed
LP0000530,L000071,2020-11-06,8609.29,9935.25,6675.32,3259.93,0.0,0,Cheque,Paid
LP0000780,L000071,2020-12-06,8609.29,0.0,0.0,0.0,0.0,0,Cheque,Missed
LP0000018,L000071,2021-01-06,8609.29,0.0,0.0,0.0,0.0,0,Cheque,Missed
LP0000412,L000071,2021-02-06,8609.29,9935.25,6449.62,3187.57,298.06,27,Bank Transfer,Late
LP0000940,L000071,2021-03-06,8609.29,0.0,0.0,0.0,0.0,0,Debit Card,Missed
LP0000586,L000071,2021-04-06,8609.29,9935.25,7383.43,2551.82,0.0,0,Cash,Paid
LP0000682,L000071,2021-05-06,8609.29,9935.25,6732.45,2904.74,298.06,35,Bank Transfer,Late
LP0001405,L000071,2021-06-06,8609.29,0.0,0.0,0.0,0.0,0,Online Banking,Pending
LP0000596,L000071,2021-07-06,8609.29,0.0,0.0,0.0,0.0,0,Debit Card,Pending
LP0001318,L000072,2020-10-22,799.06,1415.68,904.84,468.37,42.47,12,Bank Transfer,Late
LP0001164,L000072,2020-11-22,799.06,0.0,0.0,0.0,0.0,0,Debit Card,Missed
LP0000028,L000072,2020-12-22,799.06,1415.68,1027.71,387.97,0.0,0,Auto Debit,Paid
LP0001502,L000073,2024-01-23,887.51,887.51,662.7,224.81,0.0,0,Debit Card,Paid
LP0000137,L000073,2024-02-23,887.51,0.0,0.0,0.0,0.0,0,Cheque,Pending
LP0000781,L000073,2024-03-23,887.51,0.0,0.0,0.0,0.0,0,Bank Transfer,Pending
LP0001790,L000074,2021-12-11,4581.21,4581.21,2670.68,1910.53,0.0,0,Bank Transfer,Paid
LP0001442,L000074,2022-01-11,4581.21,0.0,0.0,0.0,0.0,0,Debit Card,Missed
LP0000736,L000074,2022-02-11,4581.21,4581.21,3377.33,1203.88,0.0,0,Cash,Paid
LP0000913,L000074,2022-03-11,4581.21,4581.21,2653.51,1927.7,0.0,0,Cheque,Paid
LP0001769,L000074,2022-04-11,4581.21,4581.21,2797.59,1646.18,137.44,19,Online Banking,Late
LP0000063,L000074,2022-05-11,4581.21,4581.21,2858.68,1585.09,137.44,28,Debit Card,Late
LP0000890,L000075,2022-11-25,3200.11,3200.11,2358.7,841.41,0.0,0,Online Banking,Paid
LP0001246,L000075,2022-12-25,3200.11,3200.11,2120.86,1079.25,0.0,0,Debit Card,Paid
LP0001347,L000075,2023-01-25,3200.11,0.0,0.0,0.0,0.0,0,Cheque,Missed
LP0001254,L000075,2023-02-25,3200.11,0.0,0.0,0.0,0.0,0,Debit Card,Pending
LP0001080,L000075,2023-03-25,3200.11,0.0,0.0,0.0,0.0,0,Cheque,Pending
LP0001396,L000075,2023-04-25,3200.11,3200.11,1853.61,1346.5,0.0,0,Auto Debit,Paid
LP0000498,L000075,2023-05-25,3200.11,0.0,0.0,0.0,0.0,0,Credit Card,Pending
LP0001050,L000075,2023-06-25,3200.11,0.0,0.0,0.0,0.0,0,Cheque,Missed
LP0000330,L000076,2022-09-03,6345.84,23466.89,20867.74,2408.77,190.38,35,Auto Debit,Late
LP0000454,L000076,2022-10-03,6345.84,0.0,0.0,0.0,0.0,0,Cheque,Missed
LP0001968,L000076,2022-11-03,6345.84,23426.77,20818.84,2607.93,0.0,0,Online Banking,Paid
LP0001439,L000076,2022-12-03,6345.84,22723.05,19961.12,2761.93,0.0,0,Credit Card,Paid
LP0000715,L000076,2023-01-03,6345.84,25978.37,23928.82,2049.55,0.0,0,Cheque,Paid
LP0001967,L000076,2023-02-03,6345.84,24601.68,22250.86,2160.44,190.38,38,Cheque,Late
LP0000159,L000076,2023-03-03,6345.84,43041.79,41064.82,1786.59,190.38,44,Bank Transfer,Late
LP0001206,L000076,2023-04-03,6345.84,0.0,0.0,0.0,0.0,0,Cheque,Missed
LP0001031,L000076,2023-05-03,6345.84,24477.75,22099.81,2377.94,0.0,0,Auto Debit,Paid
LP0000767,L000076,2023-06-03,6345.84,0.0,0.0,0.0,0.0,0,Cash,Pending
LP0001115,L000076,2023-07-03,6345.84,6345.84,4465.27,1880.57,0.0,0,Debit Card,Paid
LP0001886,L000077,2024-01-23,2712.22,0.0,0.0,0.0,0.0,0,Cash,Missed
LP0000577,L000077,2024-02-23,2712.22,2712.22,1577.08,1135.14,0.0,0,Cash,Paid
LP0001824,L000077,2024-03-23,2712.22,0.0,0.0,0.0,0.0,0,Cash,Missed
LP0001009,L000077,2024-04-23,2712.22,2712.22,1911.86,800.36,0.0,0,Cash,Paid
LP0000842,L000077,2024-05-23,2712.22,2712.22,1540.86,1171.36,0.0,0,Bank Transfer,Paid
LP0000571,L000077,2024-06-23,2712.22,0.0,0.0,0.0,0.0,0,Bank Transfer,Pending
LP0000044,L000078,2023-11-24,1700.3,40609.11,39885.26,672.84,51.01,32,Cheque,Late
LP0001754,L000078,2023-12-24,1700.3,46465.46,45888.58,576.88,0.0,0,Bank Transfer,Paid
LP0001940,L000078,2024-01-24,1700.3,0.0,0.0,0.0,0.0,0,Debit Card,Pending
LP0001089,L000078,2024-02-24,1700.3,0.0,0.0,0.0,0.0,0,Auto Debit,Pending
LP0001495,L000078,2024-03-24,1700.3,95608.83,95092.81,516.02,0.0,0,Bank Transfer,Paid
LP0001261,L000078,2024-04-24,1700.3,1700.3,1032.95,667.35,0.0,0,Cheque,Paid
LP0000657,L000079,2022-11-30,1997.57,1997.57,1121.07,876.5,0.0,0,Debit Card,Paid
LP0001291,L000079,2022-12-30,1997.57,1997.57,1212.12,785.45,0.0,0,Debit Card,Paid
LP0000983,L000079,2023-01-30,1997.57,1997.57,1366.26,571.38,59.93,31,Cash,Late
LP0000777,L000079,2023-02-28,1997.57,1997.57,1213.68,723.96,59.93,39,Bank Transfer,Late
LP0001423,L000079,2023-03-30,1997.57,0.0,0.0,0.0,0.0,0,Auto Debit,Missed
LP0000148,L000079,2023-04-30,1997.57,1997.57,1253.06,744.51,0.0,0,Credit Card,Paid
LP0000306,L000079,2023-05-30,1997.57,1997.57,1284.57,713.0,0.0,0,Debit Card,Paid
LP0000574,L000080,2023-12-24,3382.86,0.0,0.0,0.0,0.0,0,Bank Transfer,Missed
LP0001332,L000080,2024-01-24,3382.86,3382.86,2187.01,1195.85,0.0,0,Cheque,Paid
LP0000242,L000080,2024-02-24,3382.86,0.0,0.0,0.0,0.0,0,Credit Card,Missed
LP0001904,L000080,2024-03-24,3382.86,0.0,0.0,0.0,0.0,0,Cash,Pending
LP0000397,L000081,2020-10-15,2034.59,8306.71,4925.52,3131.99,249.2,22,Cash,Late
LP0001587,L000081,2020-11-15,2034.59,8306.71,4705.94,3600.77,0.0,0,Debit Card,Paid
LP0001143,L000081,2020-12-15,2034.59,0.0,0.0,0.0,0.0,0,Cash,Missed
LP0000266,L000081,2021-01-15,2034.59,0.0,0.0,0.0,0.0,0,Debit Card,Missed
LP0000291,L000081,2021-02-15,2034.59,8306.71,4991.35,3315.36,0.0,0,Bank Transfer,Paid
LP0001127,L000081,2021-03-15,2034.59,8306.71,6215.6,2091.11,0.0,0,Debit Card,Paid
LP0001180,L000081,2021-04-15,2034.59,0.0,0.0,0.0,0.0,0,Bank Transfer,Pending
LP0001370,L000081,2021-05-15,2034.59,0.0,0.0,0.0,0.0,0,Bank Transfer,Pending
LP0001212,L000081,2021-06-15,2034.59,0.0,0.0,0.0,0.0,0,Cheque,Pending
LP0001173,L000081,2021-07-15,2034.59,8306.71,5609.84,2696.87,0.0,0,Debit Card,Paid
LP0001126,L000082,2022-03-17,3594.32,6312.03,4313.49,1809.18,189.36,13,Cash,Late
LP0000265,L000082,2022-04-17,3594.32,6312.03,4140.69,2171.34,0.0,0,Cash,Paid
LP0000572,L000082,2022-05-17,3594.32,6312.03,3733.9,2388.77,189.36,15,Bank Transfer,Late
LP0000253,L000082,2022-06-17,3594.32,0.0,0.0,0.0,0.0,0,Debit Card,Missed
LP0001338,L000082,2022-07-17,3594.32,6312.03,4434.99,1877.04,0.0,0,Cheque,Paid
LP0001931,L000083,2020-07-22,4625.7,0.0,0.0,0.0,0.0,0,Online Banking,Pending
LP0001653,L000083,2020-08-22,4625.7,0.0,0.0,0.0,0.0,0,Cash,Pending
LP0001721,L000083,2020-09-22,4625.7,0.0,0.0,0.0,0.0,0,Online Banking,Missed
LP0001191,L000083,2020-10-22,4625.7,0.0,0.0,0.0,0.0,0,Cheque,Missed
LP0000923,L000083,2020-11-22,4625.7,19805.72,13883.1,5328.45,594.17,30,Bank Transfer,Late
LP0000497,L000083,2020-12-22,4625.7,0.0,0.0,0.0,0.0,0,Cheque,Missed
LP0000184,L000083,2021-01-22,4625.7,19805.72,13359.98,5851.57,594.17,8,Cheque,Late
LP0000704,L000083,2021-02-22,4625.7,19805.72,10968.56,8837.16,0.0,0,Credit Card,Paid
LP0000123,L000084,2020-04-09,5593.25,5593.25,3247.36,2345.89,0.0,0,Credit Card,Paid
LP0001175,L000084,2020-05-09,5593.25,0.0,0.0,0.0,0.0,0,Cheque,Pending
LP0001250,L000084,2020-06-09,5593.25,0.0,0.0,0.0,0.0,0,Credit Card,Pending
LP0001397,L000084,2020-07-09,5593.25,5593.25,4092.38,1500.87,0.0,0,Cash,Paid
LP0000109,L000084,2020-08-09,5593.25,0.0,0.0,0.0,0.0,0,Credit Card,Pending
LP0000602,L000084,2020-09-09,5593.25,0.0,0.0,0.0,0.0,0,Debit Card,Missed
LP0001092,L000085,2023-05-27,6006.96,6006.96,3597.06,2409.9,0.0,0,Auto Debit,Paid
LP0000555,L000085,2023-06-27,6006.96,6006.96,3408.13,2598.83,0.0,0,Bank Transfer,Paid
LP0001792,L000085,2023-07-27,6006.96,6006.96,4038.48,1788.27,180.21,32,Bank Transfer,Late
LP0000709,L000085,2023-08-27,6006.96,6006.96,3383.74,2443.01,180.21,18,Debit Card,Late
LP0000364,L000085,2023-09-27,6006.96,6006.96,3416.3,2590.66,0.0,0,Debit Card,Paid
LP0000689,L000085,2023-10-27,6006.96,6006.96,4475.19,1531.77,0.0,0,Cheque,Paid
LP0000660,L000085,2023-11-27,6006.96,0.0,0.0,0.0,0.0,0,Debit Card,Missed
LP0001604,L000085,2023-12-27,6006.96,6006.96,3926.62,1900.13,180.21,35,Cash,Late
LP0001901,L000086,2022-08-11,6058.46,310795.04,308877.01,1918.03,0.0,0,Online Banking,Paid
LP0001469,L000086,2022-09-11,6058.46,0.0,0.0,0.0,0.0,0,Credit Card,Pending
LP0000056,L000086,2022-10-11,6058.46,6058.46,4447.76,1610.7,0.0,0,Auto Debit,Paid
LP0000345,L000087,2024-01-23,2353.34,2353.34,1484.74,798.0,70.6,13,Bank Transfer,Late
LP0000183,L000087,2024-02-23,2353.34,0.0,0.0,0.0,0.0,0,Debit Card,Missed
LP0001075,L000087,2024-03-23,2353.34,0.0,0.0,0.0,0.0,0,Credit Card,Pending
LP0000620,L000087,2024-04-23,2353.34,0.0,0.0,0.0,0.0,0,Cheque,Missed
LP0001583,L000087,2024-05-23,2353.34,0.0,0.0,0.0,0.0,0,Online Banking,Pending
LP0001197,L000087,2024-06-23,2353.34,0.0,0.0,0.0,0.0,0,Cheque,Pending
LP0001752,L000087,2024-07-23,2353.34,0.0,0.0,0.0,0.0,0,Bank Transfer,Missed
LP0000683,L000088,2022-11-10,4516.61,4516.61,2432.91,1948.2,135.5,40,Credit Card,Late
LP0000611,L000088,2022-12-10,4516.61,0.0,0.0,0.0,0.0,0,Credit Card,Pending
LP0000661,L000088,2023-01-10,4516.61,0.0,0.0,0.0,0.0,0,Cash,Missed
LP0000474,L000088,2023-02-10,4516.61,4516.61,3266.21,1114.9,135.5,42,Cheque,Late
LP0001068,L000088,2023-03-10,4516.61,0.0,0.0,0.0,0.0,0,Debit Card,Pending
LP0000972,L000088,2023-04-10,4516.61,0.0,0.0,0.0,0.0,0,Credit Card,Pending
LP0001723,L000088,2023-05-10,4516.61,0.0,0.0,0.0,0.0,0,Cash,Pending
LP0001409,L000088,2023-06-10,4516.61,4516.61,2949.41,1431.7,135.5,7,Cheque,Late
LP0000368,L000088,2023-07-10,4516.61,4516.61,3174.34,1206.77,135.5,29,Debit Card,Late
LP0000583,L000089,2022-01-04,2998.73,2998.73,1719.11,1189.66,89.96,5,Bank Transfer,Late
LP0000060,L000089,2022-02-04,2998.73,0.0,0.0,0.0,0.0,0,Auto Debit,Missed
LP0000305,L000089,2022-03-04,2998.73,2998.73,1987.81,920.96,89.96,44,Debit Card,Late
LP0001506,L000089,2022-04-04,2998.73,2998.73,1983.04,925.73,89.96,37,Bank Transfer,Late
LP0001794,L000089,2022-05-04,2998.73,2998.73,1929.41,979.36,89.96,38,Cheque,Late
LP0000435,L000089,2022-06-04,2998.73,2998.73,1934.79,973.98,89.96,37,Cheque,Late
LP0000243,L000089,2022-07-04,2998.73,0.0,0.0,0.0,0.0,0,Bank Transfer,Missed
LP0001914,L000089,2022-08-04,2998.73,0.0,0.0,0.0,0.0,0,Debit Card,Pending
LP0001669,L000090,2023-12-16,1373.29,1373.29,832.69,540.6,0.0,0,Debit Card,Paid
LP0000114,L000090,2024-01-16,1373.29,0.0,0.0,0.0,0.0,0,Cash,Missed
LP0000558,L000090,2024-02-16,1373.29,1373.29,865.77,507.52,0.0,0,Cheque,Paid
LP0001063,L000090,2024-03-16,1373.29,1373.29,851.24,480.85,41.2,2,Debit Card,Late
LP0001321,L000090,2024-04-16,1373.29,1373.29,907.62,465.67,0.0,0,Cheque,Paid
LP0000547,L000090,2024-05-16,1373.29,0.0,0.0,0.0,0.0,0,Cheque,Pending
LP0000542,L000091,2021-08-06,220.05,0.0,0.0,0.0,0.0,0,Bank Transfer,Missed
LP0001996,L000091,2021-09-06,220.05,16957.58,16867.96,89.62,0.0,0,Cheque,Paid
LP0000752,L000091,2021-10-06,220.05,0.0,0.0,0.0,0.0,0,Cash,Pending
LP0001712,L000091,2021-11-06,220.05,17893.06,17811.76,81.3,0.0,0,Bank Transfer,Paid
LP0000128,L000091,2021-12-06,220.05,220.05,132.19,87.86,0.0,0,Debit Card,Paid
LP0001290,L000092,2021-06-19,2074.86,39861.74,39259.94,601.8,0.0,0,Credit Card,Paid
LP0001920,L000092,2021-07-19,2074.86,34815.49,34016.97,736.27,62.25,36,Bank Transfer,Late
LP0000698,L000092,2021-08-19,2074.86,0.0,0.0,0.0,0.0,0,Auto Debit,Missed
LP0001588,L000092,2021-09-19,2074.86,31042.6,30097.0,883.35,62.25,8,Cash,Late
LP0001334,L000092,2021-10-19,2074.86,33731.18,32890.39,840.79,0.0,0,Cheque,Paid
LP0000813,L000092,2021-11-19,2074.86,39252.56,38672.72,579.84,0.0,0,Credit Card,Paid
LP0001163,L000092,2021-12-19,2074.86,2074.86,1172.5,902.36,0.0,0,Cash,Paid
LP0001841,L000093,2020-07-11,11601.28,11601.28,7911.23,3342.01,348.04,44,Debit Card,Late
LP0001571,L000093,2020-08-11,11601.28,0.0,0.0,0.0,0.0,0,Bank Transfer,Missed
LP0000966,L000093,2020-09-11,11601.28,11601.28,6771.59,4829.69,0.0,0,Cash,Paid
LP0001815,L000093,2020-10-11,11601.28,11601.28,7730.79,3522.45,348.04,16,Debit Card,Late
LP0001679,L000093,2020-11-11,11601.28,11601.28,7932.62,3668.66,0.0,0,Cash,Paid
LP0001328,L000093,2020-12-11,11601.28,11601.28,6715.63,4885.65,0.0,0,Cash,Paid
LP0000444,L000093,2021-01-11,11601.28,0.0,0.0,0.0,0.0,0,Bank Transfer,Pending
LP0000667,L000094,2023-06-18,2952.92,2952.92,2026.37,837.96,88.59,29,Cheque,Late
LP0001877,L000094,2023-07-18,2952.92,2952.92,2102.44,850.48,0.0,0,Debit Card,Paid
LP0000283,L000094,2023-08-18,2952.92,2952.92,2208.67,744.25,0.0,0,Bank Transfer,Paid
LP0000973,L000094,2023-09-18,2952.92,0.0,0.0,0.0,0.0,0,Auto Debit,Missed
LP0001762,L000094,2023-10-18,2952.92,2952.92,1710.94,1241.98,0.0,0,Debit Card,Paid
LP0000220,L000094,2023-11-18,2952.92,2952.92,1911.92,1041.0,0.0,0,Cheque,Paid
LP0001053,L000094,2023-12-18,2952.92,0.0,0.0,0.0,0.0,0,Debit Card,Missed
LP0000147,L000095,2023-04-05,519.28,519.28,320.95,198.33,0.0,0,Online Banking,Paid
LP0001677,L000095,2023-05-05,519.28,519.28,375.77,127.93,15.58,1,Online Banking,Late
LP0001436,L000095,2023-06-05,519.28,0.0,0.0,0.0,0.0,0,Debit Card,Missed
LP0001923,L000095,2023-07-05,519.28,519.28,372.04,131.66,15.58,22,Debit Card,Late
LP0000943,L000095,2023-08-05,519.28,0.0,0.0,0.0,0.0,0,Credit Card,Pending
LP0001584,L000095,2023-09-05,519.28,519.28,359.47,159.81,0.0,0,Debit Card,Paid
LP0000836,L000095,2023-10-05,519.28,0.0,0.0,0.0,0.0,0,Cheque,Pending
LP0001802,L000095,2023-11-05,519.28,0.0,0.0,0.0,0.0,0,Cash,Missed
LP0001169,L000095,2023-12-05,519.28,0.0,0.0,0.0,0.0,0,Debit Card,Missed
LP0001372,L000096,2023-07-06,36422.16,0.0,0.0,0.0,0.0,0,Bank Transfer,Pending
LP0000442,L000096,2023-08-06,36422.16,0.0,0.0,0.0,0.0,0,Bank Transfer,Missed
LP0000020,L000096,2023-09-06,36422.16,0.0,0.0,0.0,0.0,0,Cash,Pending
LP0001785,L000096,2023-10-06,36422.16,36422.16,26787.74,9634.42,0.0,0,Bank Transfer,Paid
LP0000461,L000096,2023-11-06,36422.16,0.0,0.0,0.0,0.0,0,Credit Card,Pending
LP0000272,L000096,2023-12-06,36422.16,36422.16,21041.61,14287.89,1092.66,32,Debit Card,Late
LP0001869,L000097,2020-08-09,4870.07,13353.09,11626.3,1726.79,0.0,0,Online Banking,Paid
LP0000488,L000097,2020-09-09,4870.07,12730.94,10773.62,1957.32,0.0,0,Bank Transfer,Paid
LP0001667,L000097,2020-10-09,4870.07,12316.08,10205.04,1964.94,146.1,29,Cash,Late
LP0000316,L000097,2020-11-09,4870.07,0.0,0.0,0.0,0.0,0,Credit Card,Pending
LP0000410,L000097,2020-12-09,4870.07,13112.9,11297.11,1815.79,0.0,0,Debit Card,Paid
LP0001984,L000097,2021-01-09,4870.07,13504.33,11833.58,1670.75,0.0,0,Bank Transfer,Paid
LP0001546,L000097,2021-02-09,4870.07,0.0,0.0,0.0,0.0,0,Credit Card,Pending
LP0001036,L000097,2021-03-09,4870.07,23819.93,22563.51,1256.42,0.0,0,Debit Card,Paid
LP0001408,L000097,2021-04-09,4870.07,14180.4,12760.16,1274.14,146.1,44,Cash,Late
LP0001122,L000097,2021-05-09,4870.07,0.0,0.0,0.0,0.0,0,Credit Card,Pending
LP0000858,L000097,2021-06-09,4870.07,12224.49,10079.51,1998.88,146.1,11,Cheque,Late
LP0000544,L000097,2021-07-09,4870.07,4870.07,2812.19,2057.88,0.0,0,Cheque,Paid
LP0000092,L000098,2021-06-19,1406.06,28410.18,28041.97,368.21,0.0,0,Debit Card,Paid
LP0000540,L000098,2021-07-19,1406.06,0.0,0.0,0.0,0.0,0,Debit Card,Pending
LP0001999,L000098,2021-08-19,1406.06,0.0,0.0,0.0,0.0,0,Debit Card,Missed
LP0001928,L000098,2021-09-19,1406.06,23226.94,22629.0,555.76,42.18,2,Credit Card,Late
LP0000630,L000098,2021-10-19,1406.06,0.0,0.0,0.0,0.0,0,Cash,Missed
LP0000138,L000098,2021-11-19,1406.06,1406.06,1019.94,386.12,0.0,0,Cash,Paid
LP0001093,L000099,2020-05-20,1472.84,25655.64,25655.64,0.0,0.0,0,Auto Debit,Paid
LP0000567,L000099,2020-06-20,1472.84,25655.64,25655.64,0.0,0.0,0,Cash,Paid
LP0001927,L000099,2020-07-20,1472.84,25655.64,25655.64,0.0,0.0,0,Debit Card,Paid
LP0001280,L000099,2020-08-20,1472.84,25655.64,25655.64,0.0,0.0,0,Cheque,Paid
LP0000871,L000099,2020-09-20,1472.84,25655.64,25655.64,0.0,0.0,0,Bank Transfer,Paid
LP0000172,L000099,2020-10-20,1472.84,25655.64,25655.64,0.0,0.0,0,Cash,Paid
LP0000034,L000099,2020-11-20,1472.84,25655.64,25655.64,0.0,0.0,0,Credit Card,Paid
LP0000313,L000099,2020-12-20,1472.84,25655.64,25655.64,0.0,0.0,0,Bank Transfer,Paid
LP0000308,L000099,2021-01-20,1472.84,25655.64,25655.64,0.0,0.0,0,Debit Card,Paid
LP0000561,L000099,2021-02-20,1472.84,25655.65,25655.65,0.0,0.0,0,Cash,Paid
LP0000270,L000100,2021-12-26,5125.11,5125.11,3260.78,1710.58,153.75,42,Debit Card,Late
LP0001645,L000100,2022-01-26,5125.11,0.0,0.0,0.0,0.0,0,Debit Card,Pending
LP0001566,L000100,2022-02-26,5125.11,5125.11,2929.67,2041.69,153.75,42,Cheque,Late
LP0001555,L000100,2022-03-26,5125.11,0.0,0.0,0.0,0.0,0,Bank Transfer,Missed
LP0001441,L000100,2022-04-26,5125.11,0.0,0.0,0.0,0.0,0,Bank Transfer,Pending
LP0000367,L000100,2022-05-26,5125.11,5125.11,2790.86,2180.5,153.75,35,Cheque,Late
LP0000438,L000100,2022-06-26,5125.11,5125.11,3712.15,1259.21,153.75,5,Cash,Late
LP0000650,L000101,2023-05-20,3209.23,0.0,0.0,0.0,0.0,0,Bank Transfer,Pending
LP0001120,L000101,2023-06-20,3209.23,3209.23,1955.45,1157.5,96.28,5,Debit Card,Late
LP0000593,L000101,2023-07-20,3209.23,3209.23,1834.73,1278.22,96.28,9,Cash,Late
LP0000768,L000101,2023-08-20,3209.23,3209.23,1904.77,1304.46,0.0,0,Debit Card,Paid
LP0001083,L000101,2023-09-20,3209.23,0.0,0.0,0.0,0.0,0,Debit Card,Pending
LP0001618,L000101,2023-10-20,3209.23,0.0,0.0,0.0,0.0,0,Cash,Pending
LP0001309,L000101,2023-11-20,3209.23,0.0,0.0,0.0,0.0,0,Cheque,Pending
LP0001746,L000102,2023-04-05,12677.81,0.0,0.0,0.0,0.0,0,Bank Transfer,Pending
LP0001368,L000102,2023-05-05,12677.81,0.0,0.0,0.0,0.0,0,Bank Transfer,Pending
LP0000390,L000102,2023-06-05,12677.81,12677.81,9157.32,3520.49,0.0,0,Bank Transfer,Paid
LP0001732,L000103,2020-07-07,1735.7,1735.7,957.95,725.68,52.07,3,Debit Card,Late
LP0000742,L000103,2020-08-07,1735.7,0.0,0.0,0.0,0.0,0,Auto Debit,Missed
LP0001086,L000103,2020-09-07,1735.7,0.0,0.0,0.0,0.0,0,Cash,Pending
LP0000116,L000103,2020-10-07,1735.7,1735.7,1205.62,478.01,52.07,10,Debit Card,Late
LP0000214,L000103,2020-11-07,1735.7,0.0,0.0,0.0,0.0,0,Debit Card,Missed
LP0001220,L000104,2023-03-07,517.72,0.0,0.0,0.0,0.0,0,Online Banking,Missed
LP0000676,L000104,2023-04-07,517.72,0.0,0.0,0.0,0.0,0,Bank Transfer,Missed
LP0001795,L000104,2023-05-07,517.72,0.0,0.0,0.0,0.0,0,Cheque,Missed
LP0000626,L000104,2023-06-07,517.72,0.0,0.0,0.0,0.0,0,Credit Card,Missed
LP0001591,L000104,2023-07-07,517.72,517.72,293.44,224.28,0.0,0,Cheque,Paid
LP0000496,L000104,2023-08-07,517.72,517.72,346.71,155.48,15.53,37,Cheque,Late
LP0001697,L000104,2023-09-07,517.72,0.0,0.0,0.0,0.0,0,Bank Transfer,Missed
LP0000285,L000104,2023-10-07,517.72,517.72,347.62,154.57,15.53,32,Bank Transfer,Late
LP0001288,L000105,2023-10-06,1404.63,143322.13,142787.31,534.82,0.0,0,Bank Transfer,Paid
LP0000762,L000105,2023-11-06,1404.63,0.0,0.0,0.0,0.0,0,Cheque,Pending
LP0001724,L000105,2023-12-06,1404.63,1404.63,876.95,527.68,0.0,0,Online Banking,Paid
LP0000749,L000106,2023-10-25,3654.36,121683.37,120176.69,1506.68,0.0,0,Credit Card,Paid
LP0000805,L000106,2023-11-25,3654.36,0.0,0.0,0.0,0.0,0,Debit Card,Pending
LP0000035,L000106,2023-12-25,3654.36,0.0,0.0,0.0,0.0,0,Credit Card,Missed
LP0001326,L000106,2024-01-25,3654.36,0.0,0.0,0.0,0.0,0,Auto Debit,Pending
LP0001731,L000106,2024-02-25,3654.36,0.0,0.0,0.0,0.0,0,Cheque,Missed
LP0001228,L000106,2024-03-25,3654.36,113866.36,112217.44,1539.29,109.63,27,Online Banking,Late
LP0001094,L000106,2024-04-25,3654.36,130589.07,129244.44,1344.63,0.0,0,Cash,Paid
LP0001510,L000107,2023-04-22,36946.9,36946.9,20904.35,14934.14,1108.41,24,Bank Transfer,Late
LP0000353,L000107,2023-05-22,36946.9,36946.9,21966.6,13871.89,1108.41,30,Bank Transfer,Late
LP0000946,L000107,2023-06-22,36946.9,36946.9,25105.94,10732.55,1108.41,42,Cash,Late
LP0001620,L000107,2023-07-22,36946.9,36946.9,24408.66,11429.83,1108.41,3,Cash,Late
LP0001548,L000107,2023-08-22,36946.9,0.0,0.0,0.0,0.0,0,Bank Transfer,Missed
LP0000792,L000107,2023-09-22,36946.9,36946.9,26103.43,10843.47,0.0,0,Credit Card,Paid
LP0000240,L000107,2023-10-22,36946.9,0.0,0.0,0.0,0.0,0,Bank Transfer,Pending
LP0001989,L000107,2023-11-22,36946.9,36946.9,26677.39,10269.51,0.0,0,Debit Card,Paid
LP0001028,L000108,2023-06-26,2078.35,24491.92,23872.82,619.1,0.0,0,Bank Transfer,Paid
LP0001399,L000108,2023-07-26,2078.35,20673.2,19805.48,867.72,0.0,0,Bank Transfer,Paid
LP0001803,L000108,2023-08-26,2078.35,0.0,0.0,0.0,0.0,0,Debit Card,Pending
LP0001925,L000108,2023-09-26,2078.35,0.0,0.0,0.0,0.0,0,Debit Card,Pending
LP0000512,L000108,2023-10-26,2078.35,22409.92,21655.27,692.3,62.35,41,Cash,Late
LP0001348,L000108,2023-11-26,2078.35,0.0,0.0,0.0,0.0,0,Bank Transfer,Pending
LP0001275,L000108,2023-12-26,2078.35,25769.99,25234.1,535.89,0.0,0,Cheque,Paid
LP0001998,L000109,2021-07-25,7250.25,0.0,0.0,0.0,0.0,0,Debit Card,Pending
LP0000418,L000109,2021-08-25,7250.25,15057.99,9928.06,5129.93,0.0,0,Debit Card,Paid
LP0001728,L000109,2021-09-25,7250.25,15057.99,8416.15,6641.84,0.0,0,Bank Transfer,Paid
LP0000241,L000110,2020-11-23,6192.81,28483.74,15860.28,11768.95,854.51,1,Cheque,Late
LP0000552,L000110,2020-12-23,6192.81,0.0,0.0,0.0,0.0,0,Bank Transfer,Pending
LP0001867,L000110,2021-01-23,6192.81,0.0,0.0,0.0,0.0,0,Cash,Missed
LP0001605,L000110,2021-02-23,6192.81,28483.74,16233.09,11396.14,854.51,41,Auto Debit,Late
LP0001082,L000110,2021-03-23,6192.81,28483.74,17707.67,10776.07,0.0,0,Auto Debit,Paid
LP0000295,L000111,2022-04-10,2023.38,0.0,0.0,0.0,0.0,0,Cash,Pending
LP0000021,L000111,2022-05-10,2023.38,0.0,0.0,0.0,0.0,0,Cheque,Pending
LP0001011,L000111,2022-06-10,2023.38,0.0,0.0,0.0,0.0,0,Credit Card,Missed
LP0001336,L000111,2022-07-10,2023.38,2023.38,1324.55,638.13,60.7,26,Online Banking,Late
LP0000632,L000111,2022-08-10,2023.38,2023.38,1382.85,640.53,0.0,0,Bank Transfer,Paid
LP0001690,L000111,2022-09-10,2023.38,0.0,0.0,0.0,0.0,0,Debit Card,Missed
LP0001229,L000111,2022-10-10,2023.38,0.0,0.0,0.0,0.0,0,Bank Transfer,Pending
LP0001865,L000111,2022-11-10,2023.38,0.0,0.0,0.0,0.0,0,Cheque,Pending
LP0001297,L000111,2022-12-10,2023.38,0.0,0.0,0.0,0.0,0,Cash,Pending
LP0000171,L000112,2023-07-02,5828.26,5828.26,4093.99,1559.42,174.85,14,Cash,Late
LP0000996,L000112,2023-08-02,5828.26,0.0,0.0,0.0,0.0,0,Cash,Missed
LP0000164,L000112,2023-09-02,5828.26,5828.26,3674.61,1978.8,174.85,21,Cheque,Late
LP0001395,L000112,2023-10-02,5828.26,5828.26,4089.37,1564.04,174.85,33,Bank Transfer,Late
LP0001915,L000112,2023-11-02,5828.26,0.0,0.0,0.0,0.0,0,Debit Card,Pending
LP0000136,L000112,2023-12-02,5828.26,0.0,0.0,0.0,0.0,0,Debit Card,Missed
LP0001514,L000113,2024-01-23,30748.59,0.0,0.0,0.0,0.0,0,Debit Card,Missed
LP0001317,L000113,2024-02-23,30748.59,0.0,0.0,0.0,0.0,0,Cheque,Pending
LP0000163,L000113,2024-03-23,30748.59,0.0,0.0,0.0,0.0,0,Debit Card,Pending
LP0001632,L000113,2024-04-23,30748.59,173947.72,164566.68,9381.04,0.0,0,Cash,Paid
LP0000994,L000113,2024-05-23,30748.59,0.0,0.0,0.0,0.0,0,Cheque,Missed
LP0002000,L000113,2024-06-23,30748.59,0.0,0.0,0.0,0.0,0,Cash,Missed
LP0000573,L000113,2024-07-23,30748.59,161076.07,152582.15,7571.46,922.46,32,Bank Transfer,Late
LP0000640,L000113,2024-08-23,30748.59,30748.59,18816.88,11931.71,0.0,0,Bank Transfer,Paid
LP0001568,L000114,2022-12-05,1768.2,1768.2,1050.49,717.71,0.0,0,Credit Card,Paid
LP0000860,L000114,2023-01-05,1768.2,0.0,0.0,0.0,0.0,0,Cheque,Pending
LP0000422,L000114,2023-02-05,1768.2,0.0,0.0,0.0,0.0,0,Online Banking,Pending
LP0001954,L000114,2023-03-05,1768.2,1768.2,1211.5,503.65,53.05,19,Cash,Late
LP0000652,L000114,2023-04-05,1768.2,1768.2,987.88,727.27,53.05,38,Bank Transfer,Late
LP0001812,L000114,2023-05-05,1768.2,0.0,0.0,0.0,0.0,0,Cheque,Missed
LP0000617,L000114,2023-06-05,1768.2,0.0,0.0,0.0,0.0,0,Cash,Pending
LP0000360,L000115,2022-07-19,4484.17,0.0,0.0,0.0,0.0,0,Bank Transfer,Pending
LP0001365,L000115,2022-08-19,4484.17,0.0,0.0,0.0,0.0,0,Bank Transfer,Missed
LP0001525,L000115,2022-09-19,4484.17,4484.17,3096.49,1387.68,0.0,0,Credit Card,Paid
LP0000562,L000115,2022-10-19,4484.17,0.0,0.0,0.0,0.0,0,Auto Debit,Missed
LP0001443,L000115,2022-11-19,4484.17,4484.17,3326.37,1157.8,0.0,0,Credit Card,Paid
LP0000213,L000116,2024-01-08,2274.41,94265.59,93536.64,660.72,68.23,27,Credit Card,Late
LP0001553,L000116,2024-02-08,2274.41,2274.41,1667.85,606.56,0.0,0,Cheque,Paid
LP0000997,L000117,2020-06-20,323.09,323.09,205.85,117.24,0.0,0,Debit Card,Paid
LP0000678,L000117,2020-07-20,323.09,323.09,221.63,101.46,0.0,0,Bank Transfer,Paid
LP0000473,L000117,2020-08-20,323.09,323.09,181.35,141.74,0.0,0,Online Banking,Paid
LP0001209,L000117,2020-09-20,323.09,0.0,0.0,0.0,0.0,0,Cash,Missed
LP0001627,L000117,2020-10-20,323.09,323.09,199.57,113.83,9.69,34,Debit Card,Late
LP0001808,L000117,2020-11-20,323.09,0.0,0.0,0.0,0.0,0,Cash,Pending
LP0001958,L000117,2020-12-20,323.09,323.09,191.18,131.91,0.0,0,Bank Transfer,Paid
LP0001486,L000117,2021-01-20,323.09,323.09,198.96,124.13,0.0,0,Credit Card,Paid
LP0001817,L000118,2022-09-04,2781.68,2781.68,1493.66,1204.57,83.45,4,Bank Transfer,Late
LP0000978,L000118,2022-10-04,2781.68,0.0,0.0,0.0,0.0,0,Online Banking,Missed
LP0000892,L000118,2022-11-04,2781.68,2781.68,1519.42,1178.81,83.45,40,Cheque,Late
LP0001921,L000118,2022-12-04,2781.68,0.0,0.0,0.0,0.0,0,Cheque,Pending
LP0000504,L000118,2023-01-04,2781.68,2781.68,1729.13,969.1,83.45,1,Credit Card,Late
LP0000350,L000118,2023-02-04,2781.68,2781.68,1689.82,1091.86,0.0,0,Credit Card,Paid
LP0001617,L000118,2023-03-04,2781.68,0.0,0.0,0.0,0.0,0,Bank Transfer,Pending
LP0000486,L000119,2022-08-19,10570.14,0.0,0.0,0.0,0.0,0,Credit Card,Missed
LP0000112,L000119,2022-09-19,10570.14,10570.14,7191.03,3379.11,0.0,0,Debit Card,Paid
LP0001225,L000119,2022-10-19,10570.14,0.0,0.0,0.0,0.0,0,Online Banking,Pending
LP0000069,L000119,2022-11-19,10570.14,0.0,0.0,0.0,0.0,0,Credit Card,Pending
LP0001055,L000119,2022-12-19,10570.14,10570.14,7488.42,2764.62,317.1,14,Debit Card,Late
LP0001957,L000119,2023-01-19,10570.14,0.0,0.0,0.0,0.0,0,Cheque,Pending
LP0001112,L000119,2023-02-19,10570.14,10570.14,6834.96,3735.18,0.0,0,Bank Transfer,Paid
LP0000156,L000119,2023-03-19,10570.14,10570.14,6471.14,3781.9,317.1,17,Credit Card,Late
LP0000507,L000119,2023-04-19,10570.14,0.0,0.0,0.0,0.0,0,Credit Card,Missed
LP0000229,L000119,2023-05-19,10570.14,0.0,0.0,0.0,0.0,0,Cash,Pending
LP0000132,L000120,2023-02-28,3623.32,0.0,0.0,0.0,0.0,0,Credit Card,Pending
LP0000733,L000120,2023-03-30,3623.32,0.0,0.0,0.0,0.0,0,Credit Card,Pending
LP0001773,L000120,2023-04-30,3623.32,0.0,0.0,0.0,0.0,0,Cheque,Pending
LP0000722,L000120,2023-05-30,3623.32,3623.32,2359.14,1264.18,0.0,0,Cash,Paid
LP0000017,L000120,2023-06-30,3623.32,0.0,0.0,0.0,0.0,0,Debit Card,Pending
LP0001655,L000121,2022-06-25,5062.99,0.0,0.0,0.0,0.0,0,Debit Card,Missed
LP0001268,L000121,2022-07-25,5062.99,5062.99,2833.03,2078.07,151.89,11,Cheque,Late
LP0000177,L000121,2022-08-25,5062.99,5062.99,3490.3,1420.8,151.89,41,Online Banking,Late
LP0001424,L000121,2022-09-25,5062.99,5062.99,3003.25,1907.85,151.89,25,Cheque,Late
LP0001139,L000121,2022-10-25,5062.99,5062.99,2796.29,2114.81,151.89,23,Cash,Late
LP0000023,L000121,2022-11-25,5062.99,5062.99,2859.89,2051.21,151.89,28,Cash,Late
LP0000877,L000121,2022-12-25,5062.99,0.0,0.0,0.0,0.0,0,Bank Transfer,Pending
LP0000281,L000122,2021-07-07,4485.9,4485.9,3079.58,1271.74,134.58,25,Cash,Late
LP0000374,L000122,2021-08-07,4485.9,4485.9,2757.17,1594.15,134.58,24,Credit Card,Late
LP0000192,L000122,2021-09-07,4485.9,4485.9,3176.49,1309.41,0.0,0,Debit Card,Paid
LP0001847,L000122,2021-10-07,4485.9,0.0,0.0,0.0,0.0,0,Bank Transfer,Missed
LP0001054,L000122,2021-11-07,4485.9,4485.9,2484.2,1867.12,134.58,22,Credit Card,Late
LP0001937,L000122,2021-12-07,4485.9,4485.9,2670.41,1680.91,134.58,3,Cheque,Late
LP0000947,L000122,2022-01-07,4485.9,0.0,0.0,0.0,0.0,0,Online Banking,Missed
LP0001079,L000123,2023-05-13,7237.0,0.0,0.0,0.0,0.0,0,Auto Debit,Pending
LP0000915,L000123,2023-06-13,7237.0,0.0,0.0,0.0,0.0,0,Cheque,Missed
LP0000730,L000123,2023-07-13,7237.0,0.0,0.0,0.0,0.0,0,Bank Transfer,Missed
LP0000609,L000123,2023-08-13,7237.0,0.0,0.0,0.0,0.0,0,Auto Debit,Missed
LP0001189,L000123,2023-09-13,7237.0,0.0,0.0,0.0,0.0,0,Cash,Missed
LP0001882,L000124,2021-01-24,42226.56,452853.11,434383.68,18469.43,0.0,0,Cash,Paid
LP0000887,L000124,2021-02-24,42226.56,0.0,0.0,0.0,0.0,0,Cash,Missed
LP0000394,L000124,2021-03-24,42226.56,0.0,0.0,0.0,0.0,0,Cheque,Missed
LP0001910,L000124,2021-04-24,42226.56,42226.56,27304.49,14922.07,0.0,0,Cheque,Paid
LP0000197,L000125,2021-04-20,1867.37,46358.13,46358.13,0.0,0.0,0,Debit Card,Paid
LP0000326,L000125,2021-05-20,1867.37,46358.13,46358.13,0.0,0.0,0,Cash,Paid
LP0001342,L000125,2021-06-20,1867.37,46358.13,46358.13,0.0,0.0,0,Debit Card,Paid
LP0000695,L000125,2021-07-20,1867.37,46358.13,46358.13,0.0,0.0,0,Auto Debit,Paid
LP0000167,L000125,2021-08-20,1867.37,46358.13,46358.13,0.0,0.0,0,Debit Card,Paid
LP0000193,L000125,2021-09-20,1867.37,46358.11,46358.11,0.0,0.0,0,Debit Card,Paid
LP0001386,L000126,2021-07-29,1819.6,0.0,0.0,0.0,0.0,0,Credit Card,Missed
LP0000766,L000126,2021-08-29,1819.6,0.0,0.0,0.0,0.0,0,Cheque,Missed
LP0000312,L000126,2021-09-29,1819.6,1819.6,1082.73,682.28,54.59,10,Online Banking,Late
LP0000452,L000126,2021-10-29,1819.6,1819.6,1142.16,677.44,0.0,0,Cash,Paid
LP0000814,L000126,2021-11-29,1819.6,1819.6,1339.58,480.02,0.0,0,Auto Debit,Paid
LP0001508,L000127,2021-07-04,16192.47,16192.47,9278.17,6914.3,0.0,0,Cheque,Paid
LP0000341,L000127,2021-08-04,16192.47,16192.47,10052.38,5654.32,485.77,19,Bank Transfer,Late
LP0000483,L000127,2021-09-04,16192.47,16192.47,9800.83,6391.64,0.0,0,Debit Card,Paid
LP0000421,L000127,2021-10-04,16192.47,16192.47,9130.78,6575.92,485.77,6,Credit Card,Late
LP0000380,L000127,2021-11-04,16192.47,0.0,0.0,0.0,0.0,0,Bank Transfer,Missed
LP0000510,L000128,2023-09-24,3292.06,0.0,0.0,0.0,0.0,0,Cheque,Missed
LP0000358,L000128,2023-10-24,3292.06,3292.06,2151.52,1140.54,0.0,0,Cheque,Paid
LP0001976,L000128,2023-11-24,3292.06,0.0,0.0,0.0,0.0,0,Auto Debit,Pending
LP0000133,L000128,2023-12-24,3292.06,0.0,0.0,0.0,0.0,0,Bank Transfer,Pending
LP0000827,L000128,2024-01-24,3292.06,0.0,0.0,0.0,0.0,0,Bank Transfer,Missed
LP0000787,L000128,2024-02-24,3292.06,0.0,0.0,0.0,0.0,0,Cash,Missed
LP0001820,L000128,2024-03-24,3292.06,3292.06,2266.18,927.12,98.76,41,Cash,Late
LP0001200,L000128,2024-04-24,3292.06,0.0,0.0,0.0,0.0,0,Cash,Missed
LP0001593,L000128,2024-05-24,3292.06,3292.06,2369.88,922.18,0.0,0,Cash,Paid
LP0000824,L000129,2023-06-27,106.69,106.69,65.21,41.48,0.0,0,Bank Transfer,Paid
LP0001183,L000129,2023-07-27,106.69,0.0,0.0,0.0,0.0,0,Auto Debit,Missed
LP0001874,L000129,2023-08-27,106.69,0.0,0.0,0.0,0.0,0,Debit Card,Pending
LP0001662,L000129,2023-09-27,106.69,106.69,69.15,34.34,3.2,9,Cash,Late
LP0001412,L000129,2023-10-27,106.69,106.69,59.44,44.05,3.2,26,Cheque,Late
LP0001192,L000129,2023-11-27,106.69,106.69,60.04,43.45,3.2,18,Cash,Late
LP0000487,L000129,2023-12-27,106.69,106.69,73.77,29.72,3.2,27,Debit Card,Late
LP0001718,L000130,2021-02-09,5292.65,0.0,0.0,0.0,0.0,0,Cheque,Pending
LP0001983,L000130,2021-03-09,5292.65,5292.65,3156.26,1977.61,158.78,37,Debit Card,Late
LP0001434,L000130,2021-04-09,5292.65,0.0,0.0,0.0,0.0,0,Cash,Missed
LP0001241,L000130,2021-05-09,5292.65,0.0,0.0,0.0,0.0,0,Debit Card,Missed
LP0001810,L000130,2021-06-09,5292.65,0.0,0.0,0.0,0.0,0,Cash,Missed
LP0001417,L000130,2021-07-09,5292.65,5292.65,2975.0,2158.87,158.78,42,Cash,Late
LP0001040,L000130,2021-08-09,5292.65,0.0,0.0,0.0,0.0,0,Cheque,Pending
LP0001547,L000130,2021-09-09,5292.65,5292.65,3869.95,1422.7,0.0,0,Debit Card,Paid
LP0000823,L000130,2021-10-09,5292.65,5292.65,2991.43,2142.44,158.78,15,Cheque,Late
LP0000503,L000130,2021-11-09,5292.65,0.0,0.0,0.0,0.0,0,Cash,Missed
LP0000223,L000131,2023-11-10,6365.8,6365.8,3525.84,2839.96,0.0,0,Debit Card,Paid
LP0001505,L000131,2023-12-10,6365.8,6365.8,4421.01,1753.82,190.97,22,Cash,Late
LP0001832,L000131,2024-01-10,6365.8,0.0,0.0,0.0,0.0,0,Cash,Missed
LP0001516,L000131,2024-02-10,6365.8,0.0,0.0,0.0,0.0,0,Auto Debit,Pending
LP0001374,L000131,2024-03-10,6365.8,0.0,0.0,0.0,0.0,0,Cash,Pending
LP0000831,L000131,2024-04-10,6365.8,6365.8,4546.04,1819.76,0.0,0,Debit Card,Paid
LP0001523,L000131,2024-05-10,6365.8,6365.8,4670.49,1695.31,0.0,0,Cheque,Paid
LP0000757,L000131,2024-06-10,6365.8,6365.8,3624.16,2550.67,190.97,13,Cash,Late
LP0001545,L000131,2024-07-10,6365.8,6365.8,4344.67,1830.16,190.97,22,Cash,Late
LP0000964,L000131,2024-08-10,6365.8,6365.8,3936.25,2238.58,190.97,11,Bank Transfer,Late
LP0000648,L000131,2024-09-10,6365.8,0.0,0.0,0.0,0.0,0,Debit Card,Pending
LP0000366,L000131,2024-10-10,6365.8,6365.8,3856.48,2509.32,0.0,0,Credit Card,Paid
LP0000878,L000131,2024-11-10,6365.8,6365.8,3842.44,2332.39,190.97,3,Bank Transfer,Late
LP0001711,L000131,2024-12-10,6365.8,0.0,0.0,0.0,0.0,0,Bank Transfer,Missed
LP0000541,L000131,2025-01-10,6365.8,0.0,0.0,0.0,0.0,0,Auto Debit,Missed
LP0001109,L000132,2020-06-30,6070.79,0.0,0.0,0.0,0.0,0,Cheque,Missed
LP0000969,L000132,2020-07-30,6070.79,0.0,0.0,0.0,0.0,0,Debit Card,Pending
LP0000472,L000132,2020-08-30,6070.79,0.0,0.0,0.0,0.0,0,Cash,Pending
LP0001129,L000132,2020-09-30,6070.79,0.0,0.0,0.0,0.0,0,Cheque,Missed
LP0000592,L000132,2020-10-30,6070.79,6070.79,4129.96,1940.83,0.0,0,Debit Card,Paid
LP0000522,L000132,2020-11-30,6070.79,6070.79,3992.1,2078.69,0.0,0,Debit Card,Paid
LP0001289,L000132,2020-12-30,6070.79,6070.79,3991.57,2079.22,0.0,0,Online Banking,Paid
LP0000279,L000132,2021-01-30,6070.79,0.0,0.0,0.0,0.0,0,Debit Card,Missed
LP0001936,L000132,2021-02-28,6070.79,0.0,0.0,0.0,0.0,0,Cheque,Pending
LP0000246,L000133,2021-02-01,6173.42,6173.42,4365.55,1622.67,185.2,23,Cheque,Late
LP0001354,L000133,2021-03-01,6173.42,6173.42,4349.5,1638.72,185.2,2,Online Banking,Late
LP0001988,L000133,2021-04-01,6173.42,6173.42,4255.12,1733.1,185.2,43,Cheque,Late
LP0000563,L000133,2021-05-01,6173.42,0.0,0.0,0.0,0.0,0,Debit Card,Missed
LP0001091,L000134,2023-06-09,2816.09,2816.09,1717.53,1014.08,84.48,37,Cheque,Late
LP0001341,L000134,2023-07-09,2816.09,2816.09,1952.89,863.2,0.0,0,Online Banking,Paid
LP0000551,L000134,2023-08-09,2816.09,0.0,0.0,0.0,0.0,0,Cash,Missed
LP0001527,L000134,2023-09-09,2816.09,2816.09,2038.74,777.35,0.0,0,Debit Card,Paid
LP0001895,L000134,2023-10-09,2816.09,2816.09,1962.02,769.59,84.48,17,Bank Transfer,Late
LP0000003,L000134,2023-11-09,2816.09,2816.09,1705.41,1026.2,84.48,42,Credit Card,Late
LP0000999,L000134,2023-12-09,2816.09,0.0,0.0,0.0,0.0,0,Bank Transfer,Pending
LP0000402,L000134,2024-01-09,2816.09,2816.09,1711.02,1105.07,0.0,0,Debit Card,Paid
LP0000509,L000134,2024-02-09,2816.09,2816.09,1754.39,977.22,84.48,20,Cash,Late
LP0000261,L000135,2020-08-17,4043.8,0.0,0.0,0.0,0.0,0,Cash,Missed
LP0001276,L000135,2020-09-17,4043.8,11730.43,9901.0,1708.12,121.31,13,Bank Transfer,Late
LP0001970,L000135,2020-10-17,4043.8,0.0,0.0,0.0,0.0,0,Bank Transfer,Pending
LP0001340,L000135,2020-11-17,4043.8,0.0,0.0,0.0,0.0,0,Bank Transfer,Missed
LP0000429,L000135,2020-12-17,4043.8,0.0,0.0,0.0,0.0,0,Cheque,Pending
LP0000974,L000135,2021-01-17,4043.8,12322.21,10663.26,1537.64,121.31,32,Cash,Late
LP0000857,L000135,2021-02-17,4043.8,14307.14,13220.01,1087.13,0.0,0,Bank Transfer,Paid
LP0000872,L000135,2021-03-17,4043.8,0.0,0.0,0.0,0.0,0,Auto Debit,Missed
LP0001194,L000135,2021-04-17,4043.8,12497.97,10889.65,1608.32,0.0,0,Cash,Paid
LP0000601,L000136,2021-01-17,26014.3,26014.3,16746.87,9267.43,0.0,0,Auto Debit,Paid
LP0000837,L000136,2021-02-17,26014.3,0.0,0.0,0.0,0.0,0,Cheque,Missed
LP0000293,L000136,2021-03-17,26014.3,0.0,0.0,0.0,0.0,0,Bank Transfer,Missed
LP0001631,L000136,2021-04-17,26014.3,26014.3,16843.63,9170.67,0.0,0,Debit Card,Paid
LP0001413,L000136,2021-05-17,26014.3,0.0,0.0,0.0,0.0,0,Credit Card,Pending
LP0000387,L000136,2021-06-17,26014.3,0.0,0.0,0.0,0.0,0,Debit Card,Pending
LP0000357,L000136,2021-07-17,26014.3,0.0,0.0,0.0,0.0,0,Auto Debit,Pending
LP0001234,L000136,2021-08-17,26014.3,26014.3,16262.51,8971.36,780.43,17,Bank Transfer,Late
LP0001993,L000137,2021-05-20,1487.96,0.0,0.0,0.0,0.0,0,Cash,Pending
LP0001943,L000137,2021-06-20,1487.96,0.0,0.0,0.0,0.0,0,Credit Card,Missed
LP0000199,L000137,2021-07-20,1487.96,1487.96,981.22,462.1,44.64,42,Credit Card,Late
LP0000807,L000137,2021-08-20,1487.96,1487.96,925.49,517.83,44.64,13,Cash,Late
LP0000289,L000137,2021-09-20,1487.96,0.0,0.0,0.0,0.0,0,Debit Card,Missed
LP0000784,L000137,2021-10-20,1487.96,1487.96,1058.79,384.53,44.64,16,Bank Transfer,Late
LP0001849,L000137,2021-11-20,1487.96,0.0,0.0,0.0,0.0,0,Debit Card,Missed
LP0000502,L000137,2021-12-20,1487.96,0.0,0.0,0.0,0.0,0,Cheque,Missed
LP0000351,L000138,2022-01-19,1511.97,1511.97,1068.2,443.77,0.0,0,Cash,Paid
LP0001179,L000138,2022-02-19,1511.97,0.0,0.0,0.0,0.0,0,Bank Transfer,Pending
LP0001919,L000138,2022-03-19,1511.97,0.0,0.0,0.0,0.0,0,Cash,Pending
LP0000516,L000138,2022-04-19,1511.97,0.0,0.0,0.0,0.0,0,Debit Card,Pending
LP0001626,L000138,2022-05-19,1511.97,1511.97,815.91,650.7,45.36,38,Bank Transfer,Late
LP0001800,L000139,2023-05-16,33967.38,75470.88,65324.69,9127.17,1019.02,28,Cheque,Late
LP0000302,L000139,2023-06-16,33967.38,72411.9,60509.99,10882.89,1019.02,11,Debit Card,Late
LP0000895,L000139,2023-07-16,33967.38,68536.78,54410.72,14126.06,0.0,0,Online Banking,Paid
LP0000694,L000139,2023-08-16,33967.38,74837.84,64328.31,9490.51,1019.02,20,Debit Card,Late
LP0001207,L000139,2023-09-16,33967.38,0.0,0.0,0.0,0.0,0,Cash,Pending
LP0001687,L000139,2023-10-16,33967.38,76761.63,67356.27,8386.34,1019.02,8,Bank Transfer,Late
LP0000841,L000139,2023-11-16,33967.38,77329.72,68250.42,9079.3,0.0,0,Cheque,Paid
LP0001893,L000140,2022-09-22,20649.95,20649.95,13621.44,6409.01,619.5,2,Cheque,Late
LP0000292,L000140,2022-10-22,20649.95,0.0,0.0,0.0,0.0,0,Bank Transfer,Pending
LP0000825,L000140,2022-11-22,20649.95,20649.95,13267.04,7382.91,0.0,0,Credit Card,Paid
LP0001630,L000140,2022-12-22,20649.95,20649.95,14253.63,6396.32,0.0,0,Auto Debit,Paid
LP0001239,L000140,2023-01-22,20649.95,20649.95,14436.49,5593.96,619.5,24,Cash,Late
LP0000459,L000141,2023-12-24,1520.17,1520.17,986.2,533.97,0.0,0,Cheque,Paid
LP0000791,L000141,2024-01-24,1520.17,0.0,0.0,0.0,0.0,0,Debit Card,Missed
LP0001012,L000141,2024-02-24,1520.17,1520.17,995.28,479.28,45.61,12,Debit Card,Late
LP0001311,L000141,2024-03-24,1520.17,1520.17,1008.41,466.15,45.61,4,Cash,Late
LP0000230,L000141,2024-04-24,1520.17,0.0,0.0,0.0,0.0,0,Cash,Missed
LP0001224,L000141,2024-05-24,1520.17,1520.17,875.58,598.98,45.61,14,Cheque,Late
LP0001004,L000142,2022-05-16,5876.35,5876.35,3539.44,2160.62,176.29,30,Debit Card,Late
LP0001481,L000142,2022-06-16,5876.35,5876.35,4124.22,1575.84,176.29,38,Credit Card,Late
LP0001982,L000142,2022-07-16,5876.35,5876.35,3459.77,2240.29,176.29,17,Debit Card,Late
LP0001491,L000142,2022-08-16,5876.35,0.0,0.0,0.0,0.0,0,Bank Transfer,Pending
LP0001378,L000142,2022-09-16,5876.35,0.0,0.0,0.0,0.0,0,Cash,Missed
LP0001934,L000142,2022-10-16,5876.35,0.0,0.0,0.0,0.0,0,Cash,Missed
LP0001024,L000142,2022-11-16,5876.35,0.0,0.0,0.0,0.0,0,Cash,Missed
LP0000685,L000142,2022-12-16,5876.35,5876.35,4172.22,1704.13,0.0,0,Cash,Paid
LP0000705,L000143,2023-07-11,38054.8,0.0,0.0,0.0,0.0,0,Cash,Missed
LP0000628,L000143,2023-08-11,38054.8,0.0,0.0,0.0,0.0,0,Credit Card,Pending
LP0001606,L000143,2023-09-11,38054.8,405018.69,389193.74,15824.95,0.0,0,Online Banking,Paid
LP0001202,L000143,2023-10-11,38054.8,0.0,0.0,0.0,0.0,0,Debit Card,Missed
LP0000976,L000143,2023-11-11,38054.8,38054.8,28508.33,9546.47,0.0,0,Credit Card,Paid
LP0001376,L000144,2021-04-01,2873.75,2873.75,1656.04,1217.71,0.0,0,Online Banking,Paid
LP0001744,L000144,2021-05-01,2873.75,0.0,0.0,0.0,0.0,0,Bank Transfer,Missed
LP0000449,L000144,2021-06-01,2873.75,2873.75,1822.36,965.18,86.21,33,Cheque,Late
LP0001416,L000144,2021-07-01,2873.75,0.0,0.0,0.0,0.0,0,Online Banking,Missed
LP0001543,L000144,2021-08-01,2873.75,2873.75,1592.31,1281.44,0.0,0,Debit Card,Paid
LP0001879,L000144,2021-09-01,2873.75,2873.75,1686.08,1101.46,86.21,29,Cheque,Late
LP0000398,L000144,2021-10-01,2873.75,2873.75,2038.54,835.21,0.0,0,Credit Card,Paid
LP0001710,L000144,2021-11-01,2873.75,0.0,0.0,0.0,0.0,0,Bank Transfer,Pending
LP0000933,L000144,2021-12-01,2873.75,0.0,0.0,0.0,0.0,0,Auto Debit,Pending
LP0001316,L000144,2022-01-01,2873.75,2873.75,1927.93,859.61,86.21,24,Cheque,Late
LP0001414,L000144,2022-02-01,2873.75,0.0,0.0,0.0,0.0,0,Cash,Missed
LP0001844,L000145,2021-12-02,7479.82,0.0,0.0,0.0,0.0,0,Credit Card,Missed
LP0001581,L000145,2022-01-02,7479.82,7479.82,4241.03,3238.79,0.0,0,Cash,Paid
LP0001203,L000145,2022-02-02,7479.82,0.0,0.0,0.0,0.0,0,Cash,Missed
LP0001322,L000145,2022-03-02,7479.82,7479.82,5084.29,2395.53,0.0,0,Bank Transfer,Paid
LP0000513,L000145,2022-04-02,7479.82,0.0,0.0,0.0,0.0,0,Debit Card,Pending
LP0001157,L000146,2023-06-30,13175.22,0.0,0.0,0.0,0.0,0,Cash,Pending
LP0000664,L000146,2023-07-31,13175.22,0.0,0.0,0.0,0.0,0,Cheque,Missed
LP0000050,L000146,2023-08-31,13175.22,13175.22,8132.37,5042.85,0.0,0,Bank Transfer,Paid
LP0001782,L000146,2023-09-30,13175.22,0.0,0.0,0.0,0.0,0,Auto Debit,Pending
LP0001665,L000146,2023-10-31,13175.22,0.0,0.0,0.0,0.0,0,Cash,Missed
LP0001002,L000147,2022-02-14,7111.87,0.0,0.0,0.0,0.0,0,Credit Card,Missed
LP0000656,L000147,2022-03-14,7111.87,7111.87,5052.92,1845.59,213.36,18,Debit Card,Late
LP0000107,L000147,2022-04-14,7111.87,0.0,0.0,0.0,0.0,0,Cash,Missed
LP0001580,L000147,2022-05-14,7111.87,0.0,0.0,0.0,0.0,0,Credit Card,Missed
LP0000847,L000147,2022-06-14,7111.87,7111.87,4089.89,2808.62,213.36,27,Cash,Late
LP0000278,L000147,2022-07-14,7111.87,0.0,0.0,0.0,0.0,0,Bank Transfer,Missed
LP0001345,L000147,2022-08-14,7111.87,0.0,0.0,0.0,0.0,0,Cash,Missed
LP0000077,L000148,2022-07-12,16157.42,183462.07,178180.33,5281.74,0.0,0,Bank Transfer,Paid
LP0001480,L000148,2022-08-12,16157.42,0.0,0.0,0.0,0.0,0,Cash,Missed
LP0000900,L000148,2022-09-12,16157.42,0.0,0.0,0.0,0.0,0,Credit Card,Pending
LP0000198,L000148,2022-10-12,16157.42,0.0,0.0,0.0,0.0,0,Cash,Pending
LP0001107,L000148,2022-11-12,16157.42,16157.42,9641.86,6515.56,0.0,0,Cash,Paid
LP0001252,L000149,2020-09-02,3651.89,4778.87,2685.44,1950.06,143.37,24,Credit Card,Late
LP0001578,L000149,2020-10-02,3651.89,4778.87,2798.49,1980.38,0.0,0,Credit Card,Paid
LP0001933,L000149,2020-11-02,3651.89,4778.87,2971.52,1807.35,0.0,0,Cheque,Paid
LP0001639,L000149,2020-12-02,3651.89,0.0,0.0,0.0,0.0,0,Cheque,Pending
LP0000773,L000149,2021-01-02,3651.89,0.0,0.0,0.0,0.0,0,Auto Debit,Missed
LP0000045,L000149,2021-02-02,3651.89,0.0,0.0,0.0,0.0,0,Credit Card,Pending
LP0000828,L000149,2021-03-02,3651.89,0.0,0.0,0.0,0.0,0,Cheque,Missed
LP0000062,L000149,2021-04-02,3651.89,0.0,0.0,0.0,0.0,0,Online Banking,Missed
LP0001876,L000150,2023-12-11,3450.36,0.0,0.0,0.0,0.0,0,Cash,Pending
LP0001085,L000150,2024-01-11,3450.36,3450.36,2219.89,1230.47,0.0,0,Cheque,Paid
LP0001572,L000150,2024-02-11,3450.36,0.0,0.0,0.0,0.0,0,Cash,Pending
LP0001779,L000150,2024-03-11,3450.36,0.0,0.0,0.0,0.0,0,Cash,Pending
LP0000352,L000150,2024-04-11,3450.36,0.0,0.0,0.0,0.0,0,Debit Card,Missed
LP0000009,L000150,2024-05-11,3450.36,3450.36,1960.29,1490.07,0.0,0,Debit Card,Paid
LP0001558,L000150,2024-06-11,3450.36,0.0,0.0,0.0,0.0,0,Online Banking,Missed
LP0001226,L000150,2024-07-11,3450.36,0.0,0.0,0.0,0.0,0,Cheque,Missed
LP0001819,L000150,2024-08-11,3450.36,3450.36,2142.04,1204.81,103.51,22,Debit Card,Late
LP0001240,L000150,2024-09-11,3450.36,3450.36,2134.95,1211.9,103.51,23,Cheque,Late
LP0001529,L000150,2024-10-11,3450.36,3450.36,2441.98,904.87,103.51,12,Cheque,Late
LP0001595,L000150,2024-11-11,3450.36,3450.36,1853.95,1492.9,103.51,31,Credit Card,Late
LP0000941,L000150,2024-12-11,3450.36,0.0,0.0,0.0,0.0,0,Credit Card,Pending
LP0000655,L000151,2023-07-23,9715.0,0.0,0.0,0.0,0.0,0,Credit Card,Missed
LP0001729,L000151,2023-08-23,9715.0,0.0,0.0,0.0,0.0,0,Cash,Missed
LP0001743,L000151,2023-09-23,9715.0,59710.75,56832.59,2586.71,291.45,5,Credit Card,Late
LP0000703,L000151,2023-10-23,9715.0,0.0,0.0,0.0,0.0,0,Bank Transfer,Pending
LP0001890,L000151,2023-11-23,9715.0,0.0,0.0,0.0,0.0,0,Debit Card,Missed
LP0001265,L000151,2023-12-23,9715.0,52032.12,48103.92,3636.75,291.45,1,Bank Transfer,Late
LP0001247,L000151,2024-01-23,9715.0,53414.66,49675.52,3739.14,0.0,0,Cash,Paid
LP0001932,L000151,2024-02-23,9715.0,0.0,0.0,0.0,0.0,0,Cheque,Missed
LP0001305,L000151,2024-03-23,9715.0,58921.71,55935.65,2694.61,291.45,24,Online Banking,Late
LP0001745,L000151,2024-04-23,9715.0,60172.41,57357.38,2815.03,0.0,0,Credit Card,Paid
LP0000051,L000152,2022-05-09,1738.85,0.0,0.0,0.0,0.0,0,Bank Transfer,Pending
LP0001730,L000152,2022-06-09,1738.85,0.0,0.0,0.0,0.0,0,Credit Card,Missed
LP0000463,L000152,2022-07-09,1738.85,1738.85,942.15,744.53,52.17,12,Debit Card,Late
LP0000467,L000152,2022-08-09,1738.85,0.0,0.0,0.0,0.0,0,Bank Transfer,Missed
LP0000226,L000152,2022-09-09,1738.85,1738.85,1067.53,619.15,52.17,1,Bank Transfer,Late
LP0001613,L000152,2022-10-09,1738.85,1738.85,1034.96,651.72,52.17,15,Bank Transfer,Late
LP0001204,L000152,2022-11-09,1738.85,1738.85,1033.67,705.18,0.0,0,Cheque,Paid
LP0001621,L000152,2022-12-09,1738.85,0.0,0.0,0.0,0.0,0,Online Banking,Pending
LP0001789,L000153,2023-07-16,1203.07,0.0,0.0,0.0,0.0,0,Auto Debit,Pending
LP0000654,L000153,2023-08-16,1203.07,1203.07,769.41,397.57,36.09,28,Auto Debit,Late
LP0000889,L000153,2023-09-16,1203.07,1203.07,811.74,391.33,0.0,0,Cash,Paid
LP0000937,L000153,2023-10-16,1203.07,1203.07,878.93,324.14,0.0,0,Bank Transfer,Paid
LP0001809,L000153,2023-11-16,1203.07,1203.07,736.25,466.82,0.0,0,Credit Card,Paid
LP0001482,L000153,2023-12-16,1203.07,0.0,0.0,0.0,0.0,0,Cheque,Pending
LP0001622,L000153,2024-01-16,1203.07,1203.07,815.35,387.72,0.0,0,Cheque,Paid
LP0000588,L000153,2024-02-16,1203.07,1203.07,860.77,306.21,36.09,3,Credit Card,Late
LP0000564,L000153,2024-03-16,1203.07,0.0,0.0,0.0,0.0,0,Cash,Pending
LP0000408,L000153,2024-04-16,1203.07,1203.07,848.73,354.34,0.0,0,Debit Card,Paid
LP0000134,L000154,2023-06-02,6895.35,6895.35,4159.16,2529.33,206.86,9,Cheque,Late
LP0000321,L000154,2023-07-02,6895.35,6895.35,3832.54,2855.95,206.86,25,Auto Debit,Late
LP0001483,L000154,2023-08-02,6895.35,6895.35,4739.65,1948.84,206.86,17,Bank Transfer,Late
LP0001913,L000154,2023-09-02,6895.35,0.0,0.0,0.0,0.0,0,Debit Card,Pending
LP0000515,L000155,2024-01-23,18582.37,0.0,0.0,0.0,0.0,0,Credit Card,Missed
LP0001570,L000155,2024-02-23,18582.37,35408.37,22714.72,11631.4,1062.25,41,Cash,Late
LP0000612,L000155,2024-03-23,18582.37,0.0,0.0,0.0,0.0,0,Bank Transfer,Missed
LP0001623,L000155,2024-04-23,18582.37,0.0,0.0,0.0,0.0,0,Cash,Pending
LP0000819,L000155,2024-05-23,18582.37,0.0,0.0,0.0,0.0,0,Debit Card,Pending
LP0000865,L000155,2024-06-23,18582.37,0.0,0.0,0.0,0.0,0,Credit Card,Pending
LP0000936,L000155,2024-07-23,18582.37,0.0,0.0,0.0,0.0,0,Debit Card,Pending
LP0000372,L000155,2024-08-23,18582.37,0.0,0.0,0.0,0.0,0,Bank Transfer,Missed
LP0001666,L000155,2024-09-23,18582.37,35408.37,26128.59,9279.78,0.0,0,Auto Debit,Paid
LP0001739,L000156,2023-02-28,8668.4,0.0,0.0,0.0,0.0,0,Cheque,Pending
LP0000047,L000156,2023-03-29,8668.4,202486.47,199357.42,2869.0,260.05,14,Bank Transfer,Late
LP0001435,L000156,2023-04-29,8668.4,212276.02,209574.24,2441.73,260.05,4,Bank Transfer,Late
LP0000202,L000156,2023-05-29,8668.4,8668.4,5160.34,3508.06,0.0,0,Credit Card,Paid
LP0000724,L000157,2021-07-30,3192.38,125897.31,124809.4,992.14,95.77,43,Cash,Late
LP0000339,L000157,2021-08-30,3192.38,0.0,0.0,0.0,0.0,0,Credit Card,Missed
LP0001804,L000157,2021-09-30,3192.38,0.0,0.0,0.0,0.0,0,Online Banking,Pending
LP0000882,L000157,2021-10-30,3192.38,137165.68,136271.03,894.65,0.0,0,Credit Card,Paid
LP0000337,L000157,2021-11-30,3192.38,117255.66,116019.54,1236.12,0.0,0,Cash,Paid
LP0001433,L000158,2020-07-13,5955.72,0.0,0.0,0.0,0.0,0,Cheque,Pending
LP0001069,L000158,2020-08-13,5955.72,6655.35,4291.79,2363.56,0.0,0,Bank Transfer,Paid
LP0000944,L000158,2020-09-13,5955.72,6655.35,4464.39,2190.96,0.0,0,Bank Transfer,Paid
LP0001199,L000158,2020-10-13,5955.72,6655.35,4349.4,2106.29,199.66,22,Cheque,Late
LP0001637,L000158,2020-11-13,5955.72,0.0,0.0,0.0,0.0,0,Auto Debit,Pending
LP0001211,L000158,2020-12-13,5955.72,0.0,0.0,0.0,0.0,0,Debit Card,Missed
LP0001650,L000158,2021-01-13,5955.72,6655.35,4514.89,1940.8,199.66,24,Cash,Late
LP0001912,L000158,2021-02-13,5955.72,6655.35,4491.46,2163.89,0.0,0,Debit Card,Paid
LP0000299,L000158,2021-03-13,5955.72,0.0,0.0,0.0,0.0,0,Credit Card,Missed
LP0001871,L000158,2021-04-13,5955.72,0.0,0.0,0.0,0.0,0,Credit Card,Pending
LP0000554,L000158,2021-05-13,5955.72,6655.35,4894.93,1760.42,0.0,0,Cheque,Paid
LP0000901,L000159,2023-11-20,1290.87,0.0,0.0,0.0,0.0,0,Bank Transfer,Missed
LP0001873,L000159,2023-12-20,1290.87,0.0,0.0,0.0,0.0,0,Cash,Missed
LP0001182,L000159,2024-01-20,1290.87,1290.87,735.47,555.4,0.0,0,Cash,Paid
LP0000477,L000159,2024-02-20,1290.87,0.0,0.0,0.0,0.0,0,Debit Card,Pending
LP0001577,L000159,2024-03-20,1290.87,1290.87,906.19,345.95,38.73,37,Bank Transfer,Late
LP0001005,L000159,2024-04-20,1290.87,0.0,0.0,0.0,0.0,0,Cash,Missed
LP0001635,L000159,2024-05-20,1290.87,1290.87,923.82,328.32,38.73,33,Auto Debit,Late
LP0000255,L000159,2024-06-20,1290.87,0.0,0.0,0.0,0.0,0,Debit Card,Pending
LP0001473,L000160,2023-03-10,9209.91,0.0,0.0,0.0,0.0,0,Auto Debit,Pending
LP0000957,L000160,2023-04-10,9209.91,0.0,0.0,0.0,0.0,0,Cash,Pending
LP0000535,L000160,2023-05-10,9209.91,0.0,0.0,0.0,0.0,0,Credit Card,Missed
LP0000393,L000160,2023-06-10,9209.91,0.0,0.0,0.0,0.0,0,Debit Card,Missed
LP0001019,L000160,2023-07-10,9209.91,9209.91,6596.44,2337.17,276.3,32,Debit Card,Late
LP0000091,L000160,2023-08-10,9209.91,0.0,0.0,0.0,0.0,0,Auto Debit,Missed
LP0000830,L000160,2023-09-10,9209.91,0.0,0.0,0.0,0.0,0,Cash,Missed
LP0001121,L000160,2023-10-10,9209.91,9209.91,6161.75,3048.16,0.0,0,Debit Card,Paid
LP0000719,L000161,2022-10-14,2464.11,17874.86,17198.58,676.28,0.0,0,Cheque,Paid
LP0000934,L000161,2022-11-14,2464.11,18307.86,17498.38,735.56,73.92,16,Cash,Late
LP0001638,L000161,2022-12-14,2464.11,17525.17,16633.95,891.22,0.0,0,Cash,Paid
LP0000084,L000161,2023-01-14,2464.11,18602.11,17823.36,704.83,73.92,32,Cheque,Late
LP0001649,L000161,2023-02-14,2464.11,16110.69,15071.75,965.02,73.92,10,Cash,Late
LP0001997,L000161,2023-03-14,2464.11,16886.68,15928.78,883.98,73.92,33,Cash,Late
LP0001761,L000161,2023-04-14,2464.11,0.0,0.0,0.0,0.0,0,Bank Transfer,Pending
LP0001356,L000161,2023-05-14,2464.11,16888.31,15930.58,883.81,73.92,32,Cash,Late
LP0001125,L000161,2023-06-14,2464.11,2464.11,1708.44,755.67,0.0,0,Debit Card,Paid
LP0001756,L000162,2022-08-05,2606.32,0.0,0.0,0.0,0.0,0,Auto Debit,Missed
LP0000208,L000162,2022-09-05,2606.32,0.0,0.0,0.0,0.0,0,Credit Card,Pending
LP0000868,L000162,2022-10-05,2606.32,2606.32,1598.67,929.46,78.19,40,Debit Card,Late
LP0000331,L000162,2022-11-05,2606.32,2606.32,1437.08,1169.24,0.0,0,Credit Card,Paid
LP0000465,L000162,2022-12-05,2606.32,2606.32,1591.96,936.17,78.19,22,Cash,Late
LP0000741,L000162,2023-01-05,2606.32,0.0,0.0,0.0,0.0,0,Cash,Pending
LP0000185,L000162,2023-02-05,2606.32,2606.32,1848.85,757.47,0.0,0,Cash,Paid
LP0000844,L000163,2020-02-24,6375.08,6375.08,3870.31,2313.52,191.25,27,Online Banking,Late
LP0001150,L000163,2020-03-24,6375.08,0.0,0.0,0.0,0.0,0,Bank Transfer,Pending
LP0001562,L000163,2020-04-24,6375.08,0.0,0.0,0.0,0.0,0,Cash,Missed
LP0001248,L000163,2020-05-24,6375.08,6375.08,4374.33,1809.5,191.25,16,Bank Transfer,Late
LP0001071,L000163,2020-06-24,6375.08,6375.08,4667.33,1707.75,0.0,0,Bank Transfer,Paid
LP0001047,L000163,2020-07-24,6375.08,6375.08,4719.95,1655.13,0.0,0,Debit Card,Paid
LP0001042,L000164,2022-04-01,1847.07,1847.07,1052.35,794.72,0.0,0,Cash,Paid
LP0000333,L000164,2022-05-01,1847.07,1847.07,1311.64,535.43,0.0,0,Cash,Paid
LP0001037,L000164,2022-06-01,1847.07,1847.07,1301.85,489.81,55.41,41,Cheque,Late
LP0000770,L000164,2022-07-01,1847.07,0.0,0.0,0.0,0.0,0,Cheque,Pending
LP0001651,L000164,2022-08-01,1847.07,1847.07,1218.75,572.91,55.41,18,Debit Card,Late
LP0001641,L000164,2022-09-01,1847.07,1847.07,1261.82,529.84,55.41,9,Cheque,Late
LP0000210,L000164,2022-10-01,1847.07,0.0,0.0,0.0,0.0,0,Cash,Missed
LP0001232,L000165,2023-08-29,9219.38,0.0,0.0,0.0,0.0,0,Debit Card,Missed
LP0001805,L000165,2023-09-29,9219.38,9219.38,6584.89,2357.91,276.58,3,Debit Card,Late
LP0000728,L000165,2023-10-29,9219.38,9219.38,6275.89,2666.91,276.58,18,Cheque,Late
LP0001515,L000165,2023-11-29,9219.38,0.0,0.0,0.0,0.0,0,Online Banking,Missed
LP0001507,L000165,2023-12-29,9219.38,0.0,0.0,0.0,0.0,0,Auto Debit,Pending
LP0001499,L000166,2023-04-27,2261.76,2261.76,1409.79,851.97,0.0,0,Cash,Paid
LP0000348,L000166,2023-05-27,2261.76,2261.76,1554.11,639.8,67.85,13,Debit Card,Late
LP0001227,L000166,2023-06-27,2261.76,0.0,0.0,0.0,0.0,0,Bank Transfer,Pending
LP0001257,L000166,2023-07-27,2261.76,0.0,0.0,0.0,0.0,0,Debit Card,Missed
LP0001352,L000166,2023-08-27,2261.76,0.0,0.0,0.0,0.0,0,Cash,Missed
LP0000101,L000166,2023-09-27,2261.76,0.0,0.0,0.0,0.0,0,Online Banking,Pending
LP0001509,L000166,2023-10-27,2261.76,0.0,0.0,0.0,0.0,0,Cheque,Pending
LP0000737,L000166,2023-11-27,2261.76,2261.76,1280.42,981.34,0.0,0,Bank Transfer,Paid
LP0001863,L000166,2023-12-27,2261.76,2261.76,1612.29,581.62,67.85,34,Cheque,Late
LP0001411,L000166,2024-01-27,2261.76,2261.76,1353.38,908.38,0.0,0,Cash,Paid
LP0001438,L000167,2021-06-27,4364.58,4364.58,2586.61,1647.03,130.94,20,Cheque,Late
LP0000914,L000167,2021-07-27,4364.58,0.0,0.0,0.0,0.0,0,Cheque,Missed
LP0000735,L000167,2021-08-27,4364.58,4364.58,3099.39,1134.25,130.94,7,Cash,Late
LP0000765,L000168,2023-05-29,5202.5,0.0,0.0,0.0,0.0,0,Online Banking,Missed
LP0001044,L000168,2023-06-29,5202.5,5202.5,3333.48,1869.02,0.0,0,Bank Transfer,Paid
LP0001138,L000168,2023-07-29,5202.5,5202.5,3130.29,1916.14,156.07,4,Credit Card,Late
LP0000370,L000168,2023-08-29,5202.5,5202.5,3350.09,1852.41,0.0,0,Auto Debit,Paid
LP0001470,L000168,2023-09-29,5202.5,5202.5,3424.91,1777.59,0.0,0,Bank Transfer,Paid
LP0001184,L000168,2023-10-29,5202.5,0.0,0.0,0.0,0.0,0,Online Banking,Missed
LP0000400,L000168,2023-11-29,5202.5,5202.5,3463.04,1583.39,156.07,19,Credit Card,Late
LP0001013,L000168,2023-12-29,5202.5,0.0,0.0,0.0,0.0,0,Credit Card,Pending
LP0001801,L000169,2021-12-13,1394.12,5167.92,3215.97,1951.95,0.0,0,Bank Transfer,Paid
LP0000686,L000169,2022-01-13,1394.12,0.0,0.0,0.0,0.0,0,Cheque,Pending
LP0000058,L000169,2022-02-13,1394.12,0.0,0.0,0.0,0.0,0,Cash,Missed
LP0000381,L000169,2022-03-13,1394.12,0.0,0.0,0.0,0.0,0,Bank Transfer,Pending
LP0000804,L000169,2022-04-13,1394.12,5167.92,3425.06,1587.82,155.04,27,Cheque,Late
LP0000323,L000169,2022-05-13,1394.12,0.0,0.0,0.0,0.0,0,Bank Transfer,Missed
LP0000143,L000169,2022-06-13,1394.12,5167.92,3455.48,1557.4,155.04,4,Auto Debit,Late
LP0000443,L000169,2022-07-13,1394.12,0.0,0.0,0.0,0.0,0,Credit Card,Pending
LP0001951,L000170,2020-08-13,2088.79,0.0,0.0,0.0,0.0,0,Debit Card,Pending
LP0001987,L000170,2020-09-13,2088.79,0.0,0.0,0.0,0.0,0,Bank Transfer,Pending
LP0001607,L000170,2020-10-13,2088.79,2088.79,1410.38,678.41,0.0,0,Cash,Paid
LP0001535,L000170,2020-11-13,2088.79,0.0,0.0,0.0,0.0,0,Cheque,Pending
LP0001828,L000170,2020-12-13,2088.79,2088.79,1352.4,673.73,62.66,3,Cash,Late
LP0000462,L000170,2021-01-13,2088.79,2088.79,1504.85,521.28,62.66,9,Debit Card,Late
LP0000019,L000170,2021-02-13,2088.79,2088.79,1319.89,706.24,62.66,9,Cheque,Late
LP0000388,L000170,2021-03-13,2088.79,2088.79,1170.43,918.36,0.0,0,Bank Transfer,Paid
LP0000026,L000170,2021-04-13,2088.79,0.0,0.0,0.0,0.0,0,Debit Card,Pending
LP0001709,L000171,2023-05-17,2593.5,0.0,0.0,0.0,0.0,0,Cash,Pending
LP0000751,L000171,2023-06-17,2593.5,0.0,0.0,0.0,0.0,0,Debit Card,Pending
LP0001038,L000171,2023-07-17,2593.5,2593.5,1449.48,1144.02,0.0,0,Bank Transfer,Paid
LP0000575,L000171,2023-08-17,2593.5,2593.5,1725.82,789.88,77.8,3,Cheque,Late
LP0001972,L000171,2023-09-17,2593.5,0.0,0.0,0.0,0.0,0,Debit Card,Missed
LP0000931,L000171,2023-10-17,2593.5,0.0,0.0,0.0,0.0,0,Online Banking,Missed
LP0001431,L000171,2023-11-17,2593.5,2593.5,1543.14,1050.36,0.0,0,Cheque,Paid
LP0000094,L000171,2023-12-17,2593.5,0.0,0.0,0.0,0.0,0,Cheque,Missed
LP0001025,L000171,2024-01-17,2593.5,2593.5,1551.54,964.16,77.8,2,Cash,Late
LP0001260,L000171,2024-02-17,2593.5,2593.5,1610.72,904.98,77.8,33,Cash,Late
LP0000778,L000171,2024-03-17,2593.5,0.0,0.0,0.0,0.0,0,Cash,Pending
LP0000569,L000172,2022-10-29,5292.36,0.0,0.0,0.0,0.0,0,Credit Card,Missed
LP0000838,L000172,2022-11-29,5292.36,0.0,0.0,0.0,0.0,0,Bank Transfer,Pending
LP0001320,L000172,2022-12-29,5292.36,18735.16,10528.63,8206.53,0.0,0,Cheque,Paid
LP0000135,L000172,2023-01-29,5292.36,18735.16,12237.17,6497.99,0.0,0,Debit Card,Paid
LP0000290,L000172,2023-02-28,5292.36,18735.16,12364.19,5808.92,562.05,31,Debit Card,Late
LP0001918,L000172,2023-03-29,5292.36,0.0,0.0,0.0,0.0,0,Credit Card,Pending
LP0001375,L000172,2023-04-29,5292.36,18735.16,10143.37,8029.74,562.05,34,Credit Card,Late
LP0001643,L000172,2023-05-29,5292.36,0.0,0.0,0.0,0.0,0,Credit Card,Pending
LP0000520,L000172,2023-06-29,5292.36,18735.16,12785.67,5949.49,0.0,0,Online Banking,Paid
LP0000576,L000172,2023-07-29,5292.36,0.0,0.0,0.0,0.0,0,Debit Card,Missed
LP0000758,L000172,2023-08-29,5292.36,0.0,0.0,0.0,0.0,0,Bank Transfer,Missed
LP0000239,L000173,2023-08-06,82.56,82.56,59.83,20.25,2.48,34,Credit Card,Late
LP0001793,L000173,2023-09-06,82.56,82.56,49.33,30.75,2.48,36,Cash,Late
LP0000716,L000173,2023-10-06,82.56,0.0,0.0,0.0,0.0,0,Cash,Pending
LP0000120,L000173,2023-11-06,82.56,82.56,48.85,33.71,0.0,0,Bank Transfer,Paid
LP0001277,L000173,2023-12-06,82.56,0.0,0.0,0.0,0.0,0,Cash,Pending
LP0001453,L000173,2024-01-06,82.56,0.0,0.0,0.0,0.0,0,Bank Transfer,Pending
LP0000453,L000173,2024-02-06,82.56,82.56,48.64,31.44,2.48,29,Online Banking,Late
LP0000810,L000174,2022-04-21,1037.51,1037.51,626.25,380.13,31.13,3,Cash,Late
LP0000647,L000174,2022-05-21,1037.51,1037.51,574.09,463.42,0.0,0,Bank Transfer,Paid
LP0001100,L000174,2022-06-21,1037.51,0.0,0.0,0.0,0.0,0,Cash,Pending
LP0000384,L000174,2022-07-21,1037.51,0.0,0.0,0.0,0.0,0,Bank Transfer,Pending
LP0001339,L000174,2022-08-21,1037.51,1037.51,723.35,314.16,0.0,0,Credit Card,Paid
LP0000712,L000174,2022-09-21,1037.51,1037.51,689.41,348.1,0.0,0,Cash,Paid
LP0001319,L000174,2022-10-21,1037.51,0.0,0.0,0.0,0.0,0,Auto Debit,Pending
LP0001357,L000174,2022-11-21,1037.51,0.0,0.0,0.0,0.0,0,Bank Transfer,Missed
LP0001488,L000174,2022-12-21,1037.51,1037.51,677.49,360.02,0.0,0,Bank Transfer,Paid
LP0000439,L000174,2023-01-21,1037.51,1037.51,689.26,348.25,0.0,0,Debit Card,Paid
LP0000228,L000174,2023-02-21,1037.51,1037.51,687.37,319.01,31.13,30,Debit Card,Late
LP0000181,L000175,2023-02-23,7012.98,0.0,0.0,0.0,0.0,0,Bank Transfer,Pending
LP0000796,L000175,2023-03-23,7012.98,0.0,0.0,0.0,0.0,0,Cheque,Pending
LP0001033,L000175,2023-04-23,7012.98,0.0,0.0,0.0,0.0,0,Cheque,Pending
LP0001018,L000175,2023-05-23,7012.98,140640.28,137704.45,2935.83,0.0,0,Cheque,Paid
LP0001866,L000175,2023-06-23,7012.98,0.0,0.0,0.0,0.0,0,Cash,Missed
LP0000595,L000175,2023-07-23,7012.98,7012.98,4870.66,2142.32,0.0,0,Cheque,Paid
LP0001776,L000176,2023-06-13,8085.23,114910.37,112346.4,2563.97,0.0,0,Credit Card,Paid
LP0001034,L000176,2023-07-13,8085.23,0.0,0.0,0.0,0.0,0,Bank Transfer,Pending
LP0000565,L000176,2023-08-13,8085.23,113958.92,111655.31,2303.61,0.0,0,Credit Card,Paid
LP0000801,L000176,2023-09-13,8085.23,0.0,0.0,0.0,0.0,0,Credit Card,Missed
LP0001201,L000176,2023-10-13,8085.23,0.0,0.0,0.0,0.0,0,Bank Transfer,Pending
LP0000970,L000176,2023-11-13,8085.23,105804.06,102769.43,3034.63,0.0,0,Debit Card,Paid
LP0000097,L000176,2023-12-13,8085.23,0.0,0.0,0.0,0.0,0,Bank Transfer,Missed
LP0000182,L000176,2024-01-13,8085.23,91739.64,87978.09,3518.99,242.56,31,Bank Transfer,Late
LP0001196,L000176,2024-02-13,8085.23,8085.23,5988.89,2096.34,0.0,0,Bank Transfer,Paid
LP0000233,L000177,2022-09-14,1461.55,0.0,0.0,0.0,0.0,0,Bank Transfer,Missed
LP0000221,L000177,2022-10-14,1461.55,1461.55,1013.6,447.95,0.0,0,Debit Card,Paid
LP0000798,L000177,2022-11-14,1461.55,0.0,0.0,0.0,0.0,0,Cheque,Pending
LP0000470,L000177,2022-12-14,1461.55,0.0,0.0,0.0,0.0,0,Bank Transfer,Pending
LP0001298,L000177,2023-01-14,1461.55,1461.55,1061.79,399.76,0.0,0,Debit Card,Paid
LP0001355,L000177,2023-02-14,1461.55,1461.55,897.16,564.39,0.0,0,Debit Card,Paid
LP0001826,L000177,2023-03-14,1461.55,1461.55,919.54,542.01,0.0,0,Cheque,Paid
LP0000806,L000178,2023-11-21,7144.67,0.0,0.0,0.0,0.0,0,Cheque,Missed
LP0001448,L000178,2023-12-21,7144.67,7144.67,4344.79,2585.54,214.34,9,Cash,Late
LP0000201,L000178,2024-01-21,7144.67,0.0,0.0,0.0,0.0,0,Cheque,Pending
LP0001146,L000178,2024-02-21,7144.67,7144.67,4338.54,2591.79,214.34,19,Credit Card,Late
LP0000195,L000178,2024-03-21,7144.67,0.0,0.0,0.0,0.0,0,Credit Card,Pending
LP0000775,L000178,2024-04-21,7144.67,7144.67,5292.75,1851.92,0.0,0,Debit Card,Paid
LP0001898,L000178,2024-05-21,7144.67,0.0,0.0,0.0,0.0,0,Online Banking,Missed
LP0000501,L000179,2021-09-28,2656.19,62922.63,61890.35,952.59,79.69,31,Cheque,Late
LP0000071,L000179,2021-10-28,2656.19,0.0,0.0,0.0,0.0,0,Cheque,Missed
LP0000365,L000179,2021-11-28,2656.19,59698.34,58579.18,1039.47,79.69,29,Cash,Late
LP0000939,L000179,2021-12-28,2656.19,72447.72,71720.44,727.28,0.0,0,Bank Transfer,Paid
LP0000961,L000179,2022-01-28,2656.19,73355.54,72604.38,751.16,0.0,0,Cheque,Paid
LP0001167,L000179,2022-02-28,2656.19,0.0,0.0,0.0,0.0,0,Debit Card,Missed
LP0000029,L000179,2022-03-28,2656.19,2656.19,1794.05,862.14,0.0,0,Credit Card,Paid
LP0001977,L000180,2020-10-06,5364.05,80922.74,78944.21,1978.53,0.0,0,Cheque,Paid
LP0000928,L000180,2020-11-06,5364.05,88363.62,86718.49,1645.13,0.0,0,Bank Transfer,Paid
LP0000100,L000180,2020-12-06,5364.05,0.0,0.0,0.0,0.0,0,Cheque,Missed
LP0001713,L000180,2021-01-06,5364.05,82572.5,80667.89,1904.61,0.0,0,Bank Transfer,Paid
LP0000846,L000180,2021-02-06,5364.05,90292.58,88733.88,1558.7,0.0,0,Debit Card,Paid
LP0000327,L000180,2021-03-06,5364.05,0.0,0.0,0.0,0.0,0,Cheque,Missed
LP0001021,L000180,2021-04-06,5364.05,0.0,0.0,0.0,0.0,0,Auto Debit,Pending
LP0000738,L000180,2021-05-06,5364.05,0.0,0.0,0.0,0.0,0,Debit Card,Missed
LP0001258,L000180,2021-06-06,5364.05,86684.63,84964.27,1720.36,0.0,0,Cheque,Paid
LP0000406,L000181,2023-06-26,547.1,0.0,0.0,0.0,0.0,0,Online Banking,Pending
LP0001208,L000181,2023-07-26,547.1,0.0,0.0,0.0,0.0,0,Bank Transfer,Missed
LP0000054,L000181,2023-08-26,547.1,0.0,0.0,0.0,0.0,0,Debit Card,Pending
LP0000761,L000181,2023-09-26,547.1,547.1,362.21,184.89,0.0,0,Auto Debit,Paid
LP0001926,L000181,2023-10-26,547.1,0.0,0.0,0.0,0.0,0,Debit Card,Missed
LP0001489,L000182,2022-04-19,13425.61,137501.3,131721.5,5779.8,0.0,0,Cash,Paid
LP0001691,L000182,2022-05-19,13425.61,138633.2,132923.15,5307.28,402.77,8,Bank Transfer,Late
LP0001614,L000182,2022-06-19,13425.61,157553.82,153009.7,4544.12,0.0,0,Cash,Paid
LP0001465,L000183,2021-06-20,3413.59,0.0,0.0,0.0,0.0,0,Cheque,Missed
LP0000518,L000183,2021-07-20,3413.59,0.0,0.0,0.0,0.0,0,Cheque,Pending
LP0000125,L000183,2021-08-20,3413.59,3413.59,2230.52,1080.66,102.41,11,Debit Card,Late
LP0000173,L000184,2020-07-30,15324.38,15324.38,9822.68,5041.97,459.73,21,Cash,Late
LP0000925,L000184,2020-08-30,15324.38,15324.38,9048.53,5816.12,459.73,14,Cheque,Late
LP0000040,L000184,2020-09-30,15324.38,15324.38,9574.67,5749.71,0.0,0,Auto Debit,Paid
LP0000598,L000184,2020-10-30,15324.38,15324.38,11078.83,4245.55,0.0,0,Credit Card,Paid
LP0001123,L000184,2020-11-30,15324.38,15324.38,10822.26,4502.12,0.0,0,Credit Card,Paid
LP0001825,L000184,2020-12-30,15324.38,0.0,0.0,0.0,0.0,0,Online Banking,Missed
LP0001550,L000184,2021-01-30,15324.38,15324.38,10047.84,4816.81,459.73,41,Auto Debit,Late
LP0001979,L000184,2021-02-28,15324.38,15324.38,8426.6,6438.05,459.73,32,Cash,Late
LP0001725,L000184,2021-03-30,15324.38,15324.38,9540.52,5783.86,0.0,0,Cash,Paid
LP0001242,L000185,2023-12-24,1167.51,0.0,0.0,0.0,0.0,0,Credit Card,Pending
LP0001459,L000185,2024-01-24,1167.51,1167.51,731.38,401.1,35.03,17,Credit Card,Late
LP0001178,L000185,2024-02-24,1167.51,0.0,0.0,0.0,0.0,0,Bank Transfer,Missed
LP0001727,L000185,2024-03-24,1167.51,0.0,0.0,0.0,0.0,0,Online Banking,Pending
LP0000500,L000185,2024-04-24,1167.51,1167.51,839.47,328.04,0.0,0,Cheque,Paid
LP0000307,L000185,2024-05-24,1167.51,1167.51,839.8,292.68,35.03,20,Cheque,Late
LP0001526,L000185,2024-06-24,1167.51,0.0,0.0,0.0,0.0,0,Cheque,Missed
LP0000851,L000185,2024-07-24,1167.51,0.0,0.0,0.0,0.0,0,Credit Card,Pending
LP0000670,L000185,2024-08-24,1167.51,0.0,0.0,0.0,0.0,0,Cheque,Missed
LP0000726,L000185,2024-09-24,1167.51,1167.51,756.69,375.79,35.03,25,Cash,Late
LP0001456,L000186,2022-11-05,8502.41,8502.41,4594.41,3652.93,255.07,2,Bank Transfer,Late
LP0000590,L000186,2022-12-05,8502.41,0.0,0.0,0.0,0.0,0,Debit Card,Pending
LP0000618,L000186,2023-01-05,8502.41,8502.41,5268.57,2978.77,255.07,14,Debit Card,Late
LP0001589,L000186,2023-02-05,8502.41,8502.41,4639.42,3607.92,255.07,21,Online Banking,Late
LP0000427,L000186,2023-03-05,8502.41,0.0,0.0,0.0,0.0,0,Debit Card,Missed
LP0001016,L000186,2023-04-05,8502.41,0.0,0.0,0.0,0.0,0,Cheque,Missed
LP0000834,L000186,2023-05-05,8502.41,0.0,0.0,0.0,0.0,0,Cheque,Pending
LP0000945,L000186,2023-06-05,8502.41,0.0,0.0,0.0,0.0,0,Bank Transfer,Pending
LP0001981,L000186,2023-07-05,8502.41,8502.41,5764.73,2482.61,255.07,33,Cheque,Late
LP0001787,L000186,2023-08-05,8502.41,0.0,0.0,0.0,0.0,0,Cheque,Pending
LP0001894,L000186,2023-09-05,8502.41,0.0,0.0,0.0,0.0,0,Cash,Missed
LP0000111,L000187,2023-09-30,4145.79,5759.55,3290.39,2469.16,0.0,0,Credit Card,Paid
LP0000546,L000187,2023-10-30,4145.79,5759.55,4158.27,1601.28,0.0,0,Cash,Paid
LP0000769,L000187,2023-11-30,4145.79,5759.55,3382.05,2377.5,0.0,0,Credit Card,Paid
LP0001767,L000187,2023-12-30,4145.79,0.0,0.0,0.0,0.0,0,Bank Transfer,Pending
LP0001520,L000187,2024-01-30,4145.79,0.0,0.0,0.0,0.0,0,Bank Transfer,Pending
LP0000852,L000187,2024-02-29,4145.79,5759.55,3498.59,2260.96,0.0,0,Credit Card,Paid
LP0001142,L000187,2024-03-30,4145.79,5759.55,3833.98,1925.57,0.0,0,Cheque,Paid
LP0001420,L000188,2020-09-25,11287.12,11287.12,6290.58,4657.93,338.61,24,Bank Transfer,Late
LP0000669,L000188,2020-10-25,11287.12,0.0,0.0,0.0,0.0,0,Debit Card,Missed
LP0001917,L000188,2020-11-25,11287.12,0.0,0.0,0.0,0.0,0,Cheque,Pending
LP0001636,L000188,2020-12-25,11287.12,11287.12,7865.0,3422.12,0.0,0,Bank Transfer,Paid
LP0000771,L000188,2021-01-25,11287.12,0.0,0.0,0.0,0.0,0,Bank Transfer,Missed
LP0000036,L000189,2023-10-21,8736.23,0.0,0.0,0.0,0.0,0,Bank Transfer,Pending
LP0001870,L000189,2023-11-21,8736.23,8736.23,4968.5,3767.73,0.0,0,Online Banking,Paid
LP0001823,L000189,2023-12-21,8736.23,8736.23,5126.41,3609.82,0.0,0,Online Banking,Paid
LP0001270,L000189,2024-01-21,8736.23,0.0,0.0,0.0,0.0,0,Auto Debit,Missed
LP0001829,L000190,2022-12-04,6343.67,57088.29,54503.72,2584.57,0.0,0,Auto Debit,Paid
LP0000821,L000190,2023-01-04,6343.67,0.0,0.0,0.0,0.0,0,Cheque,Missed
LP0001652,L000190,2023-02-04,6343.67,59766.13,57691.91,2074.22,0.0,0,Debit Card,Paid
LP0001707,L000190,2023-03-04,6343.67,0.0,0.0,0.0,0.0,0,Debit Card,Pending
LP0001722,L000190,2023-04-04,6343.67,0.0,0.0,0.0,0.0,0,Cash,Pending
LP0000014,L000190,2023-05-04,6343.67,63345.68,61224.65,1930.72,190.31,30,Debit Card,Late
LP0001642,L000190,2023-06-04,6343.67,6343.67,4211.44,2132.23,0.0,0,Bank Transfer,Paid
LP0000856,L000191,2022-11-12,6423.66,6423.66,4121.97,2108.98,192.71,21,Cheque,Late
LP0001476,L000191,2022-12-12,6423.66,0.0,0.0,0.0,0.0,0,Credit Card,Missed
LP0001569,L000192,2020-11-16,6814.59,6814.59,4845.18,1969.41,0.0,0,Debit Card,Paid
LP0000636,L000192,2020-12-16,6814.59,6814.59,4461.89,2352.7,0.0,0,Cash,Paid
LP0001497,L000192,2021-01-16,6814.59,0.0,0.0,0.0,0.0,0,Cheque,Missed
LP0001760,L000192,2021-02-16,6814.59,0.0,0.0,0.0,0.0,0,Cheque,Pending
LP0001838,L000192,2021-03-16,6814.59,6814.59,3810.65,2799.5,204.44,23,Bank Transfer,Late
LP0001646,L000192,2021-04-16,6814.59,6814.59,4551.09,2059.06,204.44,31,Cheque,Late
LP0001312,L000192,2021-05-16,6814.59,0.0,0.0,0.0,0.0,0,Cash,Pending
LP0000140,L000192,2021-06-16,6814.59,0.0,0.0,0.0,0.0,0,Online Banking,Missed
LP0000332,L000192,2021-07-16,6814.59,6814.59,4253.99,2356.16,204.44,4,Cash,Late
LP0001941,L000193,2022-06-01,4388.37,4388.37,2432.04,1956.33,0.0,0,Debit Card,Paid
LP0001251,L000193,2022-07-01,4388.37,4388.37,3268.42,1119.95,0.0,0,Credit Card,Paid
LP0000004,L000193,2022-08-01,4388.37,4388.37,2689.3,1567.42,131.65,33,Bank Transfer,Late
LP0000296,L000193,2022-09-01,4388.37,0.0,0.0,0.0,0.0,0,Bank Transfer,Missed
LP0001780,L000193,2022-10-01,4388.37,0.0,0.0,0.0,0.0,0,Cash,Pending
LP0000161,L000193,2022-11-01,4388.37,0.0,0.0,0.0,0.0,0,Cash,Pending
LP0001664,L000193,2022-12-01,4388.37,4388.37,2627.36,1761.01,0.0,0,Bank Transfer,Paid
LP0001956,L000194,2021-11-19,2949.49,2949.49,1894.31,966.7,88.48,5,Cash,Late
LP0000525,L000194,2021-12-19,2949.49,0.0,0.0,0.0,0.0,0,Online Banking,Missed
LP0001567,L000194,2022-01-19,2949.49,2949.49,1785.59,1163.9,0.0,0,Bank Transfer,Paid
LP0000505,L000194,2022-02-19,2949.49,0.0,0.0,0.0,0.0,0,Online Banking,Pending
LP0001633,L000195,2023-09-19,10600.14,0.0,0.0,0.0,0.0,0,Bank Transfer,Missed
LP0000286,L000195,2023-10-19,10600.14,10600.14,6393.44,3888.7,318.0,37,Cash,Late
LP0001128,L000195,2023-11-19,10600.14,10600.14,7006.2,3593.94,0.0,0,Debit Card,Paid
LP0000707,L000195,2023-12-19,10600.14,10600.14,7687.56,2912.58,0.0,0,Bank Transfer,Paid
LP0000169,L000195,2024-01-19,10600.14,10600.14,7397.03,2885.11,318.0,10,Cheque,Late
LP0001330,L000196,2020-03-16,142.2,0.0,0.0,0.0,0.0,0,Cheque,Pending
LP0000903,L000196,2020-04-16,142.2,0.0,0.0,0.0,0.0,0,Cheque,Missed
LP0000458,L000196,2020-05-16,142.2,142.2,90.84,47.09,4.27,6,Debit Card,Late
LP0000967,L000196,2020-06-16,142.2,0.0,0.0,0.0,0.0,0,Debit Card,Pending
LP0000776,L000196,2020-07-16,142.2,0.0,0.0,0.0,0.0,0,Online Banking,Pending
LP0001799,L000196,2020-08-16,142.2,142.2,106.31,35.89,0.0,0,Cash,Paid
LP0001425,L000196,2020-09-16,142.2,142.2,78.39,59.54,4.27,23,Debit Card,Late
LP0000921,L000196,2020-10-16,142.2,142.2,84.34,57.86,0.0,0,Cheque,Paid
LP0000987,L000197,2022-07-29,356.17,356.17,226.72,118.76,10.69,34,Cash,Late
LP0000407,L000197,2022-08-29,356.17,0.0,0.0,0.0,0.0,0,Cheque,Missed
LP0000759,L000197,2022-09-29,356.17,0.0,0.0,0.0,0.0,0,Online Banking,Pending
LP0000227,L000198,2022-08-18,18740.59,51991.44,43487.67,7941.55,562.22,16,Cash,Late
LP0000826,L000198,2022-09-18,18740.59,0.0,0.0,0.0,0.0,0,Cash,Missed
LP0001149,L000198,2022-10-18,18740.59,61350.63,55728.24,5622.39,0.0,0,Online Banking,Paid
LP0001051,L000198,2022-11-18,18740.59,0.0,0.0,0.0,0.0,0,Debit Card,Pending
LP0001674,L000198,2022-12-18,18740.59,0.0,0.0,0.0,0.0,0,Cheque,Pending
LP0001574,L000198,2023-01-18,18740.59,102629.04,97289.03,5340.01,0.0,0,Bank Transfer,Paid
LP0001689,L000198,2023-02-18,18740.59,18740.59,11573.6,7166.99,0.0,0,Bank Transfer,Paid
LP0000607,L000199,2023-07-23,1590.94,0.0,0.0,0.0,0.0,0,Cash,Pending
LP0001118,L000199,2023-08-23,1590.94,0.0,0.0,0.0,0.0,0,Debit Card,Pending
LP0000536,L000199,2023-09-23,1590.94,0.0,0.0,0.0,0.0,0,Debit Card,Missed
LP0000783,L000199,2023-10-23,1590.94,0.0,0.0,0.0,0.0,0,Debit Card,Pending
LP0001858,L000199,2023-11-23,1590.94,0.0,0.0,0.0,0.0,0,Cash,Missed
LP0001786,L000199,2023-12-23,1590.94,1590.94,1115.77,475.17,0.0,0,Credit Card,Paid
LP0001447,L000199,2024-01-23,1590.94,1590.94,1077.6,465.61,47.73,24,Credit Card,Late
LP0000355,L000199,2024-02-23,1590.94,1590.94,943.12,600.09,47.73,31,Cash,Late
LP0000160,L000200,2023-03-23,856.39,12490.47,12125.05,365.42,0.0,0,Auto Debit,Paid
LP0001684,L000200,2023-04-23,856.39,12535.02,12171.48,337.85,25.69,24,Cheque,Late
LP0000083,L000200,2023-05-23,856.39,15172.15,14945.79,226.36,0.0,0,Cash,Paid
LP0001842,L000200,2023-06-23,856.39,0.0,0.0,0.0,0.0,0,Credit Card,Pending
LP0001185,L000200,2023-07-23,856.39,14435.92,14152.6,283.32,0.0,0,Debit Card,Paid
LP0000919,L000200,2023-08-23,856.39,13353.96,13024.98,303.29,25.69,41,Cheque,Late
LP0001887,L000200,2023-09-23,856.39,15416.46,15174.52,216.25,25.69,41,Credit Card,Late
LP0000888,L000200,2023-10-23,856.39,856.39,613.5,242.89,0.0,0,Cash,Paid
LP0000234,L000201,2022-06-04,15484.5,0.0,0.0,0.0,0.0,0,Debit Card,Pending
LP0000584,L000201,2022-07-04,15484.5,0.0,0.0,0.0,0.0,0,Debit Card,Pending
LP0000779,L000201,2022-08-04,15484.5,0.0,0.0,0.0,0.0,0,Debit Card,Pending
LP0001017,L000201,2022-09-04,15484.5,15484.5,10261.69,4758.27,464.54,31,Bank Transfer,Late
LP0001740,L000201,2022-10-04,15484.5,0.0,0.0,0.0,0.0,0,Cash,Pending
LP0000811,L000201,2022-11-04,15484.5,15484.5,10242.33,5242.17,0.0,0,Cash,Paid
LP0001035,L000202,2023-06-23,3623.41,0.0,0.0,0.0,0.0,0,Bank Transfer,Missed
LP0000115,L000202,2023-07-23,3623.41,198611.04,197330.24,1172.1,108.7,38,Credit Card,Late
LP0000338,L000202,2023-08-23,3623.41,0.0,0.0,0.0,0.0,0,Online Banking,Missed
LP0001907,L000202,2023-09-23,3623.41,187301.87,185885.2,1416.67,0.0,0,Cheque,Paid
LP0000211,L000203,2021-10-10,1135.69,1135.69,766.05,335.57,34.07,8,Cheque,Late
LP0001190,L000203,2021-11-10,1135.69,0.0,0.0,0.0,0.0,0,Cash,Pending
LP0001350,L000203,2021-12-10,1135.69,1135.69,754.44,381.25,0.0,0,Credit Card,Paid
LP0001821,L000203,2022-01-10,1135.69,1135.69,658.62,443.0,34.07,17,Cash,Late
LP0000863,L000204,2021-06-30,1907.36,0.0,0.0,0.0,0.0,0,Cash,Missed
LP0001437,L000204,2021-07-30,1907.36,1907.36,1145.67,704.47,57.22,29,Cheque,Late
LP0000663,L000204,2021-08-30,1907.36,0.0,0.0,0.0,0.0,0,Credit Card,Pending
LP0000867,L000204,2021-09-30,1907.36,0.0,0.0,0.0,0.0,0,Cash,Missed
LP0000006,L000205,2024-01-15,1733.36,0.0,0.0,0.0,0.0,0,Credit Card,Missed
LP0000506,L000205,2024-02-15,1733.36,1733.36,1208.26,473.1,52.0,26,Online Banking,Late
LP0000440,L000205,2024-03-15,1733.36,0.0,0.0,0.0,0.0,0,Debit Card,Pending
LP0001327,L000205,2024-04-15,1733.36,0.0,0.0,0.0,0.0,0,Bank Transfer,Missed
LP0001964,L000205,2024-05-15,1733.36,1733.36,1107.88,573.48,52.0,36,Credit Card,Late
LP0001935,L000205,2024-06-15,1733.36,0.0,0.0,0.0,0.0,0,Bank Transfer,Pending
LP0001899,L000205,2024-07-15,1733.36,1733.36,1143.35,538.01,52.0,21,Cash,Late
LP0001140,L000206,2022-08-27,9169.4,47520.11,44720.34,2524.69,275.08,24,Cash,Late
LP0000817,L000206,2022-09-27,9169.4,0.0,0.0,0.0,0.0,0,Online Banking,Missed
LP0001039,L000206,2022-10-27,9169.4,42568.91,38946.8,3622.11,0.0,0,Cash,Paid
LP0001325,L000206,2022-11-27,9169.4,0.0,0.0,0.0,0.0,0,Bank Transfer,Missed
LP0001117,L000206,2022-12-27,9169.4,43045.1,39502.08,3543.02,0.0,0,Bank Transfer,Paid
LP0000485,L000206,2023-01-27,9169.4,41392.31,37574.78,3817.53,0.0,0,Bank Transfer,Paid
LP0000139,L000206,2023-02-27,9169.4,0.0,0.0,0.0,0.0,0,Credit Card,Pending
LP0001462,L000206,2023-03-27,9169.4,40183.68,36165.41,3743.19,275.08,9,Auto Debit,Late
LP0001153,L000206,2023-04-27,9169.4,49806.41,47386.37,2420.04,0.0,0,Cash,Paid
LP0001706,L000206,2023-05-27,9169.4,40656.06,36716.25,3939.81,0.0,0,Cash,Paid
LP0001848,L000207,2021-08-07,3932.98,3932.98,2699.71,1115.28,117.99,26,Credit Card,Late
LP0001544,L000207,2021-09-07,3932.98,0.0,0.0,0.0,0.0,0,Auto Debit,Missed
LP0000960,L000207,2021-10-07,3932.98,0.0,0.0,0.0,0.0,0,Cash,Missed
LP0001900,L000208,2023-05-07,3565.38,79843.02,78218.44,1517.62,106.96,9,Bank Transfer,Late
LP0001144,L000208,2023-06-07,3565.38,0.0,0.0,0.0,0.0,0,Auto Debit,Pending
LP0000692,L000208,2023-07-07,3565.38,0.0,0.0,0.0,0.0,0,Cash,Missed
LP0000508,L000208,2023-08-07,3565.38,0.0,0.0,0.0,0.0,0,Cheque,Pending
LP0000748,L000208,2023-09-07,3565.38,84449.24,82941.86,1507.38,0.0,0,Cheque,Paid
LP0000977,L000208,2023-10-07,3565.38,0.0,0.0,0.0,0.0,0,Cheque,Pending
LP0000053,L000208,2023-11-07,3565.38,94778.63,93534.07,1137.6,106.96,21,Auto Debit,Late
LP0000523,L000208,2023-12-07,3565.38,193330.42,192292.56,930.9,106.96,16,Cheque,Late
LP0000151,L000208,2024-01-07,3565.38,3565.38,2136.38,1429.0,0.0,0,Cheque,Paid
LP0000252,L000209,2020-04-02,3246.14,0.0,0.0,0.0,0.0,0,Cash,Missed
LP0001559,L000209,2020-05-02,3246.14,0.0,0.0,0.0,0.0,0,Cheque,Pending
LP0001130,L000209,2020-06-02,3246.14,18410.5,17312.16,1000.96,97.38,11,Debit Card,Late
LP0001579,L000209,2020-07-02,3246.14,0.0,0.0,0.0,0.0,0,Credit Card,Pending
LP0001095,L000209,2020-08-02,3246.14,17857.31,16408.37,1351.56,97.38,4,Debit Card,Late
LP0001046,L000209,2020-09-02,3246.14,3246.14,2297.17,948.97,0.0,0,Cheque,Paid
LP0000979,L000210,2024-01-26,977.17,0.0,0.0,0.0,0.0,0,Cash,Missed
LP0001676,L000210,2024-02-26,977.17,977.17,631.93,345.24,0.0,0,Cash,Paid
LP0000610,L000210,2024-03-26,977.17,0.0,0.0,0.0,0.0,0,Auto Debit,Pending
LP0000526,L000210,2024-04-26,977.17,977.17,661.97,315.2,0.0,0,Credit Card,Paid
LP0001861,L000210,2024-05-26,977.17,977.17,708.16,269.01,0.0,0,Cash,Paid
LP0001892,L000210,2024-06-26,977.17,977.17,583.65,364.2,29.32,29,Online Banking,Late
LP0000898,L000210,2024-07-26,977.17,0.0,0.0,0.0,0.0,0,Debit Card,Pending
LP0001742,L000211,2023-11-17,3334.07,0.0,0.0,0.0,0.0,0,Debit Card,Pending
LP0000066,L000211,2023-12-17,3334.07,3334.07,2006.79,1327.28,0.0,0,Cheque,Paid
LP0000030,L000211,2024-01-17,3334.07,3334.07,1945.77,1388.3,0.0,0,Bank Transfer,Paid
LP0001758,L000211,2024-02-17,3334.07,3334.07,2296.64,1037.43,0.0,0,Debit Card,Paid
LP0001938,L000211,2024-03-17,3334.07,3334.07,2123.9,1110.15,100.02,30,Online Banking,Late
LP0000680,L000211,2024-04-17,3334.07,3334.07,1962.76,1371.31,0.0,0,Credit Card,Paid
LP0001471,L000211,2024-05-17,3334.07,0.0,0.0,0.0,0.0,0,Cheque,Pending
LP0000608,L000211,2024-06-17,3334.07,0.0,0.0,0.0,0.0,0,Auto Debit,Pending
LP0000893,L000211,2024-07-17,3334.07,0.0,0.0,0.0,0.0,0,Online Banking,Pending
LP0000275,L000211,2024-08-17,3334.07,3334.07,2289.72,944.33,100.02,3,Cheque,Late
LP0001816,L000212,2023-09-12,2615.51,0.0,0.0,0.0,0.0,0,Bank Transfer,Pending
LP0001717,L000212,2023-10-12,2615.51,0.0,0.0,0.0,0.0,0,Cheque,Pending
LP0000492,L000212,2023-11-12,2615.51,0.0,0.0,0.0,0.0,0,Cash,Pending
LP0000382,L000212,2023-12-12,2615.51,2615.51,1855.93,759.58,0.0,0,Online Banking,Paid
LP0001119,L000212,2024-01-12,2615.51,2615.51,1894.09,642.95,78.47,37,Cheque,Late
LP0001657,L000213,2020-05-15,2102.48,2102.48,1370.95,731.53,0.0,0,Cheque,Paid
LP0000962,L000213,2020-06-15,2102.48,0.0,0.0,0.0,0.0,0,Debit Card,Pending
LP0000395,L000213,2020-07-15,2102.48,2102.48,1192.39,847.02,63.07,21,Cash,Late
LP0000910,L000213,2020-08-15,2102.48,2102.48,1396.37,643.04,63.07,4,Cash,Late
LP0001609,L000213,2020-09-15,2102.48,0.0,0.0,0.0,0.0,0,Credit Card,Pending
LP0001057,L000213,2020-10-15,2102.48,0.0,0.0,0.0,0.0,0,Debit Card,Pending
LP0000942,L000214,2023-01-23,2789.0,2789.0,1946.76,758.57,83.67,15,Debit Card,Late
LP0000688,L000214,2023-02-23,2789.0,2789.0,1655.97,1049.36,83.67,26,Debit Card,Late
LP0000894,L000214,2023-03-23,2789.0,0.0,0.0,0.0,0.0,0,Cash,Pending
LP0000615,L000214,2023-04-23,2789.0,0.0,0.0,0.0,0.0,0,Bank Transfer,Pending
LP0001955,L000214,2023-05-23,2789.0,0.0,0.0,0.0,0.0,0,Debit Card,Pending
LP0001532,L000215,2022-06-24,1256.78,0.0,0.0,0.0,0.0,0,Bank Transfer,Missed
LP0001237,L000215,2022-07-24,1256.78,0.0,0.0,0.0,0.0,0,Cash,Pending
LP0000039,L000215,2022-08-24,1256.78,4153.92,2894.44,1134.86,124.62,30,Cheque,Late
LP0000786,L000215,2022-09-24,1256.78,4153.92,2726.56,1427.36,0.0,0,Credit Card,Paid
LP0001090,L000215,2022-10-24,1256.78,4153.92,2934.21,1095.09,124.62,32,Bank Transfer,Late
LP0001726,L000215,2022-11-24,1256.78,4153.92,2491.18,1662.74,0.0,0,Cash,Paid
LP0000257,L000216,2021-09-29,9001.72,0.0,0.0,0.0,0.0,0,Credit Card,Pending
LP0000666,L000216,2021-10-29,9001.72,9001.72,5698.29,3303.43,0.0,0,Auto Debit,Paid
LP0001775,L000216,2021-11-29,9001.72,9001.72,5012.34,3989.38,0.0,0,Credit Card,Paid
LP0000696,L000216,2021-12-29,9001.72,9001.72,6269.39,2732.33,0.0,0,Debit Card,Paid
LP0001594,L000216,2022-01-29,9001.72,9001.72,5779.82,2951.85,270.05,26,Online Banking,Late
LP0001540,L000216,2022-02-28,9001.72,9001.72,6596.86,2404.86,0.0,0,Cheque,Paid
LP0000499,L000216,2022-03-29,9001.72,0.0,0.0,0.0,0.0,0,Debit Card,Pending
LP0000550,L000216,2022-04-29,9001.72,9001.72,5073.83,3657.84,270.05,21,Bank Transfer,Late
LP0000099,L000216,2022-05-29,9001.72,9001.72,6339.98,2391.69,270.05,14,Debit Card,Late
LP0000870,L000217,2023-12-14,3315.59,0.0,0.0,0.0,0.0,0,Bank Transfer,Missed
LP0001986,L000217,2024-01-14,3315.59,66282.1,65277.01,1005.09,0.0,0,Debit Card,Paid
LP0001807,L000217,2024-02-14,3315.59,63320.31,62206.54,1113.77,0.0,0,Cash,Paid
LP0001331,L000217,2024-03-14,3315.59,55695.11,54301.54,1294.1,99.47,3,Auto Debit,Late
LP0000897,L000217,2024-04-14,3315.59,67290.43,66322.34,968.09,0.0,0,Cash,Paid
LP0001003,L000217,2024-05-14,3315.59,68005.27,67063.41,941.86,0.0,0,Cash,Paid
LP0001703,L000218,2020-07-26,4346.24,0.0,0.0,0.0,0.0,0,Credit Card,Missed
LP0000622,L000218,2020-08-26,4346.24,124552.3,122694.67,1857.63,0.0,0,Bank Transfer,Paid
LP0000629,L000218,2020-09-26,4346.24,0.0,0.0,0.0,0.0,0,Bank Transfer,Missed
LP0000835,L000218,2020-10-26,4346.24,149885.99,148552.84,1333.15,0.0,0,Cash,Paid
LP0001349,L000218,2020-11-26,4346.24,144533.11,143089.14,1443.97,0.0,0,Cheque,Paid
LP0001850,L000219,2021-10-09,4488.76,0.0,0.0,0.0,0.0,0,Debit Card,Missed
LP0001333,L000219,2021-11-09,4488.76,0.0,0.0,0.0,0.0,0,Bank Transfer,Pending
LP0001430,L000219,2021-12-09,4488.76,4488.76,2569.17,1919.59,0.0,0,Bank Transfer,Paid
LP0001944,L000219,2022-01-09,4488.76,4488.76,2978.91,1375.19,134.66,34,Cheque,Late
LP0001267,L000219,2022-02-09,4488.76,4488.76,2885.66,1468.44,134.66,42,Bank Transfer,Late
LP0001168,L000219,2022-03-09,4488.76,0.0,0.0,0.0,0.0,0,Bank Transfer,Pending
LP0001478,L000220,2022-09-27,7080.75,7080.75,4342.05,2526.28,212.42,4,Bank Transfer,Late
LP0000809,L000220,2022-10-27,7080.75,0.0,0.0,0.0,0.0,0,Cash,Missed
LP0000025,L000220,2022-11-27,7080.75,0.0,0.0,0.0,0.0,0,Auto Debit,Pending
LP0001111,L000220,2022-12-27,7080.75,0.0,0.0,0.0,0.0,0,Credit Card,Missed
LP0001245,L000220,2023-01-27,7080.75,7080.75,4959.36,1908.97,212.42,42,Cash,Late
LP0001351,L000220,2023-02-27,7080.75,7080.75,3947.27,3133.48,0.0,0,Cheque,Paid
LP0001444,L000220,2023-03-27,7080.75,7080.75,4715.85,2364.9,0.0,0,Debit Card,Paid
LP0001106,L000220,2023-04-27,7080.75,7080.75,4750.26,2118.07,212.42,30,Credit Card,Late
LP0000884,L000221,2022-07-15,4396.74,4396.74,3125.86,1138.98,131.9,10,Bank Transfer,Late
LP0000816,L000221,2022-08-15,4396.74,4396.74,3123.32,1141.52,131.9,44,Cheque,Late
LP0000679,L000221,2022-09-15,4396.74,0.0,0.0,0.0,0.0,0,Online Banking,Pending
LP0001158,L000221,2022-10-15,4396.74,0.0,0.0,0.0,0.0,0,Cheque,Missed
LP0001072,L000221,2022-11-15,4396.74,0.0,0.0,0.0,0.0,0,Cheque,Missed
LP0000386,L000222,2023-07-18,5197.86,5197.86,3205.47,1836.45,155.94,19,Cash,Late
LP0001598,L000222,2023-08-18,5197.86,5197.86,2864.74,2333.12,0.0,0,Debit Card,Paid
LP0000347,L000223,2023-07-02,2043.02,2043.02,1289.17,753.85,0.0,0,Cash,Paid
LP0001777,L000223,2023-08-02,2043.02,0.0,0.0,0.0,0.0,0,Debit Card,Missed
LP0000460,L000223,2023-09-02,2043.02,0.0,0.0,0.0,0.0,0,Cheque,Pending
LP0000729,L000223,2023-10-02,2043.02,2043.02,1447.35,534.38,61.29,22,Cheque,Late
LP0000938,L000223,2023-11-02,2043.02,0.0,0.0,0.0,0.0,0,Cash,Missed
LP0000879,L000223,2023-12-02,2043.02,0.0,0.0,0.0,0.0,0,Cheque,Missed
LP0000904,L000223,2024-01-02,2043.02,2043.02,1449.48,532.25,61.29,41,Online Banking,Late
LP0001165,L000223,2024-02-02,2043.02,2043.02,1188.52,793.21,61.29,19,Cash,Late
LP0000589,L000223,2024-03-02,2043.02,2043.02,1451.39,530.34,61.29,41,Cheque,Late
LP0001426,L000224,2023-09-28,4264.34,0.0,0.0,0.0,0.0,0,Debit Card,Pending
LP0000984,L000224,2023-10-28,4264.34,0.0,0.0,0.0,0.0,0,Debit Card,Pending
LP0001450,L000224,2023-11-28,4264.34,394495.34,392856.42,1510.99,127.93,13,Cheque,Late
LP0000718,L000224,2023-12-28,4264.34,4264.34,2620.36,1643.98,0.0,0,Cheque,Paid
LP0000273,L000225,2021-05-25,6476.45,0.0,0.0,0.0,0.0,0,Online Banking,Missed
LP0000476,L000225,2021-06-25,6476.45,0.0,0.0,0.0,0.0,0,Cheque,Pending
LP0000494,L000225,2021-07-25,6476.45,6476.45,4153.3,2128.86,194.29,23,Debit Card,Late
LP0001851,L000225,2021-08-25,6476.45,6476.45,4346.08,1936.08,194.29,30,Cheque,Late
LP0000580,L000226,2022-12-12,8936.72,50195.29,46300.22,3895.07,0.0,0,Cheque,Paid
LP0001736,L000226,2023-01-12,8936.72,58393.65,55500.39,2625.16,268.1,9,Bank Transfer,Late
LP0001383,L000226,2023-02-12,8936.72,52873.77,49306.0,3299.67,268.1,40,Credit Card,Late
LP0000237,L000226,2023-03-12,8936.72,55231.36,51951.68,3279.68,0.0,0,Cheque,Paid
LP0000113,L000226,2023-04-12,8936.72,58058.04,55123.77,2934.27,0.0,0,Cash,Paid
LP0001903,L000226,2023-05-12,8936.72,0.0,0.0,0.0,0.0,0,Auto Debit,Missed
LP0000405,L000226,2023-06-12,8936.72,0.0,0.0,0.0,0.0,0,Cheque,Pending
LP0000420,L000226,2023-07-12,8936.72,100321.11,97453.48,2867.63,0.0,0,Cheque,Paid
LP0000086,L000226,2023-08-12,8936.72,8936.72,6613.08,2323.64,0.0,0,Cash,Paid
LP0001166,L000227,2021-01-14,10384.94,79649.85,76698.95,2950.9,0.0,0,Cash,Paid
LP0000619,L000227,2021-02-14,10384.94,74173.89,71278.67,2895.22,0.0,0,Cash,Paid
LP0001027,L000227,2021-03-14,10384.94,64551.03,59979.61,4259.87,311.55,10,Debit Card,Late
LP0001670,L000227,2021-04-14,10384.94,0.0,0.0,0.0,0.0,0,Auto Debit,Missed
LP0000675,L000227,2021-05-14,10384.94,0.0,0.0,0.0,0.0,0,Credit Card,Pending
LP0000568,L000227,2021-06-14,10384.94,79266.07,76273.98,2680.54,311.55,35,Debit Card,Late
LP0001323,L000227,2021-07-14,10384.94,0.0,0.0,0.0,0.0,0,Cash,Missed
LP0000992,L000227,2021-08-14,10384.94,10384.94,5994.74,4390.2,0.0,0,Cheque,Paid
LP0000981,L000228,2023-05-08,1794.73,1794.73,1174.51,566.38,53.84,20,Cheque,Late
LP0001811,L000228,2023-06-08,1794.73,0.0,0.0,0.0,0.0,0,Cheque,Missed
LP0000391,L000228,2023-07-08,1794.73,1794.73,1085.47,655.42,53.84,27,Bank Transfer,Late
LP0000245,L000228,2023-08-08,1794.73,1794.73,1003.24,737.65,53.84,28,Cheque,Late
LP0001494,L000228,2023-09-08,1794.73,1794.73,1171.03,623.7,0.0,0,Debit Card,Paid
LP0000311,L000229,2021-04-22,15806.96,112740.81,105848.81,6892.0,0.0,0,Bank Transfer,Paid
LP0000322,L000229,2021-05-22,15806.96,0.0,0.0,0.0,0.0,0,Cash,Pending
LP0000315,L000229,2021-06-22,15806.96,0.0,0.0,0.0,0.0,0,Debit Card,Pending
LP0001693,L000229,2021-07-22,15806.96,113414.08,106584.0,6830.08,0.0,0,Credit Card,Paid
LP0000734,L000229,2021-08-22,15806.96,0.0,0.0,0.0,0.0,0,Cheque,Pending
LP0001675,L000229,2021-09-22,15806.96,107479.39,101029.28,5975.9,474.21,9,Debit Card,Late
LP0001432,L000229,2021-10-22,15806.96,15806.96,10066.17,5740.79,0.0,0,Cash,Paid
LP0001067,L000230,2023-05-03,2051.75,66992.89,66130.86,800.48,61.55,19,Cash,Late
LP0000480,L000230,2023-06-03,2051.75,71222.5,70460.02,700.93,61.55,11,Cheque,Late
LP0000524,L000230,2023-07-03,2051.75,2051.75,1204.34,847.41,0.0,0,Cash,Paid
LP0000839,L000231,2023-04-28,11083.84,11083.84,7119.98,3963.86,0.0,0,Auto Debit,Paid
LP0000624,L000231,2023-05-28,11083.84,11083.84,6807.95,4275.89,0.0,0,Online Banking,Paid
LP0001223,L000231,2023-06-28,11083.84,0.0,0.0,0.0,0.0,0,Bank Transfer,Pending
LP0001177,L000231,2023-07-28,11083.84,11083.84,7870.32,2881.0,332.52,24,Cheque,Late
LP0001329,L000231,2023-08-28,11083.84,11083.84,7857.2,2894.12,332.52,5,Cash,Late
LP0000519,L000231,2023-09-28,11083.84,11083.84,6281.06,4470.26,332.52,31,Credit Card,Late
LP0001102,L000231,2023-10-28,11083.84,0.0,0.0,0.0,0.0,0,Cheque,Missed
LP0001343,L000231,2023-11-28,11083.84,11083.84,7611.66,3139.66,332.52,43,Auto Debit,Late
LP0001302,L000232,2023-06-25,6003.03,6003.03,3456.39,2546.64,0.0,0,Bank Transfer,Paid
LP0000041,L000232,2023-07-25,6003.03,0.0,0.0,0.0,0.0,0,Cash,Pending
LP0000016,L000232,2023-08-25,6003.03,6003.03,3492.08,2330.86,180.09,24,Bank Transfer,Late
LP0001524,L000232,2023-09-25,6003.03,6003.03,3778.73,2044.21,180.09,15,Online Banking,Late
LP0001530,L000232,2023-10-25,6003.03,6003.03,3953.23,2049.8,0.0,0,Online Banking,Paid
LP0001266,L000232,2023-11-25,6003.03,0.0,0.0,0.0,0.0,0,Auto Debit,Missed
LP0001753,L000233,2023-06-23,303.14,303.14,217.22,76.83,9.09,23,Debit Card,Late
LP0001335,L000233,2023-07-23,303.14,0.0,0.0,0.0,0.0,0,Bank Transfer,Missed
LP0001911,L000233,2023-08-23,303.14,0.0,0.0,0.0,0.0,0,Debit Card,Missed
LP0001360,L000233,2023-09-23,303.14,303.14,199.69,94.36,9.09,12,Cash,Late
LP0001088,L000233,2023-10-23,303.14,0.0,0.0,0.0,0.0,0,Credit Card,Pending
LP0000740,L000233,2023-11-23,303.14,303.14,198.07,105.07,0.0,0,Debit Card,Paid
LP0000399,L000234,2022-08-10,459.81,0.0,0.0,0.0,0.0,0,Debit Card,Missed
LP0001286,L000234,2022-09-10,459.81,0.0,0.0,0.0,0.0,0,Credit Card,Missed
LP0001492,L000234,2022-10-10,459.81,459.81,300.06,145.96,13.79,8,Bank Transfer,Late
LP0000613,L000234,2022-11-10,459.81,459.81,335.55,124.26,0.0,0,Credit Card,Paid
LP0000251,L000234,2022-12-10,459.81,459.81,285.21,160.81,13.79,16,Bank Transfer,Late
LP0001253,L000234,2023-01-10,459.81,0.0,0.0,0.0,0.0,0,Cash,Pending
LP0000701,L000235,2023-06-09,11274.19,0.0,0.0,0.0,0.0,0,Bank Transfer,Missed
LP0000088,L000235,2023-07-09,11274.19,11274.19,7650.05,3624.14,0.0,0,Credit Card,Paid
LP0000209,L000235,2023-08-09,11274.19,11274.19,6889.1,4046.86,338.23,33,Online Banking,Late
LP0001159,L000236,2023-01-31,7933.59,7933.59,5724.78,1970.8,238.01,9,Credit Card,Late
LP0001778,L000236,2023-02-28,7933.59,7933.59,4269.5,3426.08,238.01,36,Online Banking,Late
LP0001852,L000236,2023-03-31,7933.59,0.0,0.0,0.0,0.0,0,Cash,Pending
LP0001103,L000236,2023-04-30,7933.59,7933.59,4473.81,3221.77,238.01,41,Debit Card,Late
LP0001361,L000236,2023-05-31,7933.59,7933.59,5420.26,2275.32,238.01,17,Credit Card,Late
LP0001210,L000236,2023-06-30,7933.59,7933.59,5434.67,2260.91,238.01,44,Cash,Late
LP0000247,L000236,2023-07-31,7933.59,0.0,0.0,0.0,0.0,0,Cheque,Pending
LP0001608,L000236,2023-08-31,7933.59,0.0,0.0,0.0,0.0,0,Bank Transfer,Pending
LP0000436,L000236,2023-09-30,7933.59,7933.59,4415.23,3280.35,238.01,36,Credit Card,Late
LP0000469,L000236,2023-10-31,7933.59,7933.59,5900.07,2033.52,0.0,0,Credit Card,Paid
LP0001382,L000236,2023-11-30,7933.59,0.0,0.0,0.0,0.0,0,Bank Transfer,Missed
LP0000012,L000236,2023-12-31,7933.59,0.0,0.0,0.0,0.0,0,Debit Card,Missed
LP0001205,L000237,2023-04-07,2107.44,0.0,0.0,0.0,0.0,0,Cheque,Missed
LP0001939,L000237,2023-05-07,2107.44,0.0,0.0,0.0,0.0,0,Auto Debit,Missed
LP0000222,L000237,2023-06-07,2107.44,2107.44,1428.09,616.13,63.22,8,Credit Card,Late
LP0001827,L000237,2023-07-07,2107.44,0.0,0.0,0.0,0.0,0,Bank Transfer,Missed
LP0000980,L000237,2023-08-07,2107.44,2107.44,1460.54,646.9,0.0,0,Credit Card,Paid
LP0000714,L000238,2022-10-02,21992.05,21992.05,13469.29,8522.76,0.0,0,Bank Transfer,Paid
LP0000604,L000238,2022-11-02,21992.05,21992.05,14188.93,7143.36,659.76,27,Bank Transfer,Late
LP0000793,L000238,2022-12-02,21992.05,21992.05,16430.01,5562.04,0.0,0,Debit Card,Paid
LP0000950,L000238,2023-01-02,21992.05,0.0,0.0,0.0,0.0,0,Cash,Pending
LP0001230,L000238,2023-02-02,21992.05,0.0,0.0,0.0,0.0,0,Credit Card,Missed
LP0000168,L000238,2023-03-02,21992.05,0.0,0.0,0.0,0.0,0,Cash,Missed
LP0001152,L000239,2023-05-09,5040.52,5040.52,2869.33,2171.19,0.0,0,Credit Card,Paid
LP0001148,L000239,2023-06-09,5040.52,0.0,0.0,0.0,0.0,0,Bank Transfer,Missed
LP0001402,L000239,2023-07-09,5040.52,0.0,0.0,0.0,0.0,0,Debit Card,Missed
LP0000799,L000239,2023-08-09,5040.52,0.0,0.0,0.0,0.0,0,Bank Transfer,Pending
LP0000424,L000239,2023-09-09,5040.52,5040.52,3252.71,1787.81,0.0,0,Cheque,Paid
LP0000958,L000239,2023-10-09,5040.52,0.0,0.0,0.0,0.0,0,Bank Transfer,Missed
LP0001455,L000239,2023-11-09,5040.52,5040.52,2807.11,2082.19,151.22,5,Credit Card,Late
LP0001475,L000240,2023-12-01,31882.46,186796.95,177796.31,9000.64,0.0,0,Credit Card,Paid
LP0000119,L000240,2024-01-01,31882.46,0.0,0.0,0.0,0.0,0,Debit Card,Pending
LP0000219,L000240,2024-02-01,31882.46,0.0,0.0,0.0,0.0,0,Cheque,Pending
LP0001872,L000240,2024-03-01,31882.46,0.0,0.0,0.0,0.0,0,Cash,Pending
LP0001308,L000240,2024-04-01,31882.46,176167.99,163226.63,12941.36,0.0,0,Debit Card,Paid
LP0001966,L000240,2024-05-01,31882.46,0.0,0.0,0.0,0.0,0,Cash,Missed
LP0000445,L000240,2024-06-01,31882.46,31882.46,19389.83,12492.63,0.0,0,Debit Card,Paid
LP0001600,L000241,2024-01-15,6153.79,0.0,0.0,0.0,0.0,0,Auto Debit,Pending
LP0001772,L000241,2024-02-15,6153.79,6153.79,4264.3,1889.49,0.0,0,Debit Card,Paid
LP0001087,L000241,2024-03-15,6153.79,6153.79,3801.59,2352.2,0.0,0,Credit Card,Paid
LP0000794,L000242,2024-01-05,2168.08,0.0,0.0,0.0,0.0,0,Bank Transfer,Pending
LP0000373,L000242,2024-02-05,2168.08,2168.08,1558.74,544.3,65.04,2,Cheque,Late
LP0001364,L000242,2024-03-05,2168.08,2168.08,1435.93,667.11,65.04,27,Debit Card,Late
LP0001056,L000242,2024-04-05,2168.08,2168.08,1409.31,758.77,0.0,0,Bank Transfer,Paid
LP0000110,L000242,2024-05-05,2168.08,0.0,0.0,0.0,0.0,0,Cash,Missed
LP0001171,L000242,2024-06-05,2168.08,0.0,0.0,0.0,0.0,0,Debit Card,Pending
LP0001134,L000242,2024-07-05,2168.08,0.0,0.0,0.0,0.0,0,Cash,Pending
LP0000763,L000242,2024-08-05,2168.08,2168.08,1220.09,947.99,0.0,0,Bank Transfer,Paid
LP0001380,L000243,2022-12-30,6002.13,0.0,0.0,0.0,0.0,0,Cash,Pending
LP0001720,L000243,2023-01-30,6002.13,6002.13,3890.92,1931.15,180.06,11,Cash,Late
LP0001889,L000243,2023-02-28,6002.13,6002.13,4406.03,1596.1,0.0,0,Debit Card,Paid
LP0000545,L000243,2023-03-30,6002.13,0.0,0.0,0.0,0.0,0,Credit Card,Pending
LP0000489,L000243,2023-04-30,6002.13,0.0,0.0,0.0,0.0,0,Cheque,Missed
LP0001859,L000243,2023-05-30,6002.13,0.0,0.0,0.0,0.0,0,Cheque,Pending
LP0000103,L000243,2023-06-30,6002.13,0.0,0.0,0.0,0.0,0,Auto Debit,Pending
LP0000207,L000243,2023-07-30,6002.13,0.0,0.0,0.0,0.0,0,Bank Transfer,Missed
LP0000671,L000244,2020-04-18,7289.36,17159.3,9881.01,7278.29,0.0,0,Credit Card,Paid
LP0001273,L000244,2020-05-18,7289.36,17159.3,11671.0,4973.52,514.78,7,Auto Debit,Late
LP0001264,L000244,2020-06-18,7289.36,0.0,0.0,0.0,0.0,0,Cash,Missed
LP0000188,L000244,2020-07-18,7289.36,0.0,0.0,0.0,0.0,0,Cash,Pending
LP0001784,L000244,2020-08-18,7289.36,0.0,0.0,0.0,0.0,0,Cheque,Missed
LP0000127,L000244,2020-09-18,7289.36,0.0,0.0,0.0,0.0,0,Cheque,Pending
LP0001733,L000245,2022-10-22,7549.1,0.0,0.0,0.0,0.0,0,Cheque,Pending
LP0000727,L000245,2022-11-22,7549.1,0.0,0.0,0.0,0.0,0,Cash,Missed
LP0001960,L000245,2022-12-22,7549.1,7549.1,5461.53,1861.1,226.47,41,Cash,Late
LP0001110,L000245,2023-01-22,7549.1,7549.1,4412.74,3136.36,0.0,0,Cheque,Paid
LP0001991,L000245,2023-02-22,7549.1,0.0,0.0,0.0,0.0,0,Cash,Pending
LP0000446,L000246,2021-09-27,4252.85,4252.85,2969.24,1156.02,127.59,22,Bank Transfer,Late
LP0000102,L000246,2021-10-27,4252.85,4252.85,2650.6,1602.25,0.0,0,Cash,Paid
LP0001875,L000246,2021-11-27,4252.85,4252.85,3019.51,1105.75,127.59,10,Cash,Late
LP0000324,L000246,2021-12-27,4252.85,4252.85,2878.36,1374.49,0.0,0,Cheque,Paid
LP0000605,L000246,2022-01-27,4252.85,0.0,0.0,0.0,0.0,0,Cheque,Missed
LP0001950,L000246,2022-02-27,4252.85,4252.85,2721.51,1531.34,0.0,0,Debit Card,Paid
LP0000528,L000246,2022-03-27,4252.85,4252.85,2852.28,1400.57,0.0,0,Bank Transfer,Paid
LP0000340,L000246,2022-04-27,4252.85,4252.85,2785.21,1340.05,127.59,4,Cheque,Late
LP0001029,L000247,2022-02-08,1292.38,0.0,0.0,0.0,0.0,0,Bank Transfer,Pending
LP0000165,L000247,2022-03-08,1292.38,0.0,0.0,0.0,0.0,0,Debit Card,Pending
LP0000078,L000247,2022-04-08,1292.38,0.0,0.0,0.0,0.0,0,Credit Card,Missed
LP0001358,L000247,2022-05-08,1292.38,4507.5,3003.67,1368.61,135.22,12,Cash,Late
LP0000448,L000247,2022-06-08,1292.38,0.0,0.0,0.0,0.0,0,Credit Card,Pending
LP0000875,L000247,2022-07-08,1292.38,4507.5,3019.1,1488.4,0.0,0,Online Banking,Paid
LP0000713,L000248,2020-10-25,14699.83,0.0,0.0,0.0,0.0,0,Debit Card,Missed
LP0001440,L000248,2020-11-25,14699.83,0.0,0.0,0.0,0.0,0,Cash,Pending
LP0000343,L000248,2020-12-25,14699.83,14699.83,10176.46,4082.38,440.99,7,Debit Card,Late
LP0001948,L000248,2021-01-25,14699.83,14699.83,9293.74,5406.09,0.0,0,Cheque,Paid
LP0001176,L000248,2021-02-25,14699.83,14699.83,8943.12,5756.71,0.0,0,Debit Card,Paid
LP0001446,L000249,2024-01-12,1128.84,1128.84,736.54,358.43,33.87,29,Credit Card,Late
LP0000466,L000249,2024-02-12,1128.84,1128.84,752.99,341.98,33.87,42,Cheque,Late
LP0001407,L000249,2024-03-12,1128.84,1128.84,640.94,454.03,33.87,8,Debit Card,Late
LP0000812,L000249,2024-04-12,1128.84,0.0,0.0,0.0,0.0,0,Cash,Pending
LP0001161,L000249,2024-05-12,1128.84,1128.84,818.79,310.05,0.0,0,Debit Card,Paid
LP0001156,L000249,2024-06-12,1128.84,0.0,0.0,0.0,0.0,0,Cash,Missed
LP0000599,L000249,2024-07-12,1128.84,0.0,0.0,0.0,0.0,0,Cash,Pending
LP0000874,L000249,2024-08-12,1128.84,0.0,0.0,0.0,0.0,0,Cheque,Missed
LP0001419,L000250,2022-11-20,4897.88,0.0,0.0,0.0,0.0,0,Debit Card,Missed
LP0001131,L000250,2022-12-20,4897.88,4897.88,3150.03,1747.85,0.0,0,Cheque,Paid
LP0000677,L000250,2023-01-20,4897.88,0.0,0.0,0.0,0.0,0,Cheque,Pending
LP0001076,L000250,2023-02-20,4897.88,0.0,0.0,0.0,0.0,0,Cheque,Missed
LP0000649,L000250,2023-03-20,4897.88,0.0,0.0,0.0,0.0,0,Debit Card,Pending
LP0001062,L000250,2023-04-20,4897.88,4897.88,3652.2,1245.68,0.0,0,Debit Card,Paid
LP0001930,L000250,2023-05-20,4897.88,0.0,0.0,0.0,0.0,0,Cash,Missed
LP0000304,L000251,2024-01-23,2231.96,2231.96,1332.7,832.3,66.96,38,Bank Transfer,Late
LP0000989,L000251,2024-02-23,2231.96,2231.96,1398.98,766.02,66.96,9,Bank Transfer,Late
LP0001737,L000251,2024-03-23,2231.96,0.0,0.0,0.0,0.0,0,Cheque,Missed
LP0001421,L000251,2024-04-23,2231.96,0.0,0.0,0.0,0.0,0,Cash,Missed
LP0000042,L000251,2024-05-23,2231.96,0.0,0.0,0.0,0.0,0,Online Banking,Missed
LP0000124,L000251,2024-06-23,2231.96,0.0,0.0,0.0,0.0,0,Cash,Pending
LP0001500,L000252,2022-02-25,1911.12,0.0,0.0,0.0,0.0,0,Cheque,Missed
LP0000178,L000252,2022-03-25,1911.12,1911.12,1186.48,667.31,57.33,10,Online Banking,Late
LP0000521,L000252,2022-04-25,1911.12,0.0,0.0,0.0,0.0,0,Bank Transfer,Missed
LP0001531,L000252,2022-05-25,1911.12,0.0,0.0,0.0,0.0,0,Credit Card,Missed
LP0000419,L000252,2022-06-25,1911.12,1911.12,1121.29,789.83,0.0,0,Bank Transfer,Paid
LP0000260,L000252,2022-07-25,1911.12,0.0,0.0,0.0,0.0,0,Bank Transfer,Pending
LP0000932,L000252,2022-08-25,1911.12,1911.12,1110.46,743.33,57.33,40,Online Banking,Late
LP0000591,L000252,2022-09-25,1911.12,0.0,0.0,0.0,0.0,0,Bank Transfer,Pending
LP0001496,L000253,2024-01-23,12999.39,0.0,0.0,0.0,0.0,0,Cheque,Missed
LP0001705,L000253,2024-02-23,12999.39,114196.61,108536.27,5270.36,389.98,22,Credit Card,Late
LP0001098,L000253,2024-03-23,12999.39,136430.32,133049.56,3380.76,0.0,0,Bank Transfer,Paid
LP0001181,L000253,2024-04-23,12999.39,0.0,0.0,0.0,0.0,0,Debit Card,Missed
LP0001066,L000253,2024-05-23,12999.39,123197.15,118189.55,5007.6,0.0,0,Bank Transfer,Paid
LP0001517,L000253,2024-06-23,12999.39,12999.39,9199.12,3800.27,0.0,0,Cash,Paid
LP0001451,L000254,2023-01-16,5011.95,0.0,0.0,0.0,0.0,0,Debit Card,Pending
LP0000750,L000254,2023-02-16,5011.95,5011.95,2776.58,2085.01,150.36,19,Cheque,Late
LP0000106,L000254,2023-03-16,5011.95,5011.95,3492.61,1368.98,150.36,11,Debit Card,Late
LP0001603,L000255,2020-06-29,7535.55,7535.55,4950.3,2359.18,226.07,25,Credit Card,Late
LP0001065,L000255,2020-07-29,7535.55,0.0,0.0,0.0,0.0,0,Debit Card,Pending
LP0000225,L000255,2020-08-29,7535.55,0.0,0.0,0.0,0.0,0,Debit Card,Missed
LP0001477,L000255,2020-09-29,7535.55,7535.55,4517.23,2792.25,226.07,17,Debit Card,Late
LP0000258,L000256,2023-05-04,5924.31,39538.14,37492.87,1867.54,177.73,8,Bank Transfer,Late
LP0001015,L000256,2023-06-04,5924.31,36382.43,33972.99,2409.44,0.0,0,Cheque,Paid
LP0001214,L000256,2023-07-04,5924.31,38973.88,37334.54,1639.34,0.0,0,Credit Card,Paid
LP0001307,L000256,2023-08-04,5924.31,33317.18,30554.01,2585.44,177.73,40,Credit Card,Late
LP0001995,L000256,2023-09-04,5924.31,34424.37,31788.97,2457.67,177.73,36,Cheque,Late
LP0001490,L000256,2023-10-04,5924.31,5924.31,4081.85,1842.46,0.0,0,Bank Transfer,Paid
LP0001888,L000257,2023-05-09,17457.43,0.0,0.0,0.0,0.0,0,Credit Card,Pending
LP0001533,L000257,2023-06-09,17457.43,0.0,0.0,0.0,0.0,0,Debit Card,Missed
LP0001735,L000257,2023-07-09,17457.43,0.0,0.0,0.0,0.0,0,Bank Transfer,Missed
LP0000653,L000257,2023-08-09,17457.43,0.0,0.0,0.0,0.0,0,Online Banking,Missed
LP0000359,L000258,2021-10-03,3567.67,0.0,0.0,0.0,0.0,0,Cheque,Pending
LP0000527,L000258,2021-11-03,3567.67,0.0,0.0,0.0,0.0,0,Bank Transfer,Missed
LP0001058,L000258,2021-12-03,3567.67,3567.67,2274.55,1293.12,0.0,0,Bank Transfer,Paid
LP0001521,L000258,2022-01-03,3567.67,3567.67,2308.96,1258.71,0.0,0,Debit Card,Paid
LP0000048,L000258,2022-02-03,3567.67,3567.67,2559.5,901.14,107.03,23,Debit Card,Late
LP0000284,L000258,2022-03-03,3567.67,3567.67,2587.7,872.94,107.03,26,Bank Transfer,Late
LP0001853,L000258,2022-04-03,3567.67,3567.67,2286.05,1281.62,0.0,0,Credit Card,Paid
LP0000430,L000258,2022-05-03,3567.67,3567.67,2275.85,1291.82,0.0,0,Bank Transfer,Paid
LP0000641,L000258,2022-06-03,3567.67,0.0,0.0,0.0,0.0,0,Auto Debit,Pending
LP0001534,L000258,2022-07-03,3567.67,3567.67,2253.24,1314.43,0.0,0,Online Banking,Paid
LP0000570,L000258,2022-08-03,3567.67,3567.67,2199.16,1368.51,0.0,0,Bank Transfer,Paid
LP0000070,L000258,2022-09-03,3567.67,0.0,0.0,0.0,0.0,0,Bank Transfer,Missed
LP0001377,L000259,2022-07-29,14497.28,14497.28,9169.79,5327.49,0.0,0,Credit Card,Paid
LP0001458,L000259,2022-08-29,14497.28,14497.28,8173.6,6323.68,0.0,0,Cash,Paid
LP0000432,L000259,2022-09-29,14497.28,0.0,0.0,0.0,0.0,0,Bank Transfer,Pending
LP0000482,L000259,2022-10-29,14497.28,0.0,0.0,0.0,0.0,0,Credit Card,Pending
LP0000646,L000259,2022-11-29,14497.28,0.0,0.0,0.0,0.0,0,Bank Transfer,Missed
LP0001834,L000259,2022-12-29,14497.28,0.0,0.0,0.0,0.0,0,Cheque,Pending
LP0001519,L000260,2020-08-23,7613.53,0.0,0.0,0.0,0.0,0,Auto Debit,Pending
LP0001295,L000260,2020-09-23,7613.53,0.0,0.0,0.0,0.0,0,Debit Card,Missed
LP0001878,L000260,2020-10-23,7613.53,7613.53,4389.03,3224.5,0.0,0,Online Banking,Paid
LP0000404,L000260,2020-11-23,7613.53,7613.53,4501.03,2884.09,228.41,28,Cash,Late
LP0000218,L000260,2020-12-23,7613.53,7613.53,5639.11,1974.42,0.0,0,Cheque,Paid
LP0000952,L000260,2021-01-23,7613.53,7613.53,4945.12,2440.0,228.41,35,Cash,Late
LP0001041,L000261,2023-04-25,5539.52,5539.52,3600.47,1939.05,0.0,0,Bank Transfer,Paid
LP0001985,L000261,2023-05-25,5539.52,5539.52,3212.41,2327.11,0.0,0,Cheque,Paid
LP0001369,L000261,2023-06-25,5539.52,0.0,0.0,0.0,0.0,0,Cheque,Pending
LP0000441,L000261,2023-07-25,5539.52,0.0,0.0,0.0,0.0,0,Cheque,Missed
LP0001601,L000261,2023-08-25,5539.52,0.0,0.0,0.0,0.0,0,Cheque,Pending
LP0000105,L000261,2023-09-25,5539.52,5539.52,3710.3,1829.22,0.0,0,Debit Card,Paid
LP0000965,L000261,2023-10-25,5539.52,5539.52,3729.56,1643.77,166.19,28,Auto Debit,Late
LP0001244,L000262,2023-05-29,1237.41,0.0,0.0,0.0,0.0,0,Debit Card,Missed
LP0001764,L000262,2023-06-29,1237.41,1237.41,670.95,529.34,37.12,18,Cheque,Late
LP0001629,L000262,2023-07-29,1237.41,0.0,0.0,0.0,0.0,0,Cheque,Pending
LP0001857,L000263,2021-03-24,4827.66,0.0,0.0,0.0,0.0,0,Bank Transfer,Pending
LP0000902,L000263,2021-04-24,4827.66,7648.72,4937.63,2711.09,0.0,0,Bank Transfer,Paid
LP0000859,L000263,2021-05-24,4827.66,7648.72,4577.76,3070.96,0.0,0,Cheque,Paid
LP0001160,L000263,2021-06-24,4827.66,7648.72,5449.87,1969.39,229.46,3,Credit Card,Late
LP0001781,L000264,2023-02-15,320.98,0.0,0.0,0.0,0.0,0,Bank Transfer,Missed
LP0000795,L000264,2023-03-15,320.98,0.0,0.0,0.0,0.0,0,Cash,Missed
LP0000706,L000264,2023-04-15,320.98,0.0,0.0,0.0,0.0,0,Online Banking,Pending
LP0000096,L000264,2023-05-15,320.98,320.98,225.96,85.39,9.63,34,Debit Card,Late
LP0001294,L000264,2023-06-15,320.98,320.98,189.71,131.27,0.0,0,Cheque,Paid
LP0000832,L000265,2020-12-09,3290.88,0.0,0.0,0.0,0.0,0,Cash,Pending
LP0001959,L000265,2021-01-09,3290.88,0.0,0.0,0.0,0.0,0,Cash,Missed
LP0000891,L000265,2021-02-09,3290.88,3290.88,2270.77,921.38,98.73,23,Cash,Late
LP0001557,L000265,2021-03-09,3290.88,0.0,0.0,0.0,0.0,0,Bank Transfer,Pending
LP0000603,L000265,2021-04-09,3290.88,0.0,0.0,0.0,0.0,0,Debit Card,Pending
LP0001552,L000265,2021-05-09,3290.88,3290.88,2188.16,1003.99,98.73,11,Cash,Late
LP0000896,L000265,2021-06-09,3290.88,0.0,0.0,0.0,0.0,0,Debit Card,Missed
LP0001929,L000266,2021-12-20,7740.51,17916.81,10491.98,6887.33,537.5,17,Credit Card,Late
LP0001503,L000266,2022-01-20,7740.51,17916.81,12586.23,5330.58,0.0,0,Cheque,Paid
LP0001052,L000266,2022-02-20,7740.51,17916.81,10207.12,7172.19,537.5,26,Cash,Late
LP0001716,L000266,2022-03-20,7740.51,0.0,0.0,0.0,0.0,0,Debit Card,Pending
LP0000808,L000266,2022-04-20,7740.51,0.0,0.0,0.0,0.0,0,Auto Debit,Pending
LP0000864,L000266,2022-05-20,7740.51,17916.81,11525.72,5853.59,537.5,41,Online Banking,Late
LP0000581,L000266,2022-06-20,7740.51,0.0,0.0,0.0,0.0,0,Cheque,Pending
LP0001806,L000266,2022-07-20,7740.51,0.0,0.0,0.0,0.0,0,Debit Card,Pending
LP0000005,L000266,2022-08-20,7740.51,0.0,0.0,0.0,0.0,0,Credit Card,Missed
LP0000401,L000267,2023-08-27,7443.92,7443.92,4037.92,3182.68,223.32,28,Credit Card,Late
LP0000065,L000267,2023-09-27,7443.92,7443.92,5205.96,2014.64,223.32,7,Bank Transfer,Late
LP0000553,L000267,2023-10-27,7443.92,0.0,0.0,0.0,0.0,0,Online Banking,Missed
LP0000011,L000267,2023-11-27,7443.92,7443.92,4676.22,2544.38,223.32,15,Credit Card,Late
LP0000985,L000267,2023-12-27,7443.92,7443.92,4378.92,2841.68,223.32,31,Bank Transfer,Late
LP0000325,L000267,2024-01-27,7443.92,0.0,0.0,0.0,0.0,0,Credit Card,Pending
LP0000717,L000267,2024-02-27,7443.92,7443.92,4320.42,3123.5,0.0,0,Credit Card,Paid
LP0001843,L000267,2024-03-27,7443.92,7443.92,4238.72,3205.2,0.0,0,Bank Transfer,Paid
LP0000187,L000267,2024-04-27,7443.92,7443.92,4847.83,2372.77,223.32,14,Cash,Late
LP0001362,L000268,2020-07-24,20368.03,20368.03,14883.5,5484.53,0.0,0,Online Banking,Paid
LP0001061,L000268,2020-08-24,20368.03,0.0,0.0,0.0,0.0,0,Online Banking,Missed
LP0001461,L000268,2020-09-24,20368.03,0.0,0.0,0.0,0.0,0,Bank Transfer,Missed
LP0000166,L000268,2020-10-24,20368.03,0.0,0.0,0.0,0.0,0,Cheque,Missed
LP0001445,L000269,2020-02-20,9129.07,9129.07,5868.22,2986.98,273.87,9,Bank Transfer,Late
LP0000049,L000269,2020-03-20,9129.07,9129.07,6202.37,2652.83,273.87,34,Credit Card,Late
LP0001698,L000269,2020-04-20,9129.07,0.0,0.0,0.0,0.0,0,Online Banking,Pending
LP0000064,L000269,2020-05-20,9129.07,0.0,0.0,0.0,0.0,0,Debit Card,Missed
LP0001673,L000269,2020-06-20,9129.07,0.0,0.0,0.0,0.0,0,Cash,Pending
LP0001353,L000270,2020-06-28,5480.9,5480.9,3533.27,1783.2,164.43,28,Online Banking,Late
LP0000644,L000270,2020-07-28,5480.9,5480.9,3963.06,1517.84,0.0,0,Online Banking,Paid
LP0001685,L000270,2020-08-28,5480.9,5480.9,3597.49,1718.98,164.43,29,Credit Card,Late
LP0000532,L000270,2020-09-28,5480.9,0.0,0.0,0.0,0.0,0,Bank Transfer,Pending
LP0001884,L000270,2020-10-28,5480.9,0.0,0.0,0.0,0.0,0,Auto Debit,Pending
LP0001032,L000270,2020-11-28,5480.9,5480.9,3459.08,1857.39,164.43,4,Cash,Late
LP0001748,L000271,2020-11-17,13892.71,13892.71,7985.52,5907.19,0.0,0,Auto Debit,Paid
LP0000975,L000271,2020-12-17,13892.71,0.0,0.0,0.0,0.0,0,Cash,Missed
LP0001774,L000271,2021-01-17,13892.71,13892.71,9892.04,4000.67,0.0,0,Cheque,Paid
LP0000684,L000271,2021-02-17,13892.71,13892.71,9267.21,4625.5,0.0,0,Cheque,Paid
LP0001077,L000271,2021-03-17,13892.71,0.0,0.0,0.0,0.0,0,Debit Card,Missed
LP0000479,L000271,2021-04-17,13892.71,0.0,0.0,0.0,0.0,0,Credit Card,Missed
LP0001902,L000271,2021-05-17,13892.71,13892.71,9618.67,4274.04,0.0,0,Bank Transfer,Paid
LP0000356,L000272,2020-02-16,1745.91,0.0,0.0,0.0,0.0,0,Debit Card,Pending
LP0001108,L000272,2020-03-16,1745.91,1745.91,1129.11,616.8,0.0,0,Online Banking,Paid
LP0000007,L000272,2020-04-16,1745.91,1745.91,1126.26,567.27,52.38,9,Cheque,Late
LP0000866,L000272,2020-05-16,1745.91,0.0,0.0,0.0,0.0,0,Bank Transfer,Pending
LP0000263,L000272,2020-06-16,1745.91,1745.91,982.4,763.51,0.0,0,Cash,Paid
LP0000396,L000272,2020-07-16,1745.91,1745.91,977.45,716.08,52.38,22,Bank Transfer,Late
LP0000079,L000272,2020-08-16,1745.91,1745.91,977.06,768.85,0.0,0,Online Banking,Paid
LP0001084,L000272,2020-09-16,1745.91,1745.91,1060.02,633.51,52.38,38,Bank Transfer,Late
LP0001771,L000273,2023-07-13,13737.46,13737.46,8623.5,5113.96,0.0,0,Bank Transfer,Paid
LP0001856,L000273,2023-08-13,13737.46,0.0,0.0,0.0,0.0,0,Bank Transfer,Pending
LP0000320,L000273,2023-09-13,13737.46,0.0,0.0,0.0,0.0,0,Credit Card,Missed
LP0001681,L000273,2023-10-13,13737.46,0.0,0.0,0.0,0.0,0,Bank Transfer,Missed
LP0000822,L000273,2023-11-13,13737.46,0.0,0.0,0.0,0.0,0,Cheque,Pending
LP0000248,L000273,2023-12-13,13737.46,13737.46,9668.06,4069.4,0.0,0,Cheque,Paid
LP0000280,L000273,2024-01-13,13737.46,13737.46,9971.43,3766.03,0.0,0,Cash,Paid
LP0000803,L000273,2024-02-13,13737.46,0.0,0.0,0.0,0.0,0,Cheque,Pending
LP0000924,L000273,2024-03-13,13737.46,13737.46,8043.11,5282.23,412.12,44,Bank Transfer,Late
LP0001141,L000273,2024-04-13,13737.46,13737.46,9443.25,4294.21,0.0,0,Bank Transfer,Paid
LP0001415,L000273,2024-05-13,13737.46,13737.46,10109.46,3628.0,0.0,0,Credit Card,Paid
LP0000095,L000273,2024-06-13,13737.46,0.0,0.0,0.0,0.0,0,Cash,Pending
LP0000639,L000274,2023-09-07,6245.7,6245.7,4093.61,2152.09,0.0,0,Credit Card,Paid
LP0001883,L000274,2023-10-07,6245.7,0.0,0.0,0.0,0.0,0,Cash,Pending
LP0000426,L000274,2023-11-07,6245.7,0.0,0.0,0.0,0.0,0,Online Banking,Missed
LP0000309,L000274,2023-12-07,6245.7,6245.7,4248.6,1997.1,0.0,0,Bank Transfer,Paid
LP0001315,L000274,2024-01-07,6245.7,0.0,0.0,0.0,0.0,0,Credit Card,Missed
LP0000024,L000274,2024-02-07,6245.7,0.0,0.0,0.0,0.0,0,Cheque,Missed
LP0000344,L000275,2023-07-14,10949.09,10949.09,6172.2,4776.89,0.0,0,Online Banking,Paid
LP0001783,L000275,2023-08-14,10949.09,0.0,0.0,0.0,0.0,0,Cheque,Missed
LP0000244,L000275,2023-09-14,10949.09,0.0,0.0,0.0,0.0,0,Online Banking,Missed
LP0001551,L000275,2023-10-14,10949.09,10949.09,7150.62,3470.0,328.47,12,Bank Transfer,Late
LP0001113,L000275,2023-11-14,10949.09,10949.09,6183.12,4765.97,0.0,0,Debit Card,Paid
LP0000645,L000275,2023-12-14,10949.09,0.0,0.0,0.0,0.0,0,Bank Transfer,Pending
LP0000108,L000276,2023-08-16,28966.69,174689.96,165518.94,9171.02,0.0,0,Cheque,Paid
LP0001256,L000276,2023-09-16,28966.69,0.0,0.0,0.0,0.0,0,Auto Debit,Pending
LP0001231,L000276,2023-10-16,28966.69,163545.99,155171.4,8374.59,0.0,0,Credit Card,Paid
LP0001236,L000276,2023-11-16,28966.69,28966.69,17006.78,11959.91,0.0,0,Debit Card,Paid
LP0000301,L000277,2022-09-14,7201.46,0.0,0.0,0.0,0.0,0,Auto Debit,Missed
LP0001233,L000277,2022-10-14,7201.46,0.0,0.0,0.0,0.0,0,Credit Card,Pending
LP0000319,L000277,2022-11-14,7201.46,7201.46,4890.5,2094.92,216.04,25,Bank Transfer,Late
LP0001582,L000277,2022-12-14,7201.46,0.0,0.0,0.0,0.0,0,Debit Card,Missed
LP0000267,L000277,2023-01-14,7201.46,0.0,0.0,0.0,0.0,0,Bank Transfer,Missed
LP0000514,L000278,2024-01-23,3181.82,0.0,0.0,0.0,0.0,0,Bank Transfer,Pending
LP0001656,L000278,2024-02-23,3181.82,0.0,0.0,0.0,0.0,0,Cheque,Missed
LP0000627,L000278,2024-03-23,3181.82,3181.82,1826.43,1355.39,0.0,0,Bank Transfer,Paid
LP0000043,L000279,2021-10-08,557.66,0.0,0.0,0.0,0.0,0,Bank Transfer,Pending
LP0001172,L000279,2021-11-08,557.66,0.0,0.0,0.0,0.0,0,Debit Card,Pending
LP0000668,L000279,2021-12-08,557.66,0.0,0.0,0.0,0.0,0,Credit Card,Missed
LP0000144,L000279,2022-01-08,557.66,0.0,0.0,0.0,0.0,0,Cheque,Missed
LP0000885,L000279,2022-02-08,557.66,0.0,0.0,0.0,0.0,0,Bank Transfer,Missed
LP0000031,L000279,2022-03-08,557.66,0.0,0.0,0.0,0.0,0,Cash,Missed
LP0001400,L000279,2022-04-08,557.66,557.66,350.45,207.21,0.0,0,Cash,Paid
LP0001235,L000279,2022-05-08,557.66,557.66,364.13,176.8,16.73,4,Cash,Late
LP0000150,L000279,2022-06-08,557.66,0.0,0.0,0.0,0.0,0,Cheque,Pending
LP0000175,L000280,2020-10-08,15360.86,0.0,0.0,0.0,0.0,0,Online Banking,Pending
LP0000455,L000280,2020-11-08,15360.86,0.0,0.0,0.0,0.0,0,Cheque,Pending
LP0000753,L000280,2020-12-08,15360.86,0.0,0.0,0.0,0.0,0,Debit Card,Missed
LP0001390,L000280,2021-01-08,15360.86,0.0,0.0,0.0,0.0,0,Credit Card,Pending
LP0001493,L000280,2021-02-08,15360.86,15360.86,8444.89,6455.14,460.83,28,Debit Card,Late
LP0001686,L000281,2021-09-06,4872.1,0.0,0.0,0.0,0.0,0,Debit Card,Pending
LP0001992,L000281,2021-10-06,4872.1,0.0,0.0,0.0,0.0,0,Debit Card,Missed
LP0001394,L000281,2021-11-06,4872.1,38068.25,36284.99,1637.1,146.16,42,Bank Transfer,Late
LP0000820,L000281,2021-12-06,4872.1,34532.12,32419.83,2112.29,0.0,0,Cheque,Paid
LP0001314,L000281,2022-01-06,4872.1,40658.95,39116.75,1396.04,146.16,40,Cash,Late
LP0001249,L000281,2022-02-06,4872.1,36945.82,35058.12,1741.54,146.16,35,Credit Card,Late
LP0001854,L000281,2022-03-06,4872.1,72246.23,70872.34,1373.89,0.0,0,Bank Transfer,Paid
LP0001104,L000281,2022-04-06,4872.1,0.0,0.0,0.0,0.0,0,Online Banking,Missed
LP0001262,L000281,2022-05-06,4872.1,41558.16,40099.63,1312.37,146.16,15,Cash,Late
LP0001891,L000281,2022-06-06,4872.1,38885.35,37178.12,1707.23,0.0,0,Bank Transfer,Paid
LP0001313,L000281,2022-07-06,4872.1,0.0,0.0,0.0,0.0,0,Cheque,Missed
LP0000710,L000281,2022-08-06,4872.1,4872.1,2873.27,1998.83,0.0,0,Credit Card,Paid
LP0001162,L000282,2021-11-10,5951.01,0.0,0.0,0.0,0.0,0,Bank Transfer,Pending
LP0001466,L000282,2021-12-10,5951.01,5951.01,3830.27,2120.74,0.0,0,Cheque,Paid
LP0000126,L000282,2022-01-10,5951.01,5951.01,4349.99,1601.02,0.0,0,Bank Transfer,Paid
LP0001283,L000282,2022-02-10,5951.01,0.0,0.0,0.0,0.0,0,Auto Debit,Missed
LP0000658,L000282,2022-03-10,5951.01,0.0,0.0,0.0,0.0,0,Cheque,Pending
LP0000158,L000282,2022-04-10,5951.01,0.0,0.0,0.0,0.0,0,Cheque,Missed
LP0001393,L000282,2022-05-10,5951.01,0.0,0.0,0.0,0.0,0,Bank Transfer,Missed
LP0000118,L000282,2022-06-10,5951.01,0.0,0.0,0.0,0.0,0,Cash,Missed
LP0000687,L000282,2022-07-10,5951.01,5951.01,3741.95,2209.06,0.0,0,Bank Transfer,Paid
LP0001906,L000282,2022-08-10,5951.01,0.0,0.0,0.0,0.0,0,Debit Card,Missed
LP0001274,L000282,2022-09-10,5951.01,0.0,0.0,0.0,0.0,0,Credit Card,Missed
LP0000416,L000283,2022-08-09,6043.04,6043.04,4075.67,1967.37,0.0,0,Credit Card,Paid
LP0001978,L000283,2022-09-09,6043.04,0.0,0.0,0.0,0.0,0,Bank Transfer,Missed
LP0001946,L000283,2022-10-09,6043.04,0.0,0.0,0.0,0.0,0,Auto Debit,Missed
LP0001410,L000283,2022-11-09,6043.04,6043.04,3900.38,2142.66,0.0,0,Online Banking,Paid
LP0000205,L000283,2022-12-09,6043.04,0.0,0.0,0.0,0.0,0,Cash,Missed
LP0000451,L000283,2023-01-09,6043.04,6043.04,4434.59,1608.45,0.0,0,Debit Card,Paid
LP0001449,L000283,2023-02-09,6043.04,6043.04,4252.89,1608.86,181.29,36,Cash,Late
LP0001538,L000283,2023-03-09,6043.04,6043.04,4029.07,2013.97,0.0,0,Debit Card,Paid
LP0001671,L000283,2023-04-09,6043.04,0.0,0.0,0.0,0.0,0,Debit Card,Missed
LP0000403,L000284,2023-12-09,1286.03,1286.03,899.18,386.85,0.0,0,Online Banking,Paid
LP0001896,L000284,2024-01-09,1286.03,1286.03,866.3,419.73,0.0,0,Cheque,Paid
LP0001952,L000284,2024-02-09,1286.03,1286.03,923.31,324.14,38.58,13,Cheque,Late
LP0000300,L000284,2024-03-09,1286.03,0.0,0.0,0.0,0.0,0,Credit Card,Pending
LP0001536,L000284,2024-04-09,1286.03,1286.03,836.78,449.25,0.0,0,Cheque,Paid
LP0001658,L000284,2024-05-09,1286.03,1286.03,914.42,371.61,0.0,0,Online Banking,Paid
LP0001136,L000284,2024-06-09,1286.03,0.0,0.0,0.0,0.0,0,Cash,Missed
LP0000478,L000285,2023-02-23,13070.13,0.0,0.0,0.0,0.0,0,Debit Card,Missed
LP0000428,L000286,2022-05-30,612.21,0.0,0.0,0.0,0.0,0,Auto Debit,Missed
LP0000843,L000286,2022-06-30,612.21,0.0,0.0,0.0,0.0,0,Cash,Missed
LP0001880,L000286,2022-07-30,612.21,0.0,0.0,0.0,0.0,0,Debit Card,Pending
LP0000376,L000286,2022-08-30,612.21,612.21,446.01,166.2,0.0,0,Bank Transfer,Paid
LP0000022,L000286,2022-09-30,612.21,0.0,0.0,0.0,0.0,0,Auto Debit,Pending
LP0001766,L000286,2022-10-30,612.21,0.0,0.0,0.0,0.0,0,Bank Transfer,Pending
LP0001554,L000286,2022-11-30,612.21,0.0,0.0,0.0,0.0,0,Auto Debit,Missed
LP0001187,L000286,2022-12-30,612.21,0.0,0.0,0.0,0.0,0,Debit Card,Missed
LP0000186,L000287,2024-01-29,1869.59,1869.59,1171.51,641.99,56.09,3,Bank Transfer,Late
LP0000549,L000287,2024-02-29,1869.59,1869.59,1205.59,664.0,0.0,0,Cash,Paid
LP0000447,L000287,2024-03-29,1869.59,1869.59,1164.78,704.81,0.0,0,Bank Transfer,Paid
LP0001905,L000287,2024-04-29,1869.59,0.0,0.0,0.0,0.0,0,Bank Transfer,Missed
LP0001908,L000287,2024-05-29,1869.59,0.0,0.0,0.0,0.0,0,Debit Card,Pending
LP0001770,L000287,2024-06-29,1869.59,0.0,0.0,0.0,0.0,0,Credit Card,Missed
LP0001796,L000288,2020-11-23,5807.76,13727.58,9377.15,4350.43,0.0,0,Debit Card,Paid
LP0000995,L000289,2022-08-12,2252.5,0.0,0.0,0.0,0.0,0,Bank Transfer,Missed
LP0000829,L000289,2022-09-12,2252.5,0.0,0.0,0.0,0.0,0,Cheque,Missed
LP0000456,L000289,2022-10-12,2252.5,39202.4,38554.89,647.51,0.0,0,Debit Card,Paid
LP0000665,L000289,2022-11-12,2252.5,0.0,0.0,0.0,0.0,0,Bank Transfer,Missed
LP0000963,L000289,2022-12-12,2252.5,32610.31,31676.46,866.27,67.58,23,Bank Transfer,Late
LP0001682,L000289,2023-01-12,2252.5,69657.3,69091.68,565.62,0.0,0,Bank Transfer,Paid
LP0001174,L000289,2023-02-12,2252.5,0.0,0.0,0.0,0.0,0,Cheque,Missed
LP0001846,L000289,2023-03-12,2252.5,2252.5,1413.04,839.46,0.0,0,Cheque,Paid
LP0000651,L000290,2022-11-06,3592.45,3592.45,2431.29,1161.16,0.0,0,Debit Card,Paid
LP0001255,L000290,2022-12-06,3592.45,3592.45,2087.29,1397.39,107.77,22,Debit Card,Late
LP0001498,L000290,2023-01-06,3592.45,0.0,0.0,0.0,0.0,0,Cash,Pending
LP0000854,L000290,2023-02-06,3592.45,3592.45,2272.13,1212.55,107.77,36,Cash,Late
LP0000371,L000290,2023-03-06,3592.45,0.0,0.0,0.0,0.0,0,Credit Card,Missed
LP0001282,L000290,2023-04-06,3592.45,0.0,0.0,0.0,0.0,0,Cash,Pending
LP0001467,L000290,2023-05-06,3592.45,3592.45,2118.45,1366.23,107.77,8,Bank Transfer,Late
LP0001648,L000291,2022-10-21,1244.78,0.0,0.0,0.0,0.0,0,Cash,Pending
LP0000377,L000291,2022-11-21,1244.78,0.0,0.0,0.0,0.0,0,Bank Transfer,Missed
LP0001640,L000291,2022-12-21,1244.78,1244.78,738.01,469.43,37.34,33,Credit Card,Late
LP0000909,L000291,2023-01-21,1244.78,0.0,0.0,0.0,0.0,0,Debit Card,Pending
LP0001592,L000292,2022-07-29,8037.41,8037.41,4679.75,3116.54,241.12,15,Online Banking,Late
LP0000731,L000292,2022-08-29,8037.41,8037.41,5849.25,2188.16,0.0,0,Cash,Paid
LP0001518,L000292,2022-09-29,8037.41,0.0,0.0,0.0,0.0,0,Cheque,Missed
LP0000754,L000292,2022-10-29,8037.41,8037.41,5692.65,2103.64,241.12,17,Cash,Late
LP0001862,L000292,2022-11-29,8037.41,8037.41,4759.87,3277.54,0.0,0,Auto Debit,Paid
LP0000495,L000292,2022-12-29,8037.41,8037.41,4841.63,2954.66,241.12,6,Online Banking,Late
LP0000986,L000292,2023-01-29,8037.41,0.0,0.0,0.0,0.0,0,Credit Card,Missed
LP0001379,L000292,2023-02-28,8037.41,8037.41,4639.63,3156.66,241.12,37,Bank Transfer,Late
LP0000681,L000292,2023-03-29,8037.41,8037.41,5604.1,2433.31,0.0,0,Cheque,Paid
LP0000090,L000293,2024-01-27,6239.08,0.0,0.0,0.0,0.0,0,Cheque,Missed
LP0000059,L000293,2024-02-27,6239.08,0.0,0.0,0.0,0.0,0,Bank Transfer,Pending
LP0001398,L000293,2024-03-27,6239.08,0.0,0.0,0.0,0.0,0,Bank Transfer,Missed
LP0000926,L000293,2024-04-27,6239.08,6239.08,4055.57,2183.51,0.0,0,Debit Card,Paid
LP0000277,L000293,2024-05-27,6239.08,0.0,0.0,0.0,0.0,0,Cash,Pending
LP0000955,L000293,2024-06-27,6239.08,6239.08,4112.72,2126.36,0.0,0,Bank Transfer,Paid
LP0001259,L000293,2024-07-27,6239.08,6239.08,4094.7,1957.21,187.17,44,Cheque,Late
LP0000631,L000293,2024-08-27,6239.08,0.0,0.0,0.0,0.0,0,Bank Transfer,Missed
LP0000883,L000293,2024-09-27,6239.08,6239.08,4621.1,1617.98,0.0,0,Cash,Paid
LP0001975,L000294,2020-10-25,7562.08,0.0,0.0,0.0,0.0,0,Debit Card,Pending
LP0000379,L000294,2020-11-25,7562.08,0.0,0.0,0.0,0.0,0,Credit Card,Missed
LP0001990,L000294,2020-12-25,7562.08,0.0,0.0,0.0,0.0,0,Cash,Pending
LP0000189,L000294,2021-01-25,7562.08,7562.08,4507.12,3054.96,0.0,0,Bank Transfer,Paid
LP0000121,L000294,2021-02-25,7562.08,7562.08,5198.23,2363.85,0.0,0,Credit Card,Paid
LP0001839,L000294,2021-03-25,7562.08,7562.08,5234.18,2101.04,226.86,12,Debit Card,Late
LP0001359,L000295,2023-11-15,2936.84,0.0,0.0,0.0,0.0,0,Credit Card,Missed
LP0001696,L000295,2023-12-15,2936.84,0.0,0.0,0.0,0.0,0,Cash,Pending
LP0000318,L000295,2024-01-15,2936.84,2936.84,1851.02,1085.82,0.0,0,Debit Card,Paid
LP0001367,L000295,2024-02-15,2936.84,0.0,0.0,0.0,0.0,0,Cheque,Missed
LP0000511,L000295,2024-03-15,2936.84,2936.84,1600.06,1248.67,88.11,33,Cash,Late
LP0000232,L000295,2024-04-15,2936.84,2936.84,1875.48,973.25,88.11,38,Cash,Late
LP0000423,L000295,2024-05-15,2936.84,2936.84,1617.89,1318.95,0.0,0,Cheque,Paid
LP0000015,L000295,2024-06-15,2936.84,2936.84,1963.38,885.35,88.11,19,Bank Transfer,Late
LP0000876,L000295,2024-07-15,2936.84,0.0,0.0,0.0,0.0,0,Bank Transfer,Pending
LP0000720,L000296,2021-02-18,1307.7,1307.7,784.83,483.64,39.23,39,Credit Card,Late
LP0000998,L000297,2023-07-04,2438.47,2438.47,1436.01,929.31,73.15,1,Bank Transfer,Late
LP0000089,L000297,2023-08-04,2438.47,0.0,0.0,0.0,0.0,0,Cheque,Pending
LP0001485,L000297,2023-09-04,2438.47,2438.47,1616.7,821.77,0.0,0,Online Banking,Paid
LP0000600,L000297,2023-10-04,2438.47,0.0,0.0,0.0,0.0,0,Bank Transfer,Pending
LP0000971,L000297,2023-11-04,2438.47,0.0,0.0,0.0,0.0,0,Credit Card,Pending
LP0000789,L000297,2023-12-04,2438.47,2438.47,1322.33,1042.99,73.15,18,Cheque,Late
LP0001070,L000297,2024-01-04,2438.47,0.0,0.0,0.0,0.0,0,Auto Debit,Pending
LP0001269,L000297,2024-02-04,2438.47,2438.47,1434.38,1004.09,0.0,0,Bank Transfer,Paid
LP0000881,L000298,2021-07-17,7355.02,205923.88,203796.43,2127.45,0.0,0,Cheque,Paid
LP0001537,L000298,2021-08-17,7355.02,0.0,0.0,0.0,0.0,0,Cash,Pending
LP0001833,L000298,2021-09-17,7355.02,0.0,0.0,0.0,0.0,0,Credit Card,Missed
LP0000912,L000298,2021-10-17,7355.02,0.0,0.0,0.0,0.0,0,Cash,Missed
LP0000755,L000298,2021-11-17,7355.02,7355.02,5408.33,1946.69,0.0,0,Bank Transfer,Paid
LP0001151,L000299,2024-01-24,4325.9,0.0,0.0,0.0,0.0,0,Debit Card,Pending
LP0000559,L000299,2024-02-24,4325.9,0.0,0.0,0.0,0.0,0,Credit Card,Pending
LP0001454,L000299,2024-03-24,4325.9,8499.06,6341.77,2157.29,0.0,0,Cash,Paid
LP0000533,L000299,2024-04-24,4325.9,0.0,0.0,0.0,0.0,0,Cheque,Pending
LP0000067,L000299,2024-05-24,4325.9,8499.06,4774.69,3724.37,0.0,0,Debit Card,Paid
LP0000659,L000299,2024-06-24,4325.9,0.0,0.0,0.0,0.0,0,Credit Card,Missed
LP0001715,L000299,2024-07-24,4325.9,0.0,0.0,0.0,0.0,0,Bank Transfer,Missed
LP0001484,L000299,2024-08-24,4325.9,0.0,0.0,0.0,0.0,0,Cheque,Missed
LP0001155,L000300,2022-11-26,41966.2,0.0,0.0,0.0,0.0,0,Debit Card,Missed
LP0001561,L000300,2022-12-26,41966.2,41966.2,26462.64,14244.57,1258.99,22,Bank Transfer,Late
