transaction_id,account_id,transaction_date,transaction_time,transaction_type,amount,channel,description,balance_after,status
TXN00002247,ACC0000001,2022-09-24,19:29:00,Fee,2930.08,Online,Utility,45795.94,Completed
TXN00003612,ACC0000001,2022-10-15,9:27:00,Debit,2898.67,POS,Purchase,45795.94,Pending
TXN00004065,ACC0000001,2022-10-25,9:05:00,Credit,14212.08,Branch,Investment,45795.94,Pending
TXN00003529,ACC0000001,2022-11-22,17:28:00,Credit,14843.91,Online,Salary,45795.94,Failed
TXN00004778,ACC0000001,2024-02-04,11:43:00,ATM Withdrawal,6021.8,ATM,Rent,45795.94,Pending
TXN00002051,ACC0000001,2024-04-18,19:44:00,Debit,3924.32,Mobile,Utility,41871.62,Completed
TXN00003022,ACC0000001,2024-07-31,15:02:00,Debit,3217.78,POS,Rent,38653.84,Completed
TXN00002042,ACC0000002,2023-05-13,18:44:00,Credit,9228.16,Online,Refund,49750.2,Completed
TXN00004007,ACC0000002,2023-08-29,19:43:00,Debit,10103.56,Online,Rent,49750.2,Pending
TXN00000999,ACC0000002,2023-09-22,19:38:00,Fee,10738.04,Online,Utility,39012.16,Completed
TXN00002826,ACC0000002,2024-07-28,8:02:00,Fee,3224.22,Online,Utility,39012.16,Pending
TXN00002966,ACC0000002,2024-08-06,10:25:00,Interest,310.71,Online,Investment,39012.16,Pending
TXN00002822,ACC0000003,2022-08-26,15:36:00,Interest,9076.54,Branch,Investment,37566.66,Failed
TXN00000229,ACC0000003,2022-10-18,17:29:00,Interest,6471.07,Branch,Investment,37566.66,Pending
TXN00003235,ACC0000003,2022-12-01,10:17:00,Interest,10057.42,Online,Investment,37566.66,Pending
TXN00004212,ACC0000003,2022-12-08,16:02:00,ATM Withdrawal,5673.05,ATM,Rent,37566.66,Pending
TXN00000738,ACC0000003,2023-04-06,10:59:00,ATM Withdrawal,9462.25,ATM,Utility,28104.41,Completed
TXN00003159,ACC0000003,2023-04-13,19:10:00,ATM Withdrawal,634.77,ATM,Rent,28104.41,Failed
TXN00004167,ACC0000003,2023-08-22,21:44:00,Transfer,9115.16,Online,Investment,18989.25,Completed
TXN00000593,ACC0000003,2024-02-06,13:34:00,Interest,5923.24,Branch,Investment,18989.25,Pending
TXN00001353,ACC0000003,2024-06-17,12:29:00,Fee,715.78,Branch,Utility,18989.25,Failed
TXN00004832,ACC0000003,2024-10-01,9:23:00,Debit,6856.05,POS,Rent,12133.2,Completed
TXN00003391,ACC0000003,2024-12-20,9:14:00,ATM Withdrawal,4274.18,ATM,Utility,7859.02,Completed
TXN00002421,ACC0000004,2022-03-21,22:31:00,ATM Withdrawal,6337.55,ATM,Purchase,24092.33,Pending
TXN00000150,ACC0000004,2022-05-14,15:07:00,Fee,13625.5,Branch,Utility,10466.83,Completed
TXN00002515,ACC0000004,2022-06-04,17:25:00,Transfer,5963.5,Mobile,Transfer,10466.83,Pending
TXN00004239,ACC0000004,2023-02-03,15:05:00,Fee,14253.72,Online,Utility,10466.83,Failed
TXN00002857,ACC0000004,2023-02-13,21:09:00,Debit,8798.67,Online,Rent,10466.83,Failed
TXN00003117,ACC0000004,2023-04-18,20:00:00,Debit,8415.06,POS,Purchase,2051.77,Completed
TXN00000364,ACC0000004,2023-05-19,19:15:00,Credit,1502.31,Online,Refund,3554.08,Completed
TXN00000324,ACC0000004,2023-09-16,16:24:00,ATM Withdrawal,10130.21,ATM,Purchase,3554.08,Failed
TXN00001705,ACC0000004,2024-04-06,11:40:00,Transfer,6925.25,Mobile,Rent,3554.08,Pending
TXN00000834,ACC0000004,2024-12-13,14:30:00,Transfer,8733.9,Online,Transfer,3554.08,Failed
TXN00004938,ACC0000005,2023-09-27,19:40:00,ATM Withdrawal,7726.45,ATM,Utility,49312.9,Failed
TXN00000294,ACC0000005,2024-02-18,20:21:00,ATM Withdrawal,12130.07,ATM,Rent,49312.9,Failed
TXN00002191,ACC0000005,2024-03-22,11:24:00,Transfer,13745.27,Wire Transfer,Investment,35567.63,Completed
TXN00003763,ACC0000005,2024-04-01,18:51:00,Interest,316.91,Branch,Investment,35567.63,Pending
TXN00004467,ACC0000006,2022-03-20,13:03:00,Credit,3714.43,Online,Salary,11208.29,Failed
TXN00002354,ACC0000006,2022-06-03,9:43:00,Interest,12117.74,Branch,Investment,11208.29,Pending
TXN00000365,ACC0000006,2022-07-13,21:41:00,Interest,5154.98,Branch,Investment,11208.29,Pending
TXN00002637,ACC0000006,2022-08-03,13:19:00,Fee,10083.82,Branch,Utility,11208.29,Failed
TXN00003780,ACC0000006,2023-02-28,10:23:00,Credit,3877.43,Online,Investment,11208.29,Pending
TXN00003543,ACC0000006,2023-07-19,22:58:00,Debit,7468.43,POS,Rent,3739.86,Completed
TXN00003966,ACC0000006,2023-09-05,17:47:00,Interest,13400.25,Branch,Investment,3739.86,Pending
TXN00003724,ACC0000006,2023-12-21,14:27:00,Transfer,13235.83,Mobile,Transfer,3739.86,Failed
TXN00000654,ACC0000006,2024-11-13,14:40:00,Interest,13742.39,Online,Investment,17482.25,Completed
TXN00000305,ACC0000007,2022-10-08,9:41:00,Interest,10134.71,Online,Investment,11165.25,Completed
TXN00003453,ACC0000007,2022-12-06,10:21:00,Interest,14326.29,Branch,Investment,11165.25,Failed
TXN00001409,ACC0000007,2023-05-02,8:36:00,Interest,5060.07,Online,Investment,11165.25,Failed
TXN00000706,ACC0000007,2023-12-13,15:53:00,Debit,4515.62,Mobile,Purchase,11165.25,Pending
TXN00000243,ACC0000007,2024-03-03,16:53:00,Credit,12232.83,Mobile,Investment,11165.25,Failed
TXN00002290,ACC0000008,2022-05-13,10:48:00,Fee,12853.22,Online,Utility,6354.41,Pending
TXN00002190,ACC0000008,2023-03-06,12:17:00,Interest,5115.42,Branch,Investment,6354.41,Failed
TXN00004060,ACC0000008,2023-05-06,15:44:00,Interest,10328.36,Branch,Investment,6354.41,Failed
TXN00000423,ACC0000008,2023-07-11,20:04:00,ATM Withdrawal,9638.26,ATM,Purchase,6354.41,Pending
TXN00003040,ACC0000008,2024-02-26,19:33:00,Interest,7804.21,Branch,Investment,6354.41,Failed
TXN00003560,ACC0000008,2024-07-28,22:06:00,ATM Withdrawal,1893.69,ATM,Rent,6354.41,Failed
TXN00001258,ACC0000008,2024-09-17,20:48:00,Transfer,3850.75,Online,Rent,2503.66,Completed
TXN00004031,ACC0000009,2022-01-03,9:56:00,Debit,5233.96,Mobile,Rent,21849.55,Pending
TXN00002293,ACC0000009,2023-01-04,9:57:00,Fee,9833.64,Branch,Utility,12015.91,Completed
TXN00002434,ACC0000009,2023-09-12,11:57:00,Credit,2798.59,Branch,Refund,12015.91,Pending
TXN00000824,ACC0000009,2023-11-18,8:30:00,ATM Withdrawal,2001.73,ATM,Rent,12015.91,Failed
TXN00003517,ACC0000009,2023-12-25,15:13:00,Debit,7337.01,Mobile,Purchase,4678.9,Completed
TXN00003231,ACC0000009,2024-01-06,22:57:00,Fee,6612.85,Branch,Utility,4678.9,Failed
TXN00000128,ACC0000009,2024-07-04,10:07:00,Transfer,3837.21,Mobile,Investment,4678.9,Failed
TXN00004818,ACC0000009,2024-08-27,13:46:00,Transfer,4318.12,Mobile,Transfer,360.78,Completed
TXN00001229,ACC0000009,2024-10-09,21:15:00,Transfer,14530.07,Wire Transfer,Investment,360.78,Pending
TXN00003406,ACC0000009,2024-12-18,16:23:00,Transfer,1515.56,Online,Investment,360.78,Failed
TXN00004695,ACC0000009,2024-12-20,18:48:00,Interest,6889.45,Branch,Investment,360.78,Pending
TXN00000685,ACC0000010,2023-03-22,8:35:00,Debit,6553.43,POS,Rent,19698.13,Pending
TXN00004972,ACC0000010,2023-11-04,9:12:00,Credit,1853.26,Branch,Salary,19698.13,Pending
TXN00001570,ACC0000010,2023-11-19,14:27:00,ATM Withdrawal,362.54,ATM,Utility,19335.59,Completed
TXN00000161,ACC0000010,2023-11-23,22:02:00,Interest,7521.9,Online,Investment,26857.49,Completed
TXN00000404,ACC0000010,2024-06-09,9:44:00,Fee,9995.77,Mobile,Utility,16861.72,Completed
TXN00003349,ACC0000010,2024-06-10,11:02:00,Debit,7974.99,Mobile,Utility,8886.73,Completed
TXN00001948,ACC0000010,2024-09-19,19:34:00,Transfer,1812.53,Wire Transfer,Rent,8886.73,Failed
TXN00004722,ACC0000010,2024-09-27,17:31:00,ATM Withdrawal,7132.46,ATM,Rent,1754.27,Completed
TXN00003060,ACC0000010,2024-12-26,11:29:00,Fee,5442.2,Mobile,Utility,1754.27,Failed
TXN00000298,ACC0000011,2023-12-27,14:07:00,Transfer,10766.06,Branch,Transfer,1358.54,Failed
TXN00003581,ACC0000011,2023-12-27,8:41:00,Interest,3220.98,Branch,Investment,1358.54,Failed
TXN00001928,ACC0000011,2024-01-28,8:00:00,ATM Withdrawal,8078.08,ATM,Purchase,1358.54,Pending
TXN00000016,ACC0000011,2024-04-16,8:13:00,ATM Withdrawal,97.79,ATM,Purchase,1260.75,Completed
TXN00002361,ACC0000011,2024-04-29,21:42:00,Debit,8903.04,Online,Rent,1260.75,Failed
TXN00001860,ACC0000011,2024-06-01,14:27:00,Fee,13725.64,Branch,Utility,1260.75,Failed
TXN00002021,ACC0000011,2024-08-03,11:22:00,Debit,919.42,Mobile,Utility,341.33,Completed
TXN00001431,ACC0000011,2024-09-18,14:15:00,ATM Withdrawal,4147.19,ATM,Utility,341.33,Failed
TXN00000220,ACC0000011,2024-10-24,19:47:00,Debit,5763.75,POS,Rent,341.33,Failed
TXN00001414,ACC0000011,2024-11-22,22:47:00,Debit,5603.47,Online,Rent,341.33,Pending
TXN00001306,ACC0000011,2024-11-23,8:36:00,ATM Withdrawal,165.82,ATM,Purchase,175.51,Completed
TXN00000882,ACC0000011,2024-12-17,15:44:00,Credit,8724.82,Online,Refund,8900.33,Completed
TXN00002002,ACC0000012,2022-01-04,19:10:00,Debit,4428.29,Mobile,Purchase,10749.04,Failed
TXN00002978,ACC0000012,2022-08-23,11:12:00,Debit,8868.85,Mobile,Rent,10749.04,Pending
TXN00000451,ACC0000012,2023-07-10,10:59:00,Debit,10991.79,Online,Utility,10749.04,Failed
TXN00004838,ACC0000012,2024-12-06,12:20:00,Transfer,5231.94,Branch,Transfer,5517.1,Completed
TXN00004773,ACC0000013,2024-01-25,15:10:00,Fee,7056.81,Mobile,Utility,9223.72,Completed
TXN00001109,ACC0000013,2024-03-03,22:27:00,Credit,7975.37,Online,Refund,17199.09,Completed
TXN00002632,ACC0000013,2024-04-08,15:16:00,Interest,7726.04,Online,Investment,17199.09,Failed
TXN00003414,ACC0000013,2024-11-25,9:06:00,Debit,3188.47,Mobile,Purchase,17199.09,Pending
TXN00003463,ACC0000014,2022-05-22,17:21:00,Credit,14398.56,Online,Salary,33092.94,Pending
TXN00001542,ACC0000014,2022-11-29,10:20:00,ATM Withdrawal,14430.81,ATM,Utility,18662.13,Completed
TXN00002234,ACC0000014,2022-11-30,14:54:00,Credit,6463.6,Mobile,Salary,18662.13,Pending
TXN00001679,ACC0000014,2024-01-25,14:57:00,Interest,12748.46,Online,Investment,18662.13,Pending
TXN00002340,ACC0000014,2024-04-19,21:04:00,Fee,1553.82,Branch,Utility,18662.13,Failed
TXN00000269,ACC0000015,2022-08-09,18:20:00,Debit,10248.2,Online,Utility,41247.04,Pending
TXN00002542,ACC0000015,2022-09-18,13:42:00,Credit,4386.15,Mobile,Investment,45633.19,Completed
TXN00004097,ACC0000015,2022-10-21,12:38:00,Credit,10257.05,Online,Investment,45633.19,Failed
TXN00000951,ACC0000015,2022-11-13,20:44:00,Transfer,2722.7,Wire Transfer,Transfer,42910.49,Completed
TXN00000263,ACC0000015,2023-07-03,19:13:00,Interest,14610.9,Branch,Investment,42910.49,Failed
TXN00002556,ACC0000015,2023-07-20,17:26:00,Interest,1569.61,Branch,Investment,42910.49,Pending
TXN00002627,ACC0000015,2024-07-09,15:11:00,ATM Withdrawal,6890.41,ATM,Purchase,42910.49,Pending
TXN00003459,ACC0000016,2022-10-29,10:32:00,ATM Withdrawal,2841.11,ATM,Rent,57562.78,Completed
TXN00004935,ACC0000016,2023-07-20,11:34:00,Debit,4546.46,POS,Rent,57562.78,Pending
TXN00002689,ACC0000016,2023-08-02,16:03:00,Interest,3106.98,Online,Investment,57562.78,Pending
TXN00002572,ACC0000016,2023-11-07,20:12:00,Debit,294.77,POS,Rent,57562.78,Pending
TXN00002316,ACC0000016,2024-02-23,11:38:00,Transfer,4573.84,Wire Transfer,Investment,52988.94,Completed
TXN00004752,ACC0000016,2024-03-15,16:07:00,Transfer,10307.77,Mobile,Rent,52988.94,Pending
TXN00004989,ACC0000016,2024-03-20,21:20:00,Debit,10462.28,Mobile,Utility,52988.94,Pending
TXN00002898,ACC0000017,2022-08-10,12:24:00,Fee,14537.91,Mobile,Utility,30890.51,Failed
TXN00001007,ACC0000017,2022-11-27,15:29:00,Credit,12328.45,Online,Salary,43218.96,Completed
TXN00004666,ACC0000017,2023-03-25,12:54:00,Credit,9054.09,Online,Investment,43218.96,Failed
TXN00003379,ACC0000017,2023-09-03,10:08:00,Fee,3911.92,Branch,Utility,39307.04,Completed
TXN00002980,ACC0000017,2023-10-15,17:12:00,Interest,5752.44,Online,Investment,45059.48,Completed
TXN00001641,ACC0000017,2024-02-17,12:53:00,ATM Withdrawal,1463.92,ATM,Rent,45059.48,Pending
TXN00002201,ACC0000017,2024-10-13,21:24:00,Interest,5603.77,Branch,Investment,50663.25,Completed
TXN00003513,ACC0000018,2023-08-13,12:05:00,Debit,3079.48,Mobile,Utility,8355.85,Pending
TXN00000025,ACC0000018,2023-10-03,17:01:00,ATM Withdrawal,6648.9,ATM,Rent,8355.85,Pending
TXN00000488,ACC0000018,2023-12-07,17:33:00,ATM Withdrawal,7199.91,ATM,Rent,8355.85,Failed
TXN00001824,ACC0000018,2024-07-09,20:31:00,Transfer,10889.31,Wire Transfer,Investment,8355.85,Pending
TXN00003571,ACC0000019,2022-03-08,16:13:00,Fee,1302.6,Online,Utility,37782.56,Pending
TXN00000201,ACC0000019,2022-04-22,11:53:00,Fee,8596.59,Online,Utility,37782.56,Pending
TXN00000585,ACC0000019,2022-09-20,16:22:00,Credit,14757.91,Online,Investment,37782.56,Failed
TXN00002415,ACC0000019,2023-07-11,18:52:00,Transfer,1855.08,Online,Investment,35927.48,Completed
TXN00004898,ACC0000019,2023-12-16,18:36:00,Interest,4853.11,Branch,Investment,35927.48,Failed
TXN00002489,ACC0000019,2024-04-02,10:39:00,Fee,14577.07,Online,Utility,35927.48,Pending
TXN00002612,ACC0000019,2024-07-14,11:35:00,Debit,6091.32,Mobile,Rent,35927.48,Failed
TXN00000977,ACC0000020,2022-02-10,17:00:00,Interest,4468.95,Online,Investment,13683.95,Failed
TXN00003250,ACC0000020,2022-10-05,15:36:00,Transfer,2413.52,Wire Transfer,Investment,13683.95,Pending
TXN00004710,ACC0000020,2022-11-02,15:15:00,ATM Withdrawal,6772.53,ATM,Purchase,13683.95,Pending
TXN00001843,ACC0000020,2022-12-06,20:01:00,ATM Withdrawal,11171.89,ATM,Rent,13683.95,Failed
TXN00002117,ACC0000020,2022-12-23,20:22:00,Debit,726.29,Online,Utility,12957.66,Completed
TXN00003242,ACC0000020,2023-03-28,20:33:00,Credit,10958.28,Online,Salary,23915.94,Completed
TXN00000014,ACC0000020,2023-04-22,13:21:00,Fee,10977.64,Mobile,Utility,12938.3,Completed
TXN00004460,ACC0000020,2023-11-23,8:48:00,Fee,6792.78,Mobile,Utility,12938.3,Pending
TXN00003160,ACC0000020,2024-02-06,17:54:00,ATM Withdrawal,6657.12,ATM,Utility,6281.18,Completed
TXN00003111,ACC0000020,2024-07-31,9:09:00,Transfer,13097.65,Branch,Investment,6281.18,Pending
TXN00001876,ACC0000020,2024-09-13,16:09:00,Debit,14302.44,Online,Purchase,6281.18,Pending
TXN00001093,ACC0000021,2022-01-04,14:13:00,Fee,9449.85,Mobile,Utility,750.65,Completed
TXN00000106,ACC0000021,2022-06-15,20:32:00,Credit,12228.13,Branch,Investment,750.65,Pending
TXN00002514,ACC0000021,2023-10-13,17:23:00,Fee,364.66,Mobile,Utility,385.99,Completed
TXN00003431,ACC0000021,2023-10-21,12:28:00,Interest,685.46,Branch,Investment,385.99,Pending
TXN00001164,ACC0000021,2024-07-19,11:59:00,Transfer,2826.87,Online,Rent,385.99,Pending
TXN00004799,ACC0000021,2024-10-17,10:16:00,Debit,4393.87,POS,Rent,385.99,Failed
TXN00003110,ACC0000022,2023-06-12,16:51:00,ATM Withdrawal,1361.6,ATM,Utility,50019.9,Completed
TXN00003007,ACC0000022,2023-06-12,16:55:00,Interest,332.14,Online,Investment,50019.9,Failed
TXN00000280,ACC0000022,2024-02-07,10:42:00,Interest,7821.12,Branch,Investment,50019.9,Pending
TXN00003982,ACC0000022,2024-05-25,12:46:00,Debit,1263.12,Mobile,Rent,50019.9,Pending
TXN00000281,ACC0000022,2024-06-08,17:32:00,Fee,835.74,Branch,Utility,49184.16,Completed
TXN00003668,ACC0000022,2024-06-29,11:18:00,Debit,2579.92,POS,Utility,49184.16,Pending
TXN00004840,ACC0000022,2024-10-15,8:12:00,Interest,12730.45,Branch,Investment,61914.61,Completed
TXN00004068,ACC0000023,2022-03-24,18:53:00,Credit,9118.13,Mobile,Investment,6888.54,Failed
TXN00000037,ACC0000023,2023-02-26,8:49:00,Fee,7594.82,Mobile,Utility,6888.54,Failed
TXN00001460,ACC0000023,2023-03-09,9:29:00,Interest,6025.83,Branch,Investment,6888.54,Pending
TXN00000464,ACC0000023,2023-04-12,22:37:00,ATM Withdrawal,2975.48,ATM,Purchase,3913.06,Completed
TXN00003892,ACC0000023,2023-07-07,9:30:00,ATM Withdrawal,3429.39,ATM,Purchase,483.67,Completed
TXN00004339,ACC0000023,2024-06-01,14:53:00,Transfer,14982.02,Online,Investment,483.67,Failed
TXN00002047,ACC0000024,2022-11-20,22:26:00,ATM Withdrawal,14724.86,ATM,Rent,3314.05,Completed
TXN00000893,ACC0000024,2022-12-11,14:59:00,ATM Withdrawal,2520.46,ATM,Utility,3314.05,Failed
TXN00001635,ACC0000024,2023-11-22,20:02:00,Interest,2684.87,Online,Investment,3314.05,Pending
TXN00003439,ACC0000024,2024-06-08,20:37:00,ATM Withdrawal,3309.05,ATM,Rent,5.0,Completed
TXN00003856,ACC0000024,2024-11-02,22:15:00,Credit,7959.79,Online,Investment,5.0,Pending
TXN00003196,ACC0000024,2024-12-16,14:06:00,Transfer,7750.49,Mobile,Rent,5.0,Failed
TXN00000438,ACC0000025,2022-04-02,11:39:00,Transfer,6581.8,Online,Rent,25106.11,Completed
TXN00003305,ACC0000025,2022-04-13,12:01:00,Transfer,11526.76,Online,Investment,13579.35,Completed
TXN00001138,ACC0000025,2022-08-06,16:05:00,Interest,10522.58,Online,Investment,13579.35,Pending
TXN00003650,ACC0000025,2022-08-30,18:05:00,ATM Withdrawal,12961.24,ATM,Purchase,13579.35,Pending
TXN00003265,ACC0000025,2023-01-15,22:37:00,Debit,14246.62,POS,Rent,13579.35,Pending
TXN00004803,ACC0000025,2023-09-09,8:01:00,Debit,13405.0,Online,Purchase,13579.35,Failed
TXN00004698,ACC0000025,2024-04-20,17:35:00,ATM Withdrawal,5388.42,ATM,Rent,8190.93,Completed
TXN00002780,ACC0000025,2024-05-02,21:33:00,Interest,2725.99,Branch,Investment,8190.93,Pending
TXN00003937,ACC0000025,2024-10-06,13:27:00,Credit,5228.45,Online,Refund,13419.38,Completed
TXN00003246,ACC0000026,2022-02-16,18:09:00,Credit,7316.33,Mobile,Refund,15202.82,Pending
TXN00004178,ACC0000026,2022-10-03,8:43:00,Credit,11169.67,Online,Investment,15202.82,Pending
TXN00002656,ACC0000026,2022-11-16,12:14:00,ATM Withdrawal,14491.13,ATM,Utility,15202.82,Pending
TXN00001712,ACC0000026,2022-12-04,12:06:00,ATM Withdrawal,11601.23,ATM,Purchase,15202.82,Pending
TXN00003772,ACC0000026,2023-06-07,21:35:00,ATM Withdrawal,6519.9,ATM,Utility,15202.82,Pending
TXN00002020,ACC0000026,2023-08-11,16:08:00,ATM Withdrawal,10860.96,ATM,Purchase,15202.82,Failed
TXN00003421,ACC0000026,2023-11-06,12:28:00,Credit,7181.35,Mobile,Investment,15202.82,Pending
TXN00004403,ACC0000026,2023-12-09,17:18:00,Fee,9616.89,Branch,Utility,15202.82,Pending
TXN00001087,ACC0000026,2023-12-21,13:48:00,ATM Withdrawal,1693.92,ATM,Rent,15202.82,Failed
TXN00000098,ACC0000027,2022-01-29,20:10:00,Credit,2508.12,Mobile,Refund,5963.79,Completed
TXN00003618,ACC0000027,2022-04-19,19:20:00,Debit,11730.51,Mobile,Rent,5963.79,Failed
TXN00004409,ACC0000027,2022-05-15,17:40:00,Interest,13485.37,Branch,Investment,19449.16,Completed
TXN00004649,ACC0000027,2023-01-26,16:46:00,Fee,7736.13,Branch,Utility,19449.16,Failed
TXN00001906,ACC0000027,2023-04-13,19:40:00,Fee,8663.56,Mobile,Utility,10785.6,Completed
TXN00000799,ACC0000027,2023-06-25,18:56:00,ATM Withdrawal,10799.27,ATM,Utility,10785.6,Failed
TXN00003925,ACC0000027,2023-07-23,10:23:00,Fee,4926.61,Mobile,Utility,10785.6,Pending
TXN00001167,ACC0000027,2023-09-27,12:24:00,Debit,11403.78,Mobile,Rent,10785.6,Pending
TXN00003452,ACC0000027,2024-01-19,17:28:00,Credit,11096.52,Online,Salary,10785.6,Failed
TXN00001128,ACC0000027,2024-11-15,9:21:00,Interest,13391.29,Online,Investment,24176.89,Completed
TXN00001111,ACC0000028,2022-07-26,18:52:00,Debit,11095.21,POS,Utility,10263.08,Pending
TXN00002804,ACC0000028,2023-01-17,14:07:00,ATM Withdrawal,9252.52,ATM,Rent,10263.08,Failed
TXN00002499,ACC0000028,2023-06-16,17:10:00,ATM Withdrawal,13331.74,ATM,Rent,10263.08,Failed
TXN00004126,ACC0000028,2023-08-03,22:54:00,Transfer,14143.68,Branch,Rent,10263.08,Pending
TXN00000787,ACC0000028,2023-12-03,12:14:00,Fee,1728.52,Mobile,Utility,8534.56,Completed
TXN00003880,ACC0000028,2024-01-08,16:28:00,Transfer,3747.63,Online,Investment,4786.93,Completed
TXN00002824,ACC0000028,2024-03-13,10:30:00,Debit,13750.77,Online,Purchase,4786.93,Failed
TXN00004109,ACC0000028,2024-09-01,20:07:00,Transfer,8051.45,Mobile,Transfer,4786.93,Failed
TXN00003871,ACC0000029,2023-06-13,17:29:00,Credit,5782.38,Mobile,Investment,22441.01,Pending
TXN00003827,ACC0000029,2023-07-08,15:53:00,Transfer,4225.86,Online,Rent,22441.01,Pending
TXN00000507,ACC0000029,2023-09-13,8:07:00,Debit,2362.86,Mobile,Rent,22441.01,Pending
TXN00000605,ACC0000029,2024-03-27,20:45:00,Debit,6638.2,POS,Utility,15802.81,Completed
TXN00002973,ACC0000029,2024-04-26,9:05:00,ATM Withdrawal,13382.17,ATM,Purchase,15802.81,Failed
TXN00000760,ACC0000029,2024-05-04,16:52:00,ATM Withdrawal,820.79,ATM,Purchase,14982.02,Completed
TXN00002036,ACC0000030,2023-06-26,8:19:00,Transfer,2548.07,Online,Investment,38102.58,Completed
TXN00002161,ACC0000030,2023-11-22,19:18:00,Fee,5341.05,Online,Utility,38102.58,Failed
TXN00001194,ACC0000030,2024-01-24,8:25:00,Fee,9613.52,Mobile,Utility,38102.58,Pending
TXN00004194,ACC0000030,2024-04-08,19:55:00,Fee,420.27,Branch,Utility,38102.58,Pending
TXN00001935,ACC0000031,2023-02-19,21:36:00,Credit,6259.57,Branch,Salary,12076.22,Completed
TXN00002168,ACC0000031,2023-03-09,13:20:00,Interest,12100.03,Online,Investment,24176.25,Completed
TXN00003356,ACC0000031,2023-03-10,10:17:00,Fee,7550.95,Mobile,Utility,24176.25,Pending
TXN00001173,ACC0000031,2023-12-24,16:16:00,Debit,386.02,POS,Utility,24176.25,Pending
TXN00000483,ACC0000031,2024-05-02,8:29:00,Credit,12325.23,Branch,Investment,24176.25,Pending
TXN00003740,ACC0000031,2024-05-19,10:22:00,ATM Withdrawal,3690.49,ATM,Utility,24176.25,Failed
TXN00001639,ACC0000031,2024-08-07,22:47:00,Fee,8427.67,Online,Utility,15748.58,Completed
TXN00004276,ACC0000031,2024-11-24,21:13:00,Debit,12685.4,Mobile,Purchase,3063.18,Completed
TXN00000371,ACC0000032,2023-12-28,10:45:00,Debit,9746.4,Mobile,Rent,54457.23,Completed
TXN00000646,ACC0000032,2024-03-04,18:40:00,Interest,12613.66,Branch,Investment,67070.89,Completed
TXN00004016,ACC0000032,2024-04-08,12:42:00,Credit,6657.26,Online,Refund,73728.15,Completed
TXN00001370,ACC0000032,2024-06-09,17:43:00,Debit,9182.39,Mobile,Purchase,73728.15,Failed
TXN00003428,ACC0000032,2024-06-12,22:37:00,Interest,3245.0,Branch,Investment,73728.15,Pending
TXN00002443,ACC0000032,2024-09-01,18:31:00,Interest,5565.41,Branch,Investment,79293.56,Completed
TXN00000320,ACC0000032,2024-09-24,14:11:00,Interest,5177.79,Online,Investment,84471.35,Completed
TXN00001122,ACC0000032,2024-10-11,17:03:00,ATM Withdrawal,3341.04,ATM,Purchase,81130.31,Completed
TXN00004886,ACC0000033,2022-05-30,10:46:00,ATM Withdrawal,12398.25,ATM,Purchase,4633.52,Failed
TXN00001400,ACC0000033,2022-10-19,11:11:00,Interest,10972.28,Branch,Investment,4633.52,Failed
TXN00002432,ACC0000033,2022-10-20,11:42:00,Interest,7352.67,Online,Investment,4633.52,Pending
TXN00003525,ACC0000033,2023-01-23,13:31:00,Debit,3140.04,Online,Rent,1493.48,Completed
TXN00001482,ACC0000033,2023-03-06,22:33:00,Fee,52.2,Online,Utility,1441.28,Completed
TXN00001466,ACC0000033,2023-03-26,11:58:00,Interest,9183.65,Branch,Investment,1441.28,Pending
TXN00002066,ACC0000033,2023-12-14,21:47:00,Transfer,1137.8,Branch,Investment,303.48,Completed
TXN00004770,ACC0000033,2024-02-16,13:25:00,Credit,14457.29,Branch,Salary,14760.77,Completed
TXN00002672,ACC0000033,2024-02-26,22:53:00,Credit,798.5,Mobile,Investment,14760.77,Failed
TXN00003119,ACC0000033,2024-04-17,10:34:00,Debit,9037.93,POS,Rent,14760.77,Failed
TXN00002286,ACC0000034,2022-02-23,12:59:00,Interest,7509.31,Branch,Investment,22830.45,Failed
TXN00002756,ACC0000034,2023-03-11,17:08:00,ATM Withdrawal,12495.98,ATM,Purchase,10334.47,Completed
TXN00002137,ACC0000034,2023-06-18,17:09:00,Interest,2448.41,Branch,Investment,10334.47,Pending
TXN00004731,ACC0000034,2023-08-01,17:04:00,Fee,9986.89,Branch,Utility,10334.47,Pending
TXN00004660,ACC0000034,2023-10-10,12:50:00,Debit,8871.36,POS,Purchase,1463.11,Completed
TXN00004638,ACC0000034,2024-02-17,16:24:00,Debit,6247.57,Online,Purchase,1463.11,Pending
TXN00000632,ACC0000034,2024-03-12,16:12:00,ATM Withdrawal,11804.54,ATM,Rent,1463.11,Pending
TXN00002115,ACC0000034,2024-03-25,17:06:00,Interest,9243.15,Online,Investment,1463.11,Pending
TXN00004684,ACC0000034,2024-12-08,19:20:00,Interest,12191.92,Branch,Investment,1463.11,Failed
TXN00001204,ACC0000035,2022-11-12,19:41:00,Fee,6246.83,Mobile,Utility,1570.99,Pending
TXN00004541,ACC0000035,2022-12-16,12:47:00,Transfer,10546.45,Online,Transfer,1570.99,Failed
TXN00004255,ACC0000035,2023-01-04,14:41:00,Debit,1425.77,Online,Rent,1570.99,Pending
TXN00000053,ACC0000035,2023-02-15,11:59:00,Fee,12306.55,Online,Utility,1570.99,Failed
TXN00003572,ACC0000035,2023-05-21,14:29:00,Credit,5627.75,Online,Salary,1570.99,Pending
TXN00002022,ACC0000035,2023-11-15,17:52:00,Fee,646.18,Online,Utility,924.81,Completed
TXN00004757,ACC0000035,2024-04-24,14:56:00,Debit,14851.84,POS,Rent,924.81,Failed
TXN00001044,ACC0000036,2022-04-12,16:21:00,Transfer,5322.13,Online,Rent,15928.2,Pending
TXN00004670,ACC0000036,2022-05-16,21:44:00,ATM Withdrawal,9844.91,ATM,Utility,6083.29,Completed
TXN00001153,ACC0000036,2022-06-22,20:47:00,Interest,2203.16,Online,Investment,8286.45,Completed
TXN00004909,ACC0000036,2023-07-06,10:56:00,Transfer,8106.73,Online,Transfer,179.72,Completed
TXN00002375,ACC0000036,2023-09-04,14:04:00,ATM Withdrawal,167.76,ATM,Rent,11.96,Completed
TXN00000972,ACC0000036,2023-10-22,19:07:00,Interest,13036.88,Branch,Investment,11.96,Failed
TXN00003671,ACC0000036,2023-12-13,19:52:00,Debit,12090.37,POS,Rent,11.96,Pending
TXN00000569,ACC0000036,2024-04-29,22:45:00,Transfer,10.26,Online,Rent,1.7,Completed
TXN00000788,ACC0000036,2024-06-18,20:31:00,ATM Withdrawal,5257.62,ATM,Rent,1.7,Failed
TXN00004864,ACC0000036,2024-07-20,8:57:00,Interest,4792.72,Online,Investment,4794.42,Completed
TXN00002747,ACC0000037,2022-06-14,22:34:00,ATM Withdrawal,12831.31,ATM,Purchase,41083.25,Failed
TXN00001541,ACC0000037,2022-10-20,20:51:00,ATM Withdrawal,10871.85,ATM,Purchase,41083.25,Pending
TXN00003544,ACC0000037,2023-01-15,16:58:00,Fee,6403.43,Branch,Utility,41083.25,Pending
TXN00003904,ACC0000037,2023-03-19,18:46:00,Transfer,13799.5,Wire Transfer,Transfer,41083.25,Failed
TXN00000393,ACC0000037,2024-01-15,19:09:00,Fee,4390.11,Mobile,Utility,36693.14,Completed
TXN00000771,ACC0000037,2024-03-01,16:39:00,Interest,12236.51,Branch,Investment,36693.14,Failed
TXN00000923,ACC0000038,2023-02-11,14:05:00,ATM Withdrawal,14856.57,ATM,Utility,9639.54,Pending
TXN00002385,ACC0000038,2023-04-17,11:39:00,Interest,2496.82,Online,Investment,9639.54,Pending
TXN00003360,ACC0000038,2023-05-11,9:33:00,Interest,11739.29,Online,Investment,9639.54,Pending
TXN00001220,ACC0000038,2023-07-30,19:54:00,ATM Withdrawal,6578.01,ATM,Purchase,9639.54,Pending
TXN00002666,ACC0000038,2023-09-22,21:36:00,Fee,2302.33,Online,Utility,9639.54,Failed
TXN00001787,ACC0000038,2024-01-22,20:18:00,Credit,1678.19,Online,Refund,11317.73,Completed
TXN00004566,ACC0000038,2024-02-14,22:46:00,Transfer,11200.3,Online,Transfer,11317.73,Pending
TXN00000735,ACC0000038,2024-08-24,21:41:00,Transfer,3406.0,Wire Transfer,Rent,11317.73,Pending
TXN00000040,ACC0000039,2022-02-24,21:27:00,ATM Withdrawal,7676.81,ATM,Purchase,54783.35,Pending
TXN00004982,ACC0000039,2022-07-10,14:58:00,ATM Withdrawal,237.57,ATM,Utility,54545.78,Completed
TXN00002543,ACC0000039,2023-02-03,15:31:00,Transfer,3355.78,Wire Transfer,Investment,54545.78,Failed
TXN00003338,ACC0000039,2023-03-20,11:53:00,Transfer,8533.0,Wire Transfer,Rent,46012.78,Completed
TXN00002774,ACC0000039,2023-04-02,8:43:00,Transfer,2856.21,Mobile,Rent,46012.78,Pending
TXN00004676,ACC0000039,2023-09-27,16:47:00,Fee,9593.64,Branch,Utility,46012.78,Failed
TXN00001313,ACC0000039,2024-01-01,22:18:00,ATM Withdrawal,5819.27,ATM,Rent,46012.78,Pending
TXN00003526,ACC0000039,2024-04-14,10:23:00,Interest,7318.71,Branch,Investment,46012.78,Failed
TXN00000520,ACC0000039,2024-07-10,10:42:00,Fee,6100.24,Branch,Utility,39912.54,Completed
TXN00002763,ACC0000039,2024-12-01,12:47:00,Interest,10930.85,Online,Investment,39912.54,Failed
TXN00001929,ACC0000040,2022-08-08,21:03:00,Transfer,6362.91,Branch,Investment,28659.65,Pending
TXN00002256,ACC0000040,2022-08-28,15:12:00,ATM Withdrawal,4103.96,ATM,Utility,28659.65,Failed
TXN00000450,ACC0000040,2022-11-04,11:39:00,Interest,3975.65,Online,Investment,32635.3,Completed
TXN00003354,ACC0000040,2023-06-10,20:26:00,Transfer,1120.06,Branch,Rent,32635.3,Failed
TXN00001941,ACC0000040,2023-07-17,16:37:00,Debit,9916.14,Online,Rent,32635.3,Pending
TXN00003141,ACC0000040,2023-07-19,22:14:00,ATM Withdrawal,1508.94,ATM,Rent,32635.3,Pending
TXN00000135,ACC0000040,2024-01-06,8:41:00,Transfer,2719.85,Wire Transfer,Rent,29915.45,Completed
TXN00002343,ACC0000040,2024-04-27,19:36:00,ATM Withdrawal,6363.43,ATM,Rent,23552.02,Completed
TXN00002963,ACC0000041,2022-02-07,11:23:00,Transfer,7404.92,Branch,Transfer,7278.11,Failed
TXN00001471,ACC0000041,2022-02-15,12:44:00,Transfer,10876.78,Branch,Transfer,7278.11,Pending
TXN00000069,ACC0000041,2022-04-02,19:48:00,Debit,3761.23,POS,Utility,3516.88,Completed
TXN00001737,ACC0000041,2022-05-03,22:45:00,Debit,14494.46,Online,Purchase,3516.88,Failed
TXN00004700,ACC0000041,2022-05-06,18:47:00,Transfer,1758.45,Branch,Investment,1758.43,Completed
TXN00002128,ACC0000041,2022-05-21,19:46:00,Transfer,10381.65,Mobile,Transfer,1758.43,Pending
TXN00004244,ACC0000041,2022-05-27,10:11:00,Transfer,7269.07,Mobile,Rent,1758.43,Pending
TXN00001185,ACC0000041,2022-06-14,17:49:00,Transfer,880.75,Wire Transfer,Rent,877.68,Completed
TXN00004538,ACC0000041,2022-06-21,12:23:00,Interest,352.27,Online,Investment,877.68,Failed
TXN00001261,ACC0000042,2022-10-15,8:24:00,Credit,5878.06,Branch,Investment,17314.05,Completed
TXN00000071,ACC0000042,2023-01-20,18:18:00,Debit,4403.9,Online,Purchase,17314.05,Pending
TXN00003988,ACC0000042,2023-02-25,21:54:00,ATM Withdrawal,7586.77,ATM,Utility,9727.28,Completed
TXN00004506,ACC0000042,2023-05-16,16:42:00,Transfer,11972.45,Online,Transfer,9727.28,Failed
TXN00004641,ACC0000042,2023-06-13,20:12:00,ATM Withdrawal,9439.39,ATM,Purchase,9727.28,Pending
TXN00002796,ACC0000042,2023-10-12,16:27:00,Credit,4322.77,Online,Salary,9727.28,Failed
TXN00001288,ACC0000042,2023-12-27,11:30:00,Debit,14404.74,Mobile,Purchase,9727.28,Pending
TXN00000259,ACC0000042,2024-09-11,14:45:00,Transfer,1280.66,Branch,Transfer,8446.62,Completed
TXN00003965,ACC0000043,2023-08-05,8:19:00,Interest,1951.38,Online,Investment,28609.32,Completed
TXN00004551,ACC0000043,2024-05-05,12:51:00,Interest,2047.38,Online,Investment,30656.7,Completed
TXN00002007,ACC0000043,2024-10-12,11:51:00,Fee,8034.89,Branch,Utility,22621.81,Completed
TXN00002521,ACC0000044,2022-02-20,10:58:00,Interest,10447.6,Online,Investment,36748.43,Completed
TXN00004794,ACC0000044,2022-06-04,8:34:00,Fee,13716.19,Online,Utility,36748.43,Pending
TXN00003161,ACC0000044,2022-10-21,16:39:00,Transfer,13045.14,Branch,Investment,23703.29,Completed
TXN00003325,ACC0000044,2023-02-26,12:15:00,Transfer,9563.15,Mobile,Transfer,14140.14,Completed
TXN00000384,ACC0000044,2023-12-26,15:44:00,Fee,7536.11,Branch,Utility,14140.14,Failed
TXN00000610,ACC0000044,2024-08-14,15:29:00,Fee,13974.26,Mobile,Utility,14140.14,Pending
TXN00000689,ACC0000044,2024-11-01,17:04:00,ATM Withdrawal,2456.9,ATM,Utility,14140.14,Pending
TXN00000260,ACC0000045,2022-04-23,11:02:00,Fee,2973.94,Branch,Utility,36092.82,Pending
TXN00003537,ACC0000045,2022-06-18,22:09:00,Transfer,11576.87,Branch,Rent,36092.82,Failed
TXN00000512,ACC0000045,2022-08-15,10:28:00,Credit,4954.59,Mobile,Investment,36092.82,Failed
TXN00000931,ACC0000045,2022-08-28,11:41:00,Interest,14628.43,Online,Investment,50721.25,Completed
TXN00000172,ACC0000045,2022-11-24,16:57:00,Fee,2724.93,Mobile,Utility,50721.25,Pending
TXN00004508,ACC0000045,2023-04-06,11:16:00,Interest,10025.4,Branch,Investment,50721.25,Pending
TXN00004819,ACC0000045,2023-04-30,14:59:00,Interest,9419.92,Branch,Investment,50721.25,Failed
TXN00000489,ACC0000045,2023-05-28,19:41:00,Debit,9347.88,POS,Rent,50721.25,Pending
TXN00003232,ACC0000045,2024-05-17,17:50:00,ATM Withdrawal,10519.05,ATM,Rent,50721.25,Failed
TXN00002317,ACC0000046,2023-07-10,22:31:00,Fee,5416.44,Mobile,Utility,27962.93,Failed
TXN00001594,ACC0000046,2024-03-13,15:21:00,ATM Withdrawal,4689.93,ATM,Utility,27962.93,Failed
TXN00003280,ACC0000046,2024-03-20,19:22:00,Credit,10360.31,Mobile,Refund,27962.93,Failed
TXN00000602,ACC0000046,2024-05-01,10:30:00,Interest,11136.76,Online,Investment,39099.69,Completed
TXN00000903,ACC0000046,2024-06-06,18:42:00,ATM Withdrawal,5856.4,ATM,Purchase,39099.69,Failed
TXN00000781,ACC0000046,2024-08-18,9:46:00,Fee,9166.59,Mobile,Utility,39099.69,Pending
TXN00004852,ACC0000046,2024-09-12,17:18:00,Credit,12880.27,Mobile,Salary,39099.69,Pending
TXN00003066,ACC0000046,2024-11-25,11:40:00,ATM Withdrawal,4755.84,ATM,Utility,34343.85,Completed
TXN00000959,ACC0000047,2022-03-19,13:14:00,ATM Withdrawal,4165.29,ATM,Purchase,68617.55,Completed
TXN00002145,ACC0000047,2023-01-09,20:35:00,Credit,7623.2,Branch,Investment,76240.75,Completed
TXN00000573,ACC0000047,2023-10-10,17:32:00,Fee,12411.41,Online,Utility,76240.75,Pending
TXN00004182,ACC0000047,2024-01-27,10:39:00,Debit,677.51,POS,Purchase,76240.75,Pending
TXN00001449,ACC0000047,2024-03-02,20:22:00,Debit,14760.62,Online,Utility,61480.13,Completed
TXN00004360,ACC0000047,2024-05-15,19:10:00,Transfer,11328.13,Wire Transfer,Investment,61480.13,Failed
TXN00002134,ACC0000048,2022-01-15,20:14:00,Credit,3217.19,Branch,Investment,9452.86,Failed
TXN00002929,ACC0000048,2022-08-22,19:50:00,Debit,5362.92,POS,Rent,4089.94,Completed
TXN00001554,ACC0000048,2023-01-09,13:04:00,Fee,2816.4,Online,Utility,1273.54,Completed
TXN00001228,ACC0000048,2024-01-19,8:46:00,Transfer,811.97,Branch,Transfer,461.57,Completed
TXN00004149,ACC0000048,2024-03-06,19:16:00,Interest,13261.08,Online,Investment,13722.65,Completed
TXN00004881,ACC0000049,2022-01-01,16:13:00,Fee,13531.77,Online,Utility,11907.1,Pending
TXN00004913,ACC0000049,2022-10-01,22:21:00,Transfer,730.33,Branch,Investment,11907.1,Pending
TXN00003635,ACC0000049,2023-04-15,22:50:00,Debit,5578.47,POS,Utility,11907.1,Failed
TXN00000173,ACC0000049,2024-01-24,8:59:00,ATM Withdrawal,13317.1,ATM,Rent,11907.1,Failed
TXN00003376,ACC0000049,2024-03-04,15:34:00,Credit,4330.52,Online,Refund,11907.1,Pending
TXN00002856,ACC0000049,2024-08-10,17:35:00,Interest,454.76,Online,Investment,12361.86,Completed
TXN00000012,ACC0000050,2022-08-22,12:59:00,ATM Withdrawal,6467.66,ATM,Utility,30778.13,Completed
TXN00004404,ACC0000050,2022-10-02,8:10:00,ATM Withdrawal,14923.42,ATM,Utility,30778.13,Pending
TXN00003582,ACC0000050,2022-11-07,8:51:00,Credit,10871.95,Online,Salary,30778.13,Failed
TXN00001938,ACC0000050,2022-11-13,21:49:00,ATM Withdrawal,1975.63,ATM,Rent,30778.13,Failed
TXN00002964,ACC0000050,2023-01-08,9:42:00,Credit,5270.76,Mobile,Salary,30778.13,Failed
TXN00000187,ACC0000050,2023-02-13,8:29:00,Transfer,3445.29,Online,Rent,30778.13,Pending
TXN00004394,ACC0000050,2023-02-22,8:30:00,Fee,14019.5,Online,Utility,30778.13,Failed
TXN00002864,ACC0000050,2023-07-26,15:04:00,Transfer,7565.06,Mobile,Transfer,23213.07,Completed
TXN00002404,ACC0000050,2023-08-29,13:12:00,Debit,12093.79,POS,Utility,11119.28,Completed
TXN00002517,ACC0000051,2023-02-26,15:11:00,Transfer,6699.88,Wire Transfer,Transfer,8911.82,Failed
TXN00001446,ACC0000051,2023-03-22,22:01:00,Interest,13162.87,Online,Investment,22074.69,Completed
TXN00003064,ACC0000051,2023-06-01,12:13:00,Credit,14675.61,Branch,Investment,22074.69,Pending
TXN00003034,ACC0000051,2023-10-20,13:18:00,Credit,11003.46,Mobile,Salary,22074.69,Failed
TXN00000550,ACC0000051,2023-12-01,12:23:00,Fee,13782.75,Mobile,Utility,8291.94,Completed
TXN00002049,ACC0000051,2023-12-28,11:50:00,Interest,3462.72,Branch,Investment,11754.66,Completed
TXN00003302,ACC0000051,2024-03-19,16:42:00,Debit,5730.66,Mobile,Purchase,11754.66,Pending
TXN00002549,ACC0000051,2024-07-16,8:59:00,Transfer,9449.53,Branch,Transfer,11754.66,Failed
TXN00002557,ACC0000051,2024-09-09,16:14:00,Debit,3035.33,Mobile,Rent,11754.66,Failed
TXN00003255,ACC0000051,2024-10-17,18:55:00,Transfer,4861.44,Online,Investment,6893.22,Completed
TXN00000601,ACC0000052,2023-06-22,21:51:00,Interest,3703.65,Branch,Investment,13544.9,Failed
TXN00000648,ACC0000052,2023-07-20,14:40:00,Fee,9331.32,Branch,Utility,13544.9,Failed
TXN00000366,ACC0000052,2024-02-05,15:18:00,Credit,9789.78,Branch,Investment,23334.68,Completed
TXN00001450,ACC0000052,2024-08-13,9:06:00,Debit,12933.11,POS,Rent,23334.68,Pending
TXN00001862,ACC0000052,2024-09-25,15:24:00,Interest,12255.54,Branch,Investment,35590.22,Completed
TXN00003324,ACC0000052,2024-10-07,15:18:00,Credit,3076.92,Mobile,Salary,35590.22,Failed
TXN00002360,ACC0000052,2024-11-07,20:36:00,Transfer,5913.77,Online,Investment,35590.22,Pending
TXN00000868,ACC0000052,2024-12-03,19:05:00,ATM Withdrawal,13317.6,ATM,Purchase,35590.22,Pending
TXN00003321,ACC0000053,2023-08-01,20:26:00,Credit,10842.08,Online,Refund,78867.61,Pending
TXN00003017,ACC0000053,2023-09-26,22:14:00,ATM Withdrawal,7251.5,ATM,Purchase,71616.11,Completed
TXN00004559,ACC0000053,2024-02-18,14:32:00,Debit,12050.7,POS,Utility,59565.41,Completed
TXN00002965,ACC0000053,2024-03-12,8:23:00,ATM Withdrawal,5747.26,ATM,Purchase,53818.15,Completed
TXN00000726,ACC0000053,2024-05-23,8:54:00,Fee,8438.91,Online,Utility,53818.15,Pending
TXN00004133,ACC0000053,2024-06-22,21:05:00,Debit,2125.53,Online,Rent,53818.15,Pending
TXN00003413,ACC0000053,2024-11-07,21:03:00,ATM Withdrawal,6903.48,ATM,Purchase,53818.15,Failed
TXN00002156,ACC0000054,2022-01-12,11:35:00,Fee,962.92,Mobile,Utility,30392.47,Failed
TXN00001934,ACC0000054,2022-01-28,8:27:00,Transfer,1335.85,Mobile,Rent,30392.47,Pending
TXN00004720,ACC0000054,2022-09-25,21:26:00,Fee,10822.04,Mobile,Utility,30392.47,Pending
TXN00002620,ACC0000054,2023-02-02,14:08:00,Transfer,11298.41,Mobile,Transfer,30392.47,Failed
TXN00004561,ACC0000054,2024-02-17,10:55:00,Debit,14217.17,Online,Utility,16175.3,Completed
TXN00004292,ACC0000055,2022-04-25,10:15:00,Debit,298.7,POS,Utility,26424.43,Completed
TXN00003767,ACC0000055,2022-05-17,9:47:00,Fee,11791.67,Mobile,Utility,26424.43,Pending
TXN00004597,ACC0000055,2023-08-01,18:23:00,Fee,14875.8,Online,Utility,11548.63,Completed
TXN00003956,ACC0000055,2024-03-26,19:32:00,Debit,937.95,POS,Purchase,11548.63,Pending
TXN00001903,ACC0000055,2024-08-18,14:49:00,Transfer,7177.05,Branch,Transfer,4371.58,Completed
TXN00001348,ACC0000055,2024-11-08,14:54:00,Interest,11415.18,Online,Investment,4371.58,Pending
TXN00000382,ACC0000056,2022-07-04,9:35:00,Transfer,2471.79,Branch,Rent,48861.4,Pending
TXN00000752,ACC0000056,2022-09-27,22:03:00,ATM Withdrawal,1534.37,ATM,Utility,47327.03,Completed
TXN00002159,ACC0000056,2022-12-01,22:11:00,Transfer,7078.92,Mobile,Transfer,40248.11,Completed
TXN00004636,ACC0000056,2023-04-29,18:44:00,Transfer,9001.62,Mobile,Investment,31246.49,Completed
TXN00004608,ACC0000056,2024-05-06,8:42:00,Interest,10659.07,Online,Investment,31246.49,Failed
TXN00003050,ACC0000056,2024-10-08,21:55:00,Credit,9952.13,Online,Refund,31246.49,Pending
TXN00000614,ACC0000056,2024-10-26,12:15:00,Transfer,283.15,Online,Rent,30963.34,Completed
TXN00003210,ACC0000056,2024-12-04,10:57:00,Credit,6930.36,Branch,Investment,30963.34,Pending
TXN00002911,ACC0000057,2022-01-08,9:48:00,Interest,4958.53,Online,Investment,8696.47,Completed
TXN00000323,ACC0000057,2022-04-29,15:32:00,Debit,7890.53,POS,Rent,8696.47,Pending
TXN00001525,ACC0000057,2023-03-18,9:42:00,ATM Withdrawal,14902.35,ATM,Rent,8696.47,Pending
TXN00001823,ACC0000057,2023-04-10,9:52:00,Fee,2706.5,Mobile,Utility,8696.47,Pending
TXN00001653,ACC0000057,2024-09-16,17:32:00,Interest,14762.81,Branch,Investment,23459.28,Completed
TXN00000249,ACC0000057,2024-09-26,8:17:00,ATM Withdrawal,12862.34,ATM,Utility,10596.94,Completed
TXN00000368,ACC0000057,2024-10-15,9:35:00,Interest,6431.12,Online,Investment,10596.94,Failed
TXN00004962,ACC0000058,2022-08-10,12:45:00,Interest,8966.03,Online,Investment,25909.34,Failed
TXN00002847,ACC0000058,2022-12-04,14:04:00,ATM Withdrawal,11033.54,ATM,Utility,14875.8,Completed
TXN00002465,ACC0000058,2023-01-14,13:45:00,Debit,4711.92,Mobile,Utility,10163.88,Completed
TXN00003315,ACC0000058,2023-07-05,19:51:00,Transfer,1265.8,Online,Transfer,8898.08,Completed
TXN00000674,ACC0000058,2024-04-27,16:07:00,Transfer,5922.06,Online,Investment,8898.08,Pending
TXN00001300,ACC0000058,2024-07-03,16:20:00,Transfer,6621.61,Online,Transfer,8898.08,Failed
TXN00004215,ACC0000059,2022-01-11,10:35:00,Transfer,4804.07,Online,Rent,24971.93,Pending
TXN00001334,ACC0000059,2022-08-11,19:02:00,Debit,2042.44,Mobile,Utility,24971.93,Pending
TXN00002108,ACC0000059,2023-01-19,20:57:00,Fee,4626.04,Online,Utility,24971.93,Failed
TXN00002755,ACC0000059,2024-04-21,10:17:00,Interest,6194.77,Branch,Investment,24971.93,Failed
TXN00000729,ACC0000059,2024-09-09,9:00:00,Interest,10589.82,Branch,Investment,24971.93,Failed
TXN00004481,ACC0000060,2023-03-12,18:17:00,ATM Withdrawal,10778.59,ATM,Utility,40266.57,Failed
TXN00001250,ACC0000060,2023-05-25,14:55:00,Credit,3381.65,Online,Salary,40266.57,Pending
TXN00002530,ACC0000060,2023-10-01,8:34:00,Transfer,941.29,Wire Transfer,Transfer,39325.28,Completed
TXN00002920,ACC0000060,2023-11-19,9:08:00,Debit,335.72,Online,Rent,38989.56,Completed
TXN00004991,ACC0000060,2024-02-29,20:41:00,Debit,3960.84,POS,Purchase,38989.56,Failed
TXN00002494,ACC0000060,2024-09-18,19:00:00,Credit,4357.21,Branch,Investment,38989.56,Failed
TXN00002757,ACC0000060,2024-10-09,18:04:00,Credit,7073.63,Mobile,Salary,46063.19,Completed
TXN00000094,ACC0000061,2022-03-09,19:06:00,Transfer,8248.44,Wire Transfer,Rent,15447.6,Pending
TXN00001886,ACC0000061,2022-10-02,12:52:00,Transfer,14292.27,Wire Transfer,Rent,15447.6,Failed
TXN00003703,ACC0000061,2023-05-13,21:15:00,ATM Withdrawal,9237.07,ATM,Purchase,6210.53,Completed
TXN00002988,ACC0000061,2023-05-19,15:10:00,Debit,3478.99,Mobile,Purchase,2731.54,Completed
TXN00002744,ACC0000061,2023-07-05,9:57:00,Debit,5392.36,POS,Utility,2731.54,Failed
TXN00003858,ACC0000061,2024-01-12,12:03:00,ATM Withdrawal,2786.15,ATM,Utility,2731.54,Failed
TXN00001805,ACC0000061,2024-03-05,11:21:00,Transfer,14250.22,Wire Transfer,Transfer,2731.54,Pending
TXN00000137,ACC0000061,2024-03-15,9:03:00,Transfer,6157.88,Mobile,Investment,2731.54,Failed
TXN00004358,ACC0000061,2024-06-30,16:41:00,Interest,8835.75,Branch,Investment,2731.54,Failed
TXN00002371,ACC0000061,2024-12-21,13:05:00,Interest,9230.79,Online,Investment,2731.54,Pending
TXN00001362,ACC0000062,2022-03-21,16:20:00,Debit,14431.82,POS,Utility,7635.36,Completed
TXN00003475,ACC0000062,2023-08-14,8:15:00,Fee,361.9,Branch,Utility,7635.36,Failed
TXN00000062,ACC0000062,2023-10-23,10:04:00,ATM Withdrawal,7630.36,ATM,Utility,5.0,Completed
TXN00001883,ACC0000062,2023-11-29,21:23:00,Fee,13733.13,Branch,Utility,5.0,Pending
TXN00002012,ACC0000062,2024-06-11,17:47:00,Credit,12632.6,Mobile,Investment,5.0,Failed
TXN00003099,ACC0000062,2024-11-10,22:25:00,Transfer,8755.05,Branch,Transfer,5.0,Failed
TXN00001597,ACC0000062,2024-12-22,12:25:00,Interest,13425.56,Online,Investment,5.0,Failed
TXN00003632,ACC0000063,2019-04-01,19:08:00,Credit,3240.09,Mobile,Investment,4035.59,Pending
TXN00003998,ACC0000063,2021-07-15,11:30:00,Credit,11135.86,Mobile,Salary,4035.59,Pending
TXN00000810,ACC0000063,2022-02-12,10:32:00,ATM Withdrawal,9717.15,ATM,Purchase,4035.59,Pending
TXN00000871,ACC0000063,2022-04-02,18:35:00,Debit,1923.85,Online,Purchase,2111.74,Completed
TXN00002220,ACC0000063,2022-06-25,8:24:00,Credit,14043.29,Branch,Refund,16155.03,Completed
TXN00000143,ACC0000063,2022-07-21,19:56:00,Interest,7670.78,Online,Investment,23825.81,Completed
TXN00001827,ACC0000063,2022-10-27,11:47:00,Transfer,14697.96,Online,Rent,9127.85,Completed
TXN00002931,ACC0000064,2023-11-29,22:39:00,Credit,939.52,Branch,Refund,5282.76,Failed
TXN00003811,ACC0000064,2024-01-23,20:44:00,Interest,13077.43,Branch,Investment,5282.76,Pending
TXN00001759,ACC0000064,2024-03-20,11:34:00,Interest,8700.09,Branch,Investment,13982.85,Completed
TXN00001527,ACC0000064,2024-08-02,13:10:00,Interest,10526.56,Branch,Investment,13982.85,Failed
TXN00000866,ACC0000064,2024-08-29,15:23:00,Fee,13763.66,Online,Utility,219.19,Completed
TXN00000300,ACC0000064,2024-10-10,14:56:00,Transfer,122.9,Mobile,Rent,96.29,Completed
TXN00001091,ACC0000064,2024-11-19,10:30:00,ATM Withdrawal,4761.02,ATM,Utility,96.29,Pending
TXN00001856,ACC0000065,2022-11-17,20:38:00,Credit,5599.1,Online,Salary,12269.08,Completed
TXN00002045,ACC0000065,2022-11-19,15:52:00,ATM Withdrawal,9261.05,ATM,Purchase,12269.08,Pending
TXN00001722,ACC0000065,2023-01-05,22:35:00,Transfer,7379.84,Mobile,Rent,4889.24,Completed
TXN00001496,ACC0000065,2023-02-02,21:01:00,Transfer,1674.71,Branch,Investment,3214.53,Completed
TXN00001581,ACC0000065,2023-04-06,20:42:00,Transfer,2092.14,Wire Transfer,Rent,1122.39,Completed
TXN00004891,ACC0000065,2023-04-24,13:58:00,ATM Withdrawal,933.66,ATM,Rent,188.73,Completed
TXN00003951,ACC0000065,2023-06-18,19:19:00,Interest,5362.96,Online,Investment,5551.69,Completed
TXN00002095,ACC0000065,2023-06-28,22:09:00,Fee,11150.64,Branch,Utility,5551.69,Failed
TXN00001940,ACC0000065,2023-09-11,19:18:00,ATM Withdrawal,215.67,ATM,Purchase,5551.69,Pending
TXN00003600,ACC0000065,2023-09-19,11:13:00,Fee,11406.27,Branch,Utility,5551.69,Failed
TXN00002859,ACC0000065,2024-06-09,15:01:00,ATM Withdrawal,9617.07,ATM,Purchase,5551.69,Failed
TXN00003663,ACC0000065,2024-07-18,22:00:00,Credit,8162.5,Online,Investment,5551.69,Failed
TXN00000088,ACC0000066,2022-09-13,21:22:00,Interest,10976.24,Online,Investment,55228.07,Failed
TXN00003642,ACC0000066,2022-10-25,10:17:00,Transfer,1159.37,Wire Transfer,Investment,55228.07,Pending
TXN00000179,ACC0000066,2023-03-11,21:11:00,Fee,11102.79,Online,Utility,55228.07,Pending
TXN00003001,ACC0000066,2023-06-06,22:03:00,Credit,10950.33,Branch,Salary,55228.07,Failed
TXN00000894,ACC0000066,2023-09-12,12:44:00,Transfer,1320.6,Wire Transfer,Investment,55228.07,Pending
TXN00004265,ACC0000066,2024-02-08,13:34:00,Debit,10537.86,Mobile,Utility,55228.07,Failed
TXN00000775,ACC0000066,2024-07-08,13:39:00,Fee,1156.1,Mobile,Utility,54071.97,Completed
TXN00003335,ACC0000066,2024-08-09,10:47:00,ATM Withdrawal,12447.4,ATM,Rent,54071.97,Pending
TXN00003936,ACC0000066,2024-09-09,21:25:00,Interest,1939.29,Branch,Investment,54071.97,Pending
TXN00003852,ACC0000067,2022-10-27,19:37:00,Fee,8878.24,Online,Utility,0.0,Completed
TXN00001774,ACC0000067,2023-02-20,15:09:00,Credit,11462.4,Online,Salary,0.0,Pending
TXN00000359,ACC0000067,2024-10-27,17:27:00,Debit,5598.57,Online,Rent,0.0,Pending
TXN00003661,ACC0000067,2024-12-25,14:00:00,Interest,2721.68,Branch,Investment,0.0,Failed
TXN00003306,ACC0000068,2023-06-08,13:06:00,Credit,8070.26,Mobile,Investment,28054.45,Failed
TXN00002697,ACC0000068,2024-03-10,18:35:00,Debit,6999.15,POS,Purchase,21055.3,Completed
TXN00003153,ACC0000068,2024-04-22,21:40:00,Debit,11164.53,Online,Rent,21055.3,Pending
TXN00000667,ACC0000068,2024-05-02,14:33:00,Debit,10407.54,Online,Rent,10647.76,Completed
TXN00001750,ACC0000068,2024-05-29,11:09:00,Fee,3560.3,Branch,Utility,10647.76,Pending
TXN00001218,ACC0000068,2024-12-23,17:59:00,Fee,5777.75,Mobile,Utility,10647.76,Pending
TXN00004365,ACC0000069,2023-07-10,10:58:00,Transfer,14236.12,Online,Transfer,31836.93,Failed
TXN00004218,ACC0000069,2023-07-14,10:43:00,Interest,5049.41,Branch,Investment,36886.34,Completed
TXN00000766,ACC0000069,2023-10-18,8:57:00,Debit,862.41,Online,Rent,36023.93,Completed
TXN00004518,ACC0000069,2024-01-05,13:49:00,Credit,3370.55,Branch,Salary,39394.48,Completed
TXN00002767,ACC0000069,2024-06-24,13:55:00,ATM Withdrawal,12876.25,ATM,Purchase,39394.48,Failed
TXN00003194,ACC0000069,2024-07-10,16:25:00,Debit,4151.6,Online,Purchase,39394.48,Pending
TXN00000133,ACC0000070,2024-01-21,9:29:00,Interest,12705.51,Branch,Investment,19502.91,Failed
TXN00001014,ACC0000070,2024-02-02,20:48:00,ATM Withdrawal,7813.91,ATM,Rent,19502.91,Pending
TXN00000806,ACC0000070,2024-04-16,17:45:00,Fee,7903.89,Branch,Utility,19502.91,Pending
TXN00004313,ACC0000070,2024-05-30,20:10:00,Transfer,11163.18,Mobile,Transfer,19502.91,Failed
TXN00004892,ACC0000070,2024-07-20,8:23:00,Interest,12018.2,Online,Investment,19502.91,Failed
TXN00001700,ACC0000070,2024-07-25,13:49:00,Credit,3184.19,Branch,Refund,19502.91,Failed
TXN00003505,ACC0000070,2024-08-12,21:34:00,Transfer,6765.47,Online,Investment,19502.91,Failed
TXN00002738,ACC0000071,2023-07-04,19:32:00,Interest,7143.7,Online,Investment,51791.75,Pending
TXN00003470,ACC0000071,2023-08-26,18:55:00,Fee,3758.56,Online,Utility,51791.75,Pending
TXN00004946,ACC0000071,2024-03-16,17:45:00,Credit,11049.23,Branch,Salary,62840.98,Completed
TXN00002702,ACC0000071,2024-05-01,15:20:00,Transfer,11435.93,Branch,Transfer,62840.98,Pending
TXN00001555,ACC0000071,2024-07-27,11:43:00,ATM Withdrawal,13640.52,ATM,Utility,62840.98,Pending
TXN00000165,ACC0000072,2022-03-12,21:48:00,Interest,13456.03,Branch,Investment,3578.6,Failed
TXN00003429,ACC0000072,2022-04-12,11:48:00,Credit,6797.03,Mobile,Refund,10375.63,Completed
TXN00002748,ACC0000072,2022-11-25,10:07:00,Interest,7934.3,Branch,Investment,10375.63,Failed
TXN00002849,ACC0000072,2023-05-27,8:43:00,Credit,1272.18,Branch,Refund,11647.81,Completed
TXN00003516,ACC0000072,2023-08-30,20:10:00,Debit,12388.73,Online,Purchase,11647.81,Pending
TXN00004953,ACC0000073,2022-01-30,22:01:00,Debit,11070.62,POS,Purchase,3107.52,Failed
TXN00003545,ACC0000073,2023-07-09,22:52:00,Credit,11631.51,Branch,Salary,3107.52,Pending
TXN00004080,ACC0000073,2023-09-04,20:27:00,Interest,14873.92,Branch,Investment,17981.44,Completed
TXN00000599,ACC0000073,2024-05-16,12:26:00,Fee,12782.03,Online,Utility,17981.44,Pending
TXN00002936,ACC0000073,2024-10-15,16:58:00,Fee,12375.48,Mobile,Utility,17981.44,Failed
TXN00001001,ACC0000073,2024-12-04,17:19:00,Transfer,2360.8,Wire Transfer,Transfer,17981.44,Pending
TXN00003901,ACC0000074,2022-01-27,15:12:00,ATM Withdrawal,9231.84,ATM,Rent,54760.03,Failed
TXN00001545,ACC0000074,2022-02-05,16:17:00,Interest,7070.46,Online,Investment,61830.49,Completed
TXN00001377,ACC0000074,2022-08-14,15:38:00,Credit,9235.55,Branch,Investment,61830.49,Pending
TXN00003759,ACC0000074,2022-10-06,14:54:00,Fee,5414.28,Online,Utility,61830.49,Pending
TXN00000579,ACC0000074,2023-03-08,15:00:00,Fee,12925.14,Online,Utility,48905.35,Completed
TXN00003186,ACC0000074,2023-06-25,18:24:00,ATM Withdrawal,139.53,ATM,Utility,48905.35,Pending
TXN00000967,ACC0000074,2023-11-05,10:56:00,Debit,60.81,Online,Rent,48905.35,Pending
TXN00001399,ACC0000074,2024-01-18,18:26:00,Interest,931.98,Online,Investment,48905.35,Failed
TXN00004495,ACC0000074,2024-02-28,16:46:00,Interest,11582.32,Branch,Investment,60487.67,Completed
TXN00003358,ACC0000074,2024-02-29,21:52:00,ATM Withdrawal,13311.85,ATM,Purchase,47175.82,Completed
TXN00004144,ACC0000074,2024-12-16,12:36:00,ATM Withdrawal,4925.27,ATM,Rent,47175.82,Failed
TXN00000816,ACC0000075,2024-01-10,21:46:00,Fee,2054.76,Branch,Utility,1966.91,Failed
TXN00003303,ACC0000075,2024-02-05,19:39:00,Interest,13916.46,Branch,Investment,1966.91,Failed
TXN00002450,ACC0000075,2024-02-14,15:07:00,Interest,3593.99,Branch,Investment,1966.91,Failed
TXN00000886,ACC0000075,2024-04-04,21:26:00,Fee,8149.38,Mobile,Utility,1966.91,Pending
TXN00004435,ACC0000075,2024-05-15,18:47:00,Transfer,5345.89,Branch,Investment,1966.91,Pending
TXN00000713,ACC0000075,2024-05-16,20:26:00,Transfer,1002.77,Mobile,Transfer,964.14,Completed
TXN00003415,ACC0000075,2024-06-21,22:34:00,Fee,6127.75,Online,Utility,964.14,Pending
TXN00001616,ACC0000075,2024-08-19,11:32:00,Credit,5220.22,Online,Investment,6184.36,Completed
TXN00002498,ACC0000075,2024-08-19,18:28:00,Interest,1246.35,Online,Investment,6184.36,Failed
TXN00000099,ACC0000075,2024-08-24,10:59:00,Interest,5472.67,Online,Investment,6184.36,Failed
TXN00001866,ACC0000075,2024-09-06,16:41:00,ATM Withdrawal,3173.93,ATM,Purchase,3010.43,Completed
TXN00002635,ACC0000075,2024-09-20,11:33:00,ATM Withdrawal,8097.36,ATM,Rent,3010.43,Failed
TXN00002681,ACC0000075,2024-12-20,15:26:00,Debit,260.7,POS,Purchase,3010.43,Pending
TXN00002351,ACC0000075,2024-12-21,11:52:00,Transfer,5772.78,Branch,Transfer,3010.43,Pending
TXN00003774,ACC0000076,2022-06-13,19:31:00,ATM Withdrawal,4333.44,ATM,Rent,73738.41,Failed
TXN00004867,ACC0000076,2022-07-19,22:08:00,Interest,8380.61,Online,Investment,73738.41,Failed
TXN00001524,ACC0000076,2023-05-18,8:08:00,Debit,14838.5,POS,Purchase,73738.41,Pending
TXN00003133,ACC0000076,2023-06-15,17:42:00,ATM Withdrawal,7635.87,ATM,Rent,73738.41,Failed
TXN00003130,ACC0000076,2023-06-22,18:45:00,ATM Withdrawal,9001.39,ATM,Purchase,73738.41,Pending
TXN00001661,ACC0000076,2023-10-06,13:37:00,ATM Withdrawal,10425.59,ATM,Utility,73738.41,Failed
TXN00002243,ACC0000076,2023-12-11,14:47:00,Fee,8297.59,Mobile,Utility,65440.82,Completed
TXN00002035,ACC0000076,2024-11-07,20:01:00,ATM Withdrawal,13443.38,ATM,Rent,65440.82,Pending
TXN00002890,ACC0000077,2022-12-06,17:48:00,Transfer,14187.87,Wire Transfer,Transfer,0.0,Completed
TXN00003928,ACC0000077,2024-06-19,14:00:00,Transfer,458.51,Wire Transfer,Rent,0.0,Pending
TXN00002828,ACC0000077,2024-12-15,12:22:00,Credit,1264.08,Mobile,Refund,1264.08,Completed
TXN00002141,ACC0000078,2022-03-14,9:33:00,Debit,459.2,Mobile,Purchase,20970.62,Completed
TXN00000658,ACC0000078,2022-06-07,12:38:00,Transfer,11599.03,Branch,Rent,20970.62,Pending
TXN00004336,ACC0000078,2023-06-06,20:25:00,ATM Withdrawal,12884.28,ATM,Purchase,8086.34,Completed
TXN00000458,ACC0000078,2023-10-10,17:41:00,Transfer,2072.67,Branch,Investment,8086.34,Pending
TXN00002089,ACC0000078,2024-02-15,10:14:00,Transfer,5521.59,Mobile,Transfer,2564.75,Completed
TXN00000998,ACC0000078,2024-07-20,16:50:00,Transfer,1861.57,Online,Investment,703.18,Completed
TXN00001803,ACC0000078,2024-11-04,15:47:00,Interest,431.4,Online,Investment,703.18,Pending
TXN00004942,ACC0000078,2024-12-06,16:58:00,Transfer,8735.77,Mobile,Rent,703.18,Pending
TXN00002018,ACC0000078,2024-12-19,14:59:00,Fee,2274.28,Online,Utility,703.18,Failed
TXN00004801,ACC0000079,2022-06-20,13:32:00,ATM Withdrawal,2778.37,ATM,Utility,33417.57,Failed
TXN00000039,ACC0000079,2023-05-15,10:55:00,Fee,2732.53,Online,Utility,33417.57,Failed
TXN00004165,ACC0000079,2023-09-21,22:49:00,Fee,11797.79,Branch,Utility,21619.78,Completed
TXN00003493,ACC0000080,2022-02-01,18:37:00,Interest,4100.75,Online,Investment,8044.1,Completed
TXN00003320,ACC0000080,2022-02-16,21:56:00,ATM Withdrawal,12252.18,ATM,Rent,8044.1,Failed
TXN00004842,ACC0000080,2022-04-26,19:15:00,Credit,6696.33,Mobile,Refund,8044.1,Failed
TXN00001121,ACC0000080,2022-08-08,12:59:00,ATM Withdrawal,11654.59,ATM,Rent,8044.1,Failed
TXN00004565,ACC0000080,2022-12-29,19:37:00,ATM Withdrawal,3423.15,ATM,Utility,4620.95,Completed
TXN00002288,ACC0000080,2023-07-20,21:47:00,ATM Withdrawal,12700.17,ATM,Rent,4620.95,Failed
TXN00002706,ACC0000081,2022-07-06,18:14:00,Credit,539.44,Mobile,Investment,15211.48,Completed
TXN00001055,ACC0000081,2023-02-28,15:39:00,Transfer,12392.63,Wire Transfer,Investment,2818.85,Completed
TXN00003056,ACC0000081,2024-06-24,18:26:00,Transfer,5564.95,Mobile,Rent,2818.85,Pending
TXN00000096,ACC0000081,2024-08-03,21:32:00,Transfer,2069.46,Wire Transfer,Investment,749.39,Completed
TXN00000085,ACC0000082,2023-02-20,12:37:00,Transfer,13262.04,Branch,Transfer,8208.02,Completed
TXN00000509,ACC0000082,2023-05-14,17:13:00,ATM Withdrawal,4053.02,ATM,Purchase,4155.0,Completed
TXN00000933,ACC0000082,2023-08-29,22:25:00,Transfer,4665.55,Online,Rent,4155.0,Pending
TXN00003198,ACC0000082,2023-12-29,11:00:00,Debit,11413.44,Mobile,Utility,4155.0,Pending
TXN00000175,ACC0000082,2024-04-17,14:24:00,Interest,3554.33,Branch,Investment,4155.0,Failed
TXN00002679,ACC0000083,2022-10-23,15:24:00,Interest,12958.14,Branch,Investment,51103.25,Completed
TXN00002537,ACC0000083,2023-02-13,19:12:00,ATM Withdrawal,13587.37,ATM,Utility,51103.25,Failed
TXN00001221,ACC0000083,2023-02-15,10:41:00,Transfer,8952.74,Mobile,Rent,51103.25,Failed
TXN00004280,ACC0000083,2023-03-06,21:13:00,ATM Withdrawal,5511.62,ATM,Rent,45591.63,Completed
TXN00001933,ACC0000083,2024-01-11,20:52:00,Interest,6014.92,Branch,Investment,45591.63,Failed
TXN00004084,ACC0000083,2024-03-18,9:05:00,Debit,14971.63,POS,Purchase,30620.0,Completed
TXN00004992,ACC0000083,2024-08-29,11:42:00,Interest,2057.17,Branch,Investment,30620.0,Failed
TXN00000779,ACC0000084,2023-11-12,16:50:00,Transfer,311.35,Wire Transfer,Transfer,37205.51,Completed
TXN00001371,ACC0000084,2024-03-26,18:27:00,Transfer,1203.89,Branch,Rent,36001.62,Completed
TXN00004432,ACC0000084,2024-06-28,16:38:00,Fee,13320.87,Branch,Utility,22680.75,Completed
TXN00003263,ACC0000084,2024-09-27,19:43:00,Transfer,9568.38,Wire Transfer,Rent,13112.37,Completed
TXN00004761,ACC0000085,2022-03-06,9:34:00,ATM Withdrawal,12025.38,ATM,Rent,735.23,Failed
TXN00000916,ACC0000085,2022-03-26,21:43:00,Credit,7420.51,Online,Investment,8155.74,Completed
TXN00003473,ACC0000085,2022-06-16,14:33:00,Debit,10468.26,Online,Purchase,8155.74,Pending
TXN00003995,ACC0000085,2022-07-08,11:14:00,Interest,2842.13,Online,Investment,8155.74,Pending
TXN00001101,ACC0000085,2022-09-17,12:10:00,Fee,5965.08,Online,Utility,2190.66,Completed
TXN00001575,ACC0000085,2023-02-27,14:06:00,ATM Withdrawal,516.29,ATM,Rent,2190.66,Pending
TXN00000761,ACC0000085,2024-02-07,10:02:00,Debit,9230.56,Mobile,Rent,2190.66,Failed
TXN00000574,ACC0000085,2024-04-07,21:04:00,ATM Withdrawal,3458.52,ATM,Rent,2190.66,Pending
TXN00003847,ACC0000085,2024-07-10,11:55:00,ATM Withdrawal,954.64,ATM,Utility,1236.02,Completed
TXN00001811,ACC0000085,2024-08-15,9:51:00,Transfer,7213.32,Online,Transfer,1236.02,Failed
TXN00000405,ACC0000085,2024-11-02,8:07:00,Transfer,5987.65,Branch,Rent,1236.02,Failed
TXN00000304,ACC0000086,2022-05-01,10:37:00,Credit,3564.57,Online,Investment,30110.9,Pending
TXN00002961,ACC0000086,2022-06-15,18:05:00,Fee,6367.38,Online,Utility,30110.9,Failed
TXN00003384,ACC0000086,2023-05-27,12:11:00,Credit,899.01,Online,Refund,30110.9,Pending
TXN00000872,ACC0000086,2023-09-25,22:08:00,Credit,7582.67,Mobile,Salary,30110.9,Pending
TXN00000627,ACC0000086,2024-01-04,20:59:00,Transfer,12797.36,Mobile,Rent,30110.9,Failed
TXN00003973,ACC0000086,2024-01-14,17:12:00,ATM Withdrawal,2179.66,ATM,Rent,30110.9,Pending
TXN00000773,ACC0000086,2024-06-29,18:26:00,Debit,10309.81,Online,Utility,19801.09,Completed
TXN00001520,ACC0000086,2024-10-11,10:46:00,Transfer,5419.54,Branch,Transfer,19801.09,Failed
TXN00000722,ACC0000086,2024-12-06,17:22:00,Fee,12535.44,Online,Utility,19801.09,Pending
TXN00003964,ACC0000086,2024-12-14,14:26:00,Debit,6523.76,Online,Utility,19801.09,Failed
TXN00002524,ACC0000087,2023-02-20,12:34:00,Transfer,14196.9,Wire Transfer,Investment,6571.66,Completed
TXN00002578,ACC0000087,2023-10-28,18:43:00,Fee,379.4,Mobile,Utility,6192.26,Completed
TXN00002552,ACC0000087,2023-11-14,21:42:00,Debit,4083.12,Mobile,Utility,6192.26,Pending
TXN00002446,ACC0000087,2023-12-28,9:46:00,Transfer,3794.92,Online,Rent,6192.26,Failed
TXN00004155,ACC0000087,2024-01-26,20:59:00,ATM Withdrawal,11155.29,ATM,Rent,6192.26,Failed
TXN00003036,ACC0000087,2024-07-08,15:29:00,Transfer,6187.26,Branch,Investment,5.0,Completed
TXN00001910,ACC0000087,2024-12-25,8:31:00,Credit,2721.95,Branch,Salary,5.0,Pending
TXN00004856,ACC0000088,2022-03-18,15:32:00,ATM Withdrawal,3066.19,ATM,Purchase,4749.28,Completed
TXN00001646,ACC0000088,2022-03-20,16:39:00,Credit,5469.43,Mobile,Refund,10218.71,Completed
TXN00003970,ACC0000088,2022-05-02,19:52:00,Debit,5378.84,Mobile,Utility,4839.87,Completed
TXN00000011,ACC0000088,2022-12-06,9:38:00,Interest,1541.87,Branch,Investment,4839.87,Failed
TXN00004855,ACC0000088,2023-04-26,9:27:00,Interest,11205.65,Online,Investment,16045.52,Completed
TXN00003785,ACC0000088,2024-06-30,18:10:00,Debit,10281.45,POS,Purchase,16045.52,Failed
TXN00000490,ACC0000089,2022-02-07,15:47:00,Credit,2649.76,Branch,Salary,4454.73,Completed
TXN00003288,ACC0000089,2022-02-28,15:35:00,Debit,3762.55,Mobile,Purchase,692.18,Completed
TXN00001335,ACC0000089,2022-05-15,13:39:00,ATM Withdrawal,2532.05,ATM,Rent,692.18,Pending
TXN00003652,ACC0000089,2022-07-22,10:30:00,Interest,5727.06,Online,Investment,692.18,Pending
TXN00000389,ACC0000089,2022-08-05,16:23:00,Fee,392.84,Online,Utility,299.34,Completed
TXN00000287,ACC0000089,2022-10-13,16:26:00,Fee,13503.58,Mobile,Utility,299.34,Failed
TXN00001543,ACC0000089,2023-01-28,16:23:00,Credit,3449.97,Branch,Investment,299.34,Pending
TXN00003120,ACC0000089,2023-08-19,22:11:00,Debit,135.82,Online,Utility,163.52,Completed
TXN00002348,ACC0000089,2023-12-02,12:31:00,Debit,10772.64,Online,Rent,163.52,Pending
TXN00004299,ACC0000089,2024-04-08,18:38:00,Fee,4648.2,Online,Utility,163.52,Pending
TXN00002158,ACC0000089,2024-05-05,10:35:00,Interest,7671.03,Branch,Investment,163.52,Pending
TXN00002071,ACC0000090,2022-02-02,11:59:00,Credit,10146.72,Mobile,Refund,2694.6,Failed
TXN00004829,ACC0000090,2022-02-19,13:59:00,Interest,11514.28,Branch,Investment,2694.6,Pending
TXN00002951,ACC0000090,2022-12-10,21:08:00,Debit,9964.23,Online,Rent,2694.6,Failed
TXN00003038,ACC0000090,2023-03-30,16:39:00,Interest,10109.02,Online,Investment,2694.6,Pending
TXN00003977,ACC0000090,2023-12-23,17:22:00,ATM Withdrawal,2091.89,ATM,Rent,602.71,Completed
TXN00004861,ACC0000090,2024-06-22,17:18:00,Fee,386.99,Online,Utility,215.72,Completed
TXN00002916,ACC0000090,2024-09-09,22:54:00,Credit,10472.55,Mobile,Investment,10688.27,Completed
TXN00004645,ACC0000090,2024-10-20,19:08:00,ATM Withdrawal,2058.89,ATM,Utility,10688.27,Failed
TXN00004310,ACC0000090,2024-12-19,16:20:00,Transfer,13377.08,Wire Transfer,Investment,10688.27,Failed
TXN00000428,ACC0000091,2022-02-22,9:22:00,Credit,12194.46,Mobile,Refund,18163.21,Completed
TXN00004454,ACC0000091,2022-03-16,21:34:00,Interest,5083.92,Branch,Investment,18163.21,Pending
TXN00000008,ACC0000091,2022-07-03,17:01:00,Credit,943.22,Mobile,Salary,18163.21,Pending
TXN00004488,ACC0000091,2023-01-31,8:26:00,Debit,7042.77,Mobile,Rent,18163.21,Pending
TXN00004697,ACC0000091,2023-11-07,15:54:00,Transfer,1093.59,Branch,Transfer,17069.62,Completed
TXN00002090,ACC0000091,2024-02-29,13:11:00,Transfer,7508.21,Mobile,Transfer,9561.41,Completed
TXN00001926,ACC0000091,2024-05-09,21:11:00,Fee,9636.4,Online,Utility,9561.41,Failed
TXN00004383,ACC0000091,2024-05-25,20:10:00,Interest,1814.72,Branch,Investment,11376.13,Completed
TXN00001749,ACC0000091,2024-12-07,9:20:00,Credit,6766.82,Branch,Investment,11376.13,Pending
TXN00003365,ACC0000092,2022-02-22,14:01:00,Interest,4982.41,Online,Investment,25794.71,Failed
TXN00004555,ACC0000092,2022-07-14,12:22:00,Fee,8142.56,Mobile,Utility,25794.71,Failed
TXN00001979,ACC0000092,2022-07-29,18:59:00,Debit,13095.04,Online,Purchase,12699.67,Completed
TXN00003373,ACC0000092,2022-08-10,21:08:00,Debit,8317.0,POS,Rent,4382.67,Completed
TXN00003397,ACC0000092,2022-09-10,9:15:00,Transfer,13501.76,Wire Transfer,Investment,4382.67,Failed
TXN00004524,ACC0000092,2022-12-15,16:23:00,ATM Withdrawal,10355.27,ATM,Purchase,4382.67,Failed
TXN00002907,ACC0000092,2023-12-07,12:16:00,Debit,2047.24,POS,Purchase,2335.43,Completed
TXN00002652,ACC0000092,2024-07-04,15:15:00,Transfer,49.57,Online,Transfer,2335.43,Pending
TXN00001459,ACC0000092,2024-09-14,22:07:00,ATM Withdrawal,9683.54,ATM,Purchase,2335.43,Pending
TXN00002025,ACC0000092,2024-10-13,17:05:00,Credit,11980.05,Branch,Investment,14315.48,Completed
TXN00001148,ACC0000092,2024-11-01,13:13:00,Debit,14543.26,Mobile,Utility,14315.48,Pending
TXN00002974,ACC0000093,2022-10-08,9:32:00,ATM Withdrawal,1110.1,ATM,Rent,49689.23,Completed
TXN00000252,ACC0000093,2023-01-13,21:41:00,ATM Withdrawal,7079.35,ATM,Purchase,49689.23,Pending
TXN00001595,ACC0000093,2023-06-21,18:19:00,Interest,10902.88,Online,Investment,60592.11,Completed
TXN00000680,ACC0000093,2023-07-12,12:07:00,Transfer,7335.53,Mobile,Investment,53256.58,Completed
TXN00001074,ACC0000093,2024-06-22,15:34:00,Debit,2123.03,POS,Rent,51133.55,Completed
TXN00001178,ACC0000094,2022-01-15,8:26:00,Interest,2406.79,Branch,Investment,22628.11,Failed
TXN00003521,ACC0000094,2022-05-23,14:16:00,Fee,784.65,Online,Utility,21843.46,Completed
TXN00003511,ACC0000094,2022-05-26,19:59:00,Transfer,10845.46,Branch,Rent,21843.46,Pending
TXN00002876,ACC0000094,2022-07-06,20:20:00,Interest,11697.33,Online,Investment,21843.46,Failed
TXN00000153,ACC0000094,2022-09-01,8:24:00,Credit,8254.54,Mobile,Refund,30098.0,Completed
TXN00004078,ACC0000094,2023-02-25,9:57:00,Debit,529.9,Mobile,Utility,29568.1,Completed
TXN00002362,ACC0000094,2023-10-04,16:07:00,Transfer,4096.97,Wire Transfer,Rent,25471.13,Completed
TXN00004340,ACC0000094,2023-12-10,17:43:00,Interest,3860.47,Online,Investment,25471.13,Failed
TXN00004422,ACC0000094,2024-02-09,17:32:00,Transfer,5384.17,Branch,Rent,25471.13,Failed
TXN00004412,ACC0000094,2024-05-11,12:06:00,Credit,11403.91,Online,Refund,36875.04,Completed
TXN00000080,ACC0000095,2023-04-11,22:43:00,Transfer,2852.74,Mobile,Investment,13693.24,Failed
TXN00001959,ACC0000095,2023-09-26,10:55:00,Fee,12293.22,Branch,Utility,13693.24,Pending
TXN00001538,ACC0000095,2024-03-13,14:23:00,ATM Withdrawal,9929.46,ATM,Utility,13693.24,Failed
TXN00001232,ACC0000095,2024-09-17,21:29:00,Transfer,14091.64,Wire Transfer,Investment,13693.24,Pending
TXN00004096,ACC0000095,2024-10-20,14:26:00,Debit,8505.07,Mobile,Purchase,13693.24,Pending
TXN00001589,ACC0000096,2024-01-19,14:40:00,ATM Withdrawal,11362.71,ATM,Rent,60173.17,Completed
TXN00002577,ACC0000096,2024-07-06,15:28:00,ATM Withdrawal,14937.94,ATM,Rent,60173.17,Pending
TXN00002940,ACC0000096,2024-10-06,13:14:00,Transfer,6899.11,Mobile,Transfer,53274.06,Completed
TXN00004368,ACC0000097,2022-03-27,13:46:00,Debit,12783.86,Online,Purchase,8154.37,Pending
TXN00004159,ACC0000097,2023-04-17,17:27:00,ATM Withdrawal,6810.78,ATM,Purchase,8154.37,Pending
TXN00002345,ACC0000097,2024-01-15,9:42:00,Fee,7412.44,Mobile,Utility,8154.37,Pending
TXN00004147,ACC0000097,2024-05-10,11:14:00,Transfer,5618.64,Online,Rent,8154.37,Pending
TXN00000995,ACC0000097,2024-07-17,19:40:00,Debit,6888.51,Online,Utility,8154.37,Pending
TXN00001433,ACC0000097,2024-12-16,10:20:00,Fee,5942.8,Branch,Utility,8154.37,Failed
TXN00001211,ACC0000098,2022-02-21,14:04:00,Fee,755.54,Branch,Utility,55377.75,Completed
TXN00000899,ACC0000098,2022-12-05,16:03:00,ATM Withdrawal,13139.62,ATM,Utility,55377.75,Pending
TXN00001239,ACC0000098,2023-01-17,14:34:00,Debit,6924.32,Mobile,Utility,48453.43,Completed
TXN00001030,ACC0000098,2023-02-01,10:20:00,Interest,13231.26,Online,Investment,48453.43,Pending
TXN00000479,ACC0000098,2023-04-28,12:49:00,Fee,546.78,Online,Utility,48453.43,Failed
TXN00000548,ACC0000098,2023-10-23,14:58:00,Fee,11803.87,Branch,Utility,48453.43,Failed
TXN00002225,ACC0000098,2023-11-07,14:40:00,Credit,1204.01,Online,Refund,48453.43,Failed
TXN00004496,ACC0000098,2024-01-11,8:13:00,Transfer,7154.21,Wire Transfer,Transfer,48453.43,Pending
TXN00003715,ACC0000098,2024-08-23,22:51:00,Interest,4404.5,Branch,Investment,48453.43,Pending
TXN00002698,ACC0000098,2024-12-13,14:30:00,Fee,10246.2,Branch,Utility,48453.43,Failed
TXN00001361,ACC0000099,2023-03-16,16:02:00,Credit,9774.68,Online,Salary,30602.3,Failed
TXN00002613,ACC0000099,2023-05-01,12:29:00,Credit,4101.84,Branch,Refund,30602.3,Pending
TXN00003656,ACC0000099,2023-09-29,13:36:00,Debit,13837.18,Online,Purchase,30602.3,Pending
TXN00003592,ACC0000099,2023-10-27,9:21:00,Fee,14166.69,Mobile,Utility,16435.61,Completed
TXN00003846,ACC0000100,2018-10-24,10:45:00,Transfer,12325.21,Branch,Transfer,5018.4,Pending
TXN00003362,ACC0000100,2019-08-06,14:06:00,Interest,11483.59,Online,Investment,5018.4,Pending
TXN00003118,ACC0000100,2021-07-06,15:43:00,Debit,13993.99,Online,Purchase,5018.4,Pending
TXN00000731,ACC0000100,2022-08-21,22:47:00,Interest,3195.83,Online,Investment,8214.23,Completed
TXN00002442,ACC0000100,2022-11-05,11:46:00,Interest,7381.25,Branch,Investment,8214.23,Pending
TXN00002968,ACC0000101,2023-04-17,16:51:00,Transfer,12845.01,Online,Investment,28305.4,Completed
TXN00003175,ACC0000101,2023-08-21,14:55:00,Transfer,3404.15,Online,Rent,24901.25,Completed
TXN00000856,ACC0000101,2023-09-19,17:09:00,Fee,13342.74,Online,Utility,24901.25,Pending
TXN00002823,ACC0000101,2024-04-02,17:02:00,ATM Withdrawal,9713.1,ATM,Rent,15188.15,Completed
TXN00004189,ACC0000101,2024-10-18,8:05:00,Fee,10258.89,Online,Utility,4929.26,Completed
TXN00004718,ACC0000101,2024-10-26,13:19:00,ATM Withdrawal,3314.17,ATM,Purchase,1615.09,Completed
TXN00000803,ACC0000102,2023-09-27,13:39:00,Credit,10666.69,Mobile,Salary,3302.15,Pending
TXN00002167,ACC0000102,2023-12-03,13:54:00,Interest,12246.22,Online,Investment,3302.15,Pending
TXN00003588,ACC0000102,2024-08-07,9:08:00,ATM Withdrawal,606.57,ATM,Rent,3302.15,Pending
TXN00001141,ACC0000102,2024-08-19,18:26:00,Interest,5050.78,Online,Investment,3302.15,Pending
TXN00002636,ACC0000102,2024-09-23,9:02:00,ATM Withdrawal,14084.66,ATM,Purchase,3302.15,Failed
TXN00000592,ACC0000102,2024-11-01,13:00:00,ATM Withdrawal,8955.27,ATM,Purchase,3302.15,Pending
TXN00002998,ACC0000103,2024-04-02,12:35:00,ATM Withdrawal,7875.36,ATM,Purchase,34623.46,Pending
TXN00004009,ACC0000103,2024-04-25,19:47:00,ATM Withdrawal,3555.49,ATM,Utility,34623.46,Pending
TXN00002209,ACC0000103,2024-05-29,19:39:00,Credit,5114.87,Branch,Salary,34623.46,Pending
TXN00001005,ACC0000103,2024-06-16,14:12:00,Fee,9669.34,Online,Utility,34623.46,Failed
TXN00001644,ACC0000103,2024-08-10,9:19:00,Credit,3952.49,Online,Salary,34623.46,Pending
TXN00000378,ACC0000103,2024-08-16,12:16:00,Credit,9929.6,Mobile,Investment,34623.46,Failed
TXN00003917,ACC0000103,2024-09-04,12:51:00,ATM Withdrawal,3523.64,ATM,Rent,31099.82,Completed
TXN00004602,ACC0000103,2024-09-07,8:58:00,Transfer,7778.78,Wire Transfer,Transfer,23321.04,Completed
TXN00001367,ACC0000103,2024-09-17,12:49:00,Fee,9081.37,Online,Utility,23321.04,Failed
TXN00002863,ACC0000103,2024-10-07,14:53:00,Fee,9403.61,Online,Utility,23321.04,Pending
TXN00002149,ACC0000103,2024-10-16,9:34:00,Transfer,2270.26,Branch,Transfer,23321.04,Pending
TXN00000823,ACC0000103,2024-10-19,8:03:00,Fee,423.58,Branch,Utility,22897.46,Completed
TXN00000522,ACC0000104,2022-01-14,17:09:00,Fee,5615.49,Branch,Utility,1712.19,Failed
TXN00004848,ACC0000104,2022-06-21,19:39:00,Credit,3162.29,Mobile,Investment,4874.48,Completed
TXN00000457,ACC0000104,2022-10-13,22:48:00,Transfer,13667.59,Online,Investment,4874.48,Failed
TXN00004116,ACC0000104,2023-08-10,9:45:00,Interest,14304.33,Branch,Investment,19178.81,Completed
TXN00003045,ACC0000104,2023-10-13,17:02:00,Debit,1468.42,POS,Purchase,19178.81,Failed
TXN00002536,ACC0000104,2024-01-02,20:43:00,Debit,7573.3,Online,Utility,11605.51,Completed
TXN00000942,ACC0000104,2024-07-21,22:59:00,Credit,4473.12,Branch,Salary,11605.51,Pending
TXN00002306,ACC0000105,2022-02-15,21:06:00,Credit,13238.19,Branch,Investment,41458.01,Failed
TXN00002603,ACC0000105,2022-05-12,13:37:00,Interest,8924.6,Online,Investment,50382.61,Completed
TXN00004204,ACC0000105,2022-05-20,15:03:00,Interest,12389.31,Branch,Investment,50382.61,Failed
TXN00000422,ACC0000105,2022-07-25,16:47:00,Transfer,5402.33,Online,Transfer,50382.61,Pending
TXN00003630,ACC0000105,2023-01-30,16:46:00,Debit,549.81,Mobile,Utility,50382.61,Pending
TXN00002472,ACC0000105,2023-05-11,15:51:00,Interest,818.91,Branch,Investment,51201.52,Completed
TXN00003284,ACC0000105,2024-05-24,15:00:00,Credit,11100.44,Mobile,Salary,51201.52,Failed
TXN00000538,ACC0000105,2024-11-01,18:42:00,Fee,2736.92,Mobile,Utility,51201.52,Failed
TXN00000737,ACC0000105,2024-11-18,9:35:00,ATM Withdrawal,13941.87,ATM,Utility,51201.52,Failed
TXN00004576,ACC0000106,2022-04-20,21:18:00,Credit,12893.25,Branch,Refund,1329.16,Failed
TXN00003779,ACC0000106,2022-04-23,8:30:00,Transfer,2175.88,Online,Investment,1329.16,Pending
TXN00001296,ACC0000106,2022-08-21,10:15:00,Fee,11944.22,Online,Utility,1329.16,Failed
TXN00004808,ACC0000106,2022-08-25,13:49:00,Fee,13122.65,Branch,Utility,1329.16,Failed
TXN00000024,ACC0000106,2022-09-23,12:29:00,Interest,7649.54,Branch,Investment,1329.16,Failed
TXN00000319,ACC0000106,2022-12-31,19:51:00,Debit,9384.91,POS,Purchase,1329.16,Pending
TXN00004693,ACC0000106,2024-03-22,17:25:00,Fee,11485.35,Branch,Utility,1329.16,Failed
TXN00001602,ACC0000106,2024-12-01,14:20:00,Interest,14441.84,Branch,Investment,1329.16,Pending
TXN00002312,ACC0000107,2023-09-04,12:19:00,Credit,14165.28,Branch,Refund,47541.29,Pending
TXN00001512,ACC0000107,2024-06-01,13:13:00,ATM Withdrawal,9342.04,ATM,Purchase,47541.29,Pending
TXN00001522,ACC0000107,2024-07-09,12:40:00,ATM Withdrawal,11831.73,ATM,Rent,47541.29,Pending
TXN00000920,ACC0000107,2024-09-04,15:34:00,Fee,13442.48,Branch,Utility,34098.81,Completed
TXN00001991,ACC0000107,2024-10-28,11:08:00,Credit,4393.33,Mobile,Refund,34098.81,Failed
TXN00000930,ACC0000107,2024-11-12,20:29:00,Credit,5121.22,Mobile,Investment,34098.81,Pending
TXN00002732,ACC0000107,2024-12-08,19:13:00,Interest,1626.7,Branch,Investment,34098.81,Failed
TXN00003788,ACC0000108,2022-10-04,19:19:00,Interest,5934.86,Online,Investment,10764.07,Completed
TXN00001187,ACC0000108,2022-11-15,16:51:00,ATM Withdrawal,2965.28,ATM,Utility,10764.07,Pending
TXN00004061,ACC0000108,2022-12-02,13:35:00,Credit,10088.69,Online,Refund,10764.07,Pending
TXN00002199,ACC0000108,2023-01-19,18:21:00,Credit,2125.27,Online,Salary,12889.34,Completed
TXN00003963,ACC0000108,2023-03-04,12:32:00,Credit,1883.95,Online,Salary,12889.34,Failed
TXN00000117,ACC0000108,2023-04-03,20:49:00,Fee,6583.58,Online,Utility,12889.34,Pending
TXN00003423,ACC0000108,2023-04-30,12:34:00,ATM Withdrawal,5399.52,ATM,Rent,7489.82,Completed
TXN00001323,ACC0000108,2023-05-24,20:43:00,ATM Withdrawal,1506.53,ATM,Utility,7489.82,Pending
TXN00004342,ACC0000108,2023-07-29,12:26:00,Credit,14633.27,Branch,Refund,22123.09,Completed
TXN00000091,ACC0000108,2024-03-19,22:12:00,Fee,11913.03,Online,Utility,22123.09,Pending
TXN00004487,ACC0000108,2024-11-09,19:29:00,Interest,10857.14,Branch,Investment,22123.09,Failed
TXN00002451,ACC0000109,2022-02-19,14:26:00,ATM Withdrawal,3026.58,ATM,Utility,3007.51,Completed
TXN00003626,ACC0000109,2022-06-17,19:23:00,Debit,9574.14,POS,Purchase,3007.51,Pending
TXN00001415,ACC0000109,2022-10-03,22:57:00,Debit,1332.55,Mobile,Rent,1674.96,Completed
TXN00004343,ACC0000109,2024-08-30,13:41:00,ATM Withdrawal,1669.96,ATM,Purchase,5.0,Completed
TXN00002244,ACC0000110,2022-05-17,8:44:00,Debit,2536.79,POS,Rent,36778.18,Completed
TXN00003845,ACC0000110,2023-06-01,15:37:00,Fee,12299.8,Online,Utility,24478.38,Completed
TXN00000213,ACC0000110,2024-09-29,22:44:00,Transfer,971.23,Branch,Rent,24478.38,Pending
TXN00004806,ACC0000110,2024-11-19,9:14:00,Fee,6171.69,Branch,Utility,18306.69,Completed
TXN00003532,ACC0000111,2022-01-19,21:52:00,ATM Withdrawal,2773.24,ATM,Purchase,15554.82,Completed
TXN00000212,ACC0000111,2022-06-21,18:27:00,Credit,11.75,Branch,Salary,15554.82,Pending
TXN00000242,ACC0000111,2022-10-19,20:07:00,ATM Withdrawal,2828.7,ATM,Utility,12726.12,Completed
TXN00002633,ACC0000111,2022-11-21,17:23:00,Debit,3979.17,Online,Utility,12726.12,Pending
TXN00000042,ACC0000111,2023-08-28,18:45:00,Interest,3076.5,Branch,Investment,15802.62,Completed
TXN00000687,ACC0000111,2024-04-17,17:53:00,Interest,109.52,Online,Investment,15802.62,Failed
TXN00004833,ACC0000111,2024-07-11,10:42:00,Fee,3682.63,Online,Utility,12119.99,Completed
TXN00002562,ACC0000112,2022-03-07,18:21:00,Interest,14618.79,Online,Investment,4436.8,Pending
TXN00001292,ACC0000112,2022-11-21,22:24:00,Credit,2928.52,Mobile,Refund,7365.32,Completed
TXN00001995,ACC0000112,2023-06-08,19:44:00,Credit,13242.31,Mobile,Refund,20607.63,Completed
TXN00000390,ACC0000112,2023-06-10,20:49:00,Interest,4183.9,Online,Investment,24791.53,Completed
TXN00002684,ACC0000112,2023-07-27,19:55:00,Fee,1980.31,Online,Utility,24791.53,Pending
TXN00004768,ACC0000112,2024-09-12,8:36:00,Transfer,285.47,Branch,Transfer,24791.53,Pending
TXN00003154,ACC0000112,2024-10-31,19:04:00,ATM Withdrawal,11672.63,ATM,Utility,24791.53,Failed
TXN00004960,ACC0000113,2022-09-27,21:02:00,Interest,7242.87,Online,Investment,44806.65,Failed
TXN00000010,ACC0000113,2023-02-25,11:32:00,ATM Withdrawal,13341.13,ATM,Purchase,44806.65,Pending
TXN00002064,ACC0000113,2023-05-11,18:46:00,ATM Withdrawal,674.64,ATM,Utility,44806.65,Pending
TXN00000525,ACC0000113,2023-09-20,14:15:00,Transfer,3624.58,Wire Transfer,Transfer,41182.07,Completed
TXN00001878,ACC0000113,2024-01-07,11:59:00,Transfer,3536.94,Wire Transfer,Transfer,41182.07,Pending
TXN00004160,ACC0000113,2024-01-10,21:36:00,Credit,1845.53,Mobile,Salary,41182.07,Failed
TXN00004304,ACC0000113,2024-03-18,19:59:00,Interest,2862.69,Branch,Investment,41182.07,Pending
TXN00004593,ACC0000113,2024-07-18,21:15:00,Transfer,13000.13,Online,Investment,41182.07,Pending
TXN00000272,ACC0000114,2024-01-20,13:09:00,Transfer,1655.24,Branch,Rent,11937.42,Pending
TXN00003697,ACC0000114,2024-02-11,13:44:00,Transfer,3647.35,Online,Investment,11937.42,Pending
TXN00003216,ACC0000114,2024-04-24,21:57:00,Transfer,4505.93,Mobile,Rent,11937.42,Failed
TXN00002417,ACC0000114,2024-05-13,14:55:00,Interest,7579.5,Branch,Investment,11937.42,Failed
TXN00000919,ACC0000114,2024-06-03,17:35:00,Transfer,9171.35,Mobile,Investment,2766.07,Completed
TXN00004513,ACC0000114,2024-08-17,21:50:00,Credit,4421.45,Mobile,Salary,2766.07,Failed
TXN00000160,ACC0000114,2024-11-18,9:21:00,Debit,7751.66,POS,Rent,2766.07,Pending
TXN00003281,ACC0000115,2022-06-09,11:49:00,Interest,1189.51,Branch,Investment,11248.13,Pending
TXN00000465,ACC0000115,2022-11-13,21:33:00,ATM Withdrawal,2103.33,ATM,Purchase,9144.8,Completed
TXN00003754,ACC0000115,2023-01-10,21:09:00,Fee,3093.72,Online,Utility,9144.8,Failed
TXN00004837,ACC0000115,2023-10-06,20:21:00,Interest,12822.93,Online,Investment,9144.8,Failed
TXN00001200,ACC0000115,2024-10-22,17:03:00,Debit,4012.22,Online,Purchase,5132.58,Completed
TXN00003287,ACC0000116,2022-09-20,12:53:00,Transfer,12403.98,Online,Transfer,3785.22,Failed
TXN00000225,ACC0000116,2022-10-29,21:35:00,Credit,1223.14,Online,Salary,3785.22,Pending
TXN00004213,ACC0000116,2023-08-08,19:57:00,Transfer,3118.24,Online,Transfer,3785.22,Failed
TXN00002946,ACC0000116,2023-08-17,15:52:00,Credit,2478.33,Online,Refund,3785.22,Failed
TXN00001391,ACC0000116,2023-10-14,10:18:00,Interest,10744.99,Online,Investment,3785.22,Failed
TXN00000108,ACC0000116,2024-12-04,8:59:00,Interest,2953.61,Online,Investment,3785.22,Failed
TXN00000927,ACC0000117,2022-07-15,16:04:00,Interest,1214.45,Branch,Investment,56663.46,Completed
TXN00002834,ACC0000117,2022-11-22,10:28:00,Interest,14509.98,Branch,Investment,56663.46,Failed
TXN00001839,ACC0000117,2023-03-19,16:43:00,ATM Withdrawal,12574.6,ATM,Purchase,56663.46,Pending
TXN00003033,ACC0000117,2023-04-22,22:25:00,Interest,12458.53,Online,Investment,56663.46,Failed
TXN00001290,ACC0000117,2023-12-17,14:10:00,Transfer,1176.37,Wire Transfer,Rent,56663.46,Pending
TXN00002217,ACC0000117,2023-12-26,8:36:00,Interest,10042.63,Online,Investment,56663.46,Failed
TXN00002183,ACC0000117,2024-12-22,18:26:00,Credit,12899.05,Online,Refund,56663.46,Failed
TXN00000765,ACC0000118,2023-01-29,18:38:00,Fee,7788.07,Branch,Utility,7574.33,Failed
TXN00000537,ACC0000118,2023-05-01,12:25:00,ATM Withdrawal,5327.99,ATM,Utility,7574.33,Failed
TXN00004416,ACC0000118,2023-06-20,9:26:00,Transfer,2214.64,Mobile,Investment,7574.33,Failed
TXN00003978,ACC0000118,2023-06-21,19:41:00,Credit,10277.74,Mobile,Refund,7574.33,Failed
TXN00004091,ACC0000118,2024-03-02,18:41:00,Debit,5789.72,Online,Utility,1784.61,Completed
TXN00002094,ACC0000118,2024-03-25,12:24:00,Transfer,1019.8,Mobile,Transfer,764.81,Completed
TXN00003609,ACC0000118,2024-07-19,15:59:00,ATM Withdrawal,524.69,ATM,Purchase,240.12,Completed
TXN00000668,ACC0000118,2024-07-21,10:27:00,Fee,8585.04,Online,Utility,240.12,Failed
TXN00002816,ACC0000119,2023-05-15,14:25:00,Credit,5858.67,Online,Salary,2305.51,Pending
TXN00003115,ACC0000119,2023-07-02,18:18:00,ATM Withdrawal,1615.45,ATM,Rent,690.06,Completed
TXN00002621,ACC0000119,2024-01-02,22:41:00,Debit,7540.75,Online,Rent,690.06,Pending
TXN00001248,ACC0000119,2024-07-20,12:55:00,Debit,346.18,Online,Utility,343.88,Completed
TXN00004781,ACC0000120,2023-04-28,8:08:00,ATM Withdrawal,7533.13,ATM,Purchase,4947.26,Pending
TXN00001455,ACC0000120,2023-12-05,10:25:00,Debit,11925.58,Mobile,Utility,4947.26,Failed
TXN00003684,ACC0000120,2024-11-17,8:26:00,Debit,2684.76,Mobile,Rent,4947.26,Pending
TXN00004961,ACC0000121,2022-03-18,10:45:00,Interest,9469.22,Online,Investment,52547.16,Pending
TXN00003775,ACC0000121,2022-05-22,16:32:00,ATM Withdrawal,1707.48,ATM,Rent,52547.16,Pending
TXN00004850,ACC0000121,2023-01-10,22:22:00,ATM Withdrawal,1905.83,ATM,Purchase,50641.33,Completed
TXN00004682,ACC0000121,2024-01-13,20:16:00,ATM Withdrawal,6236.76,ATM,Utility,44404.57,Completed
TXN00002661,ACC0000121,2024-06-05,10:17:00,Transfer,6118.61,Mobile,Rent,44404.57,Pending
TXN00004298,ACC0000121,2024-12-30,10:45:00,Credit,10916.18,Online,Refund,44404.57,Pending
TXN00002394,ACC0000122,2024-12-05,19:08:00,Debit,2446.58,POS,Utility,55395.23,Pending
TXN00001439,ACC0000123,2022-01-07,21:19:00,Interest,14656.22,Online,Investment,62622.28,Completed
TXN00002820,ACC0000123,2022-05-07,9:12:00,Transfer,6663.78,Branch,Investment,62622.28,Pending
TXN00003386,ACC0000123,2022-12-01,20:19:00,Transfer,10816.23,Wire Transfer,Investment,62622.28,Failed
TXN00004348,ACC0000123,2023-02-04,21:18:00,Fee,11576.11,Mobile,Utility,62622.28,Pending
TXN00000670,ACC0000123,2024-10-02,9:41:00,Debit,1593.07,POS,Rent,61029.21,Completed
TXN00004940,ACC0000123,2024-12-11,12:20:00,Transfer,5926.53,Branch,Investment,55102.68,Completed
TXN00000090,ACC0000124,2022-01-03,11:28:00,Fee,5741.82,Mobile,Utility,28369.9,Pending
TXN00002690,ACC0000124,2022-06-06,14:36:00,ATM Withdrawal,11084.1,ATM,Rent,28369.9,Failed
TXN00002185,ACC0000124,2022-07-15,13:19:00,Transfer,38.87,Online,Rent,28369.9,Pending
TXN00004186,ACC0000124,2023-02-13,17:55:00,Debit,10861.9,POS,Purchase,28369.9,Failed
TXN00003568,ACC0000124,2023-02-20,12:09:00,Interest,10298.16,Online,Investment,28369.9,Failed
TXN00000417,ACC0000124,2023-03-02,16:51:00,Fee,10216.88,Branch,Utility,18153.02,Completed
TXN00002648,ACC0000124,2023-05-27,22:31:00,Interest,12360.16,Online,Investment,30513.18,Completed
TXN00004086,ACC0000124,2023-08-03,14:26:00,Transfer,10073.47,Branch,Investment,30513.18,Pending
TXN00001123,ACC0000124,2024-05-20,11:14:00,Interest,6520.44,Online,Investment,30513.18,Pending
TXN00001873,ACC0000125,2023-03-27,9:16:00,Debit,2105.87,Mobile,Purchase,30881.18,Pending
TXN00003126,ACC0000125,2023-06-08,11:37:00,ATM Withdrawal,5686.64,ATM,Utility,30881.18,Pending
TXN00003209,ACC0000125,2023-09-09,18:43:00,Interest,3856.34,Branch,Investment,34737.52,Completed
TXN00003842,ACC0000125,2023-12-04,18:21:00,Fee,11417.79,Online,Utility,23319.73,Completed
TXN00004685,ACC0000125,2024-01-26,21:45:00,Debit,6271.89,POS,Purchase,23319.73,Failed
TXN00000247,ACC0000125,2024-03-02,13:09:00,Interest,1391.89,Online,Investment,24711.62,Completed
TXN00001282,ACC0000125,2024-04-05,22:22:00,ATM Withdrawal,12229.03,ATM,Rent,24711.62,Pending
TXN00004317,ACC0000126,2023-05-19,13:47:00,ATM Withdrawal,5487.63,ATM,Purchase,44057.01,Failed
TXN00003310,ACC0000126,2023-05-29,16:21:00,Credit,9178.92,Branch,Investment,53235.93,Completed
TXN00002846,ACC0000126,2023-08-28,16:14:00,Interest,5244.06,Online,Investment,58479.99,Completed
TXN00004673,ACC0000127,2022-02-20,14:56:00,Interest,2455.12,Branch,Investment,12128.84,Pending
TXN00003432,ACC0000127,2022-08-01,12:37:00,Interest,10141.25,Branch,Investment,12128.84,Failed
TXN00000740,ACC0000127,2023-05-12,13:44:00,Credit,6943.08,Online,Salary,12128.84,Pending
TXN00003009,ACC0000127,2023-05-25,16:29:00,Interest,3768.22,Branch,Investment,12128.84,Pending
TXN00003156,ACC0000127,2023-08-01,19:29:00,Fee,1863.63,Online,Utility,12128.84,Failed
TXN00001146,ACC0000127,2023-12-03,21:24:00,ATM Withdrawal,10426.73,ATM,Purchase,12128.84,Pending
TXN00002099,ACC0000127,2024-04-19,17:03:00,Transfer,1613.0,Branch,Transfer,12128.84,Failed
TXN00002333,ACC0000127,2024-08-04,9:56:00,Credit,4575.22,Mobile,Refund,12128.84,Pending
TXN00000134,ACC0000127,2024-08-20,15:10:00,Interest,1932.62,Online,Investment,12128.84,Failed
TXN00002985,ACC0000127,2024-10-29,20:12:00,Debit,13879.68,Online,Utility,12128.84,Pending
TXN00001753,ACC0000127,2024-11-16,9:21:00,ATM Withdrawal,7265.97,ATM,Utility,12128.84,Failed
TXN00004755,ACC0000128,2022-01-30,22:45:00,ATM Withdrawal,11061.94,ATM,Purchase,1182.48,Failed
TXN00004301,ACC0000128,2022-08-19,12:16:00,Transfer,1103.57,Online,Rent,78.91,Completed
TXN00000158,ACC0000128,2023-01-15,18:21:00,Credit,14325.59,Branch,Refund,78.91,Pending
TXN00002155,ACC0000128,2023-12-18,13:19:00,Fee,6163.73,Mobile,Utility,78.91,Pending
TXN00002279,ACC0000128,2024-07-28,17:02:00,Credit,4174.91,Mobile,Investment,78.91,Pending
TXN00001517,ACC0000129,2023-12-29,22:33:00,Debit,5463.94,Online,Utility,33050.07,Pending
TXN00002895,ACC0000129,2024-06-03,15:49:00,Fee,3906.48,Branch,Utility,33050.07,Failed
TXN00004707,ACC0000130,2022-06-10,21:00:00,Credit,1133.64,Mobile,Refund,27798.54,Completed
TXN00004949,ACC0000130,2022-08-05,19:51:00,ATM Withdrawal,6462.0,ATM,Rent,27798.54,Pending
TXN00000682,ACC0000130,2022-10-06,19:27:00,ATM Withdrawal,8576.08,ATM,Utility,27798.54,Failed
TXN00004782,ACC0000130,2023-04-30,8:43:00,Credit,8482.78,Branch,Refund,27798.54,Pending
TXN00001577,ACC0000130,2023-09-25,19:22:00,Credit,978.67,Online,Salary,28777.21,Completed
TXN00004485,ACC0000130,2023-12-16,10:39:00,Debit,1267.82,Mobile,Rent,28777.21,Pending
TXN00002039,ACC0000130,2024-02-23,21:13:00,Interest,12522.88,Branch,Investment,28777.21,Failed
TXN00002839,ACC0000130,2024-09-22,20:47:00,ATM Withdrawal,7428.58,ATM,Purchase,28777.21,Pending
TXN00004463,ACC0000131,2018-10-26,16:33:00,ATM Withdrawal,8023.86,ATM,Purchase,34789.84,Failed
TXN00001022,ACC0000131,2019-10-26,17:08:00,Interest,8955.36,Branch,Investment,43745.2,Completed
TXN00004372,ACC0000131,2021-02-12,14:35:00,ATM Withdrawal,2300.25,ATM,Utility,43745.2,Pending
TXN00004860,ACC0000131,2022-05-25,8:20:00,Credit,9232.51,Online,Salary,43745.2,Failed
TXN00000792,ACC0000131,2022-10-13,9:27:00,Debit,7372.4,Online,Utility,43745.2,Failed
TXN00001053,ACC0000131,2022-12-08,15:13:00,Interest,14118.39,Online,Investment,43745.2,Pending
TXN00004562,ACC0000132,2022-03-07,14:58:00,ATM Withdrawal,2435.75,ATM,Rent,3064.82,Pending
TXN00004502,ACC0000132,2022-03-10,8:22:00,Fee,9955.02,Branch,Utility,3064.82,Failed
TXN00002227,ACC0000132,2022-04-02,16:03:00,Interest,5034.64,Online,Investment,8099.46,Completed
TXN00001994,ACC0000132,2022-05-12,18:23:00,Debit,5792.62,Online,Purchase,8099.46,Pending
TXN00003824,ACC0000132,2022-05-24,11:00:00,Fee,11199.57,Online,Utility,8099.46,Pending
TXN00004558,ACC0000132,2022-06-22,12:14:00,Interest,10404.11,Online,Investment,18503.57,Completed
TXN00003491,ACC0000132,2022-11-24,19:17:00,ATM Withdrawal,1932.54,ATM,Utility,18503.57,Failed
TXN00003980,ACC0000132,2022-12-07,21:21:00,ATM Withdrawal,10285.57,ATM,Utility,18503.57,Failed
TXN00002525,ACC0000132,2023-07-23,9:39:00,Fee,12117.88,Mobile,Utility,6385.69,Completed
TXN00001051,ACC0000133,2022-03-01,15:14:00,Credit,4178.84,Online,Salary,2033.54,Pending
TXN00001931,ACC0000133,2022-11-23,10:00:00,Debit,797.14,Mobile,Utility,2033.54,Pending
TXN00001281,ACC0000133,2023-03-16,10:29:00,Transfer,8411.15,Wire Transfer,Transfer,2033.54,Pending
TXN00001747,ACC0000133,2023-05-15,10:36:00,ATM Withdrawal,12317.57,ATM,Rent,2033.54,Failed
TXN00001376,ACC0000133,2023-07-12,16:00:00,ATM Withdrawal,6899.96,ATM,Utility,2033.54,Pending
TXN00000505,ACC0000133,2023-10-03,15:41:00,Credit,8413.11,Mobile,Salary,2033.54,Failed
TXN00001311,ACC0000133,2024-02-22,8:15:00,Transfer,1680.36,Online,Transfer,353.18,Completed
TXN00003140,ACC0000133,2024-09-10,9:17:00,Transfer,7336.62,Branch,Rent,353.18,Pending
TXN00004591,ACC0000133,2024-09-13,18:26:00,Credit,10582.84,Mobile,Salary,10936.02,Completed
TXN00002712,ACC0000134,2022-07-17,11:26:00,Fee,5484.74,Branch,Utility,4160.21,Pending
TXN00001326,ACC0000134,2022-10-20,21:50:00,Credit,12244.66,Mobile,Refund,4160.21,Failed
TXN00003359,ACC0000134,2023-06-14,17:37:00,Credit,6355.48,Branch,Salary,4160.21,Pending
TXN00003472,ACC0000134,2023-06-23,11:54:00,Debit,3813.77,Mobile,Rent,346.44,Completed
TXN00000224,ACC0000134,2023-10-09,17:03:00,Fee,818.65,Branch,Utility,346.44,Pending
TXN00001695,ACC0000134,2024-04-28,19:06:00,Fee,14245.16,Branch,Utility,346.44,Pending
TXN00003083,ACC0000134,2024-05-04,13:11:00,ATM Withdrawal,14392.64,ATM,Purchase,346.44,Pending
TXN00000620,ACC0000134,2024-05-14,22:31:00,ATM Withdrawal,4947.84,ATM,Rent,346.44,Pending
TXN00004653,ACC0000134,2024-08-29,22:21:00,Credit,9034.21,Branch,Investment,346.44,Pending
TXN00001052,ACC0000134,2024-09-11,22:44:00,Interest,5011.35,Branch,Investment,346.44,Failed
TXN00001901,ACC0000134,2024-12-02,16:42:00,ATM Withdrawal,3265.29,ATM,Rent,346.44,Failed
TXN00004449,ACC0000135,2024-02-12,20:12:00,Interest,6717.16,Branch,Investment,22792.49,Failed
TXN00002308,ACC0000135,2024-02-14,15:23:00,Interest,9826.43,Online,Investment,22792.49,Pending
TXN00000414,ACC0000135,2024-03-30,10:37:00,Fee,4914.03,Branch,Utility,22792.49,Failed
TXN00002830,ACC0000135,2024-09-26,11:28:00,Interest,4262.48,Branch,Investment,22792.49,Failed
TXN00002855,ACC0000136,2022-02-27,9:32:00,Transfer,8566.99,Branch,Investment,0.0,Completed
TXN00002913,ACC0000136,2022-04-14,12:27:00,Interest,6041.06,Online,Investment,6041.06,Completed
TXN00002667,ACC0000136,2022-10-24,11:35:00,Interest,11508.51,Online,Investment,17549.57,Completed
TXN00001791,ACC0000136,2022-11-19,11:51:00,Credit,7726.7,Branch,Investment,17549.57,Failed
TXN00004997,ACC0000136,2024-05-03,9:58:00,ATM Withdrawal,5544.84,ATM,Purchase,12004.73,Completed
TXN00002157,ACC0000136,2024-07-10,10:34:00,Credit,14223.55,Mobile,Refund,12004.73,Pending
TXN00001312,ACC0000136,2024-12-16,9:45:00,Interest,10134.82,Online,Investment,12004.73,Pending
TXN00000084,ACC0000136,2024-12-22,10:51:00,Credit,6621.66,Branch,Refund,12004.73,Failed
TXN00001758,ACC0000137,2022-05-04,8:46:00,ATM Withdrawal,7508.04,ATM,Rent,6674.09,Completed
TXN00003826,ACC0000137,2022-10-20,13:07:00,Interest,9915.16,Branch,Investment,6674.09,Failed
TXN00001927,ACC0000137,2023-02-15,16:56:00,Interest,11184.02,Branch,Investment,17858.11,Completed
TXN00002884,ACC0000137,2023-05-09,20:38:00,Debit,14183.03,POS,Utility,17858.11,Pending
TXN00002285,ACC0000137,2023-06-26,8:27:00,ATM Withdrawal,7610.62,ATM,Rent,17858.11,Pending
TXN00003786,ACC0000137,2024-03-08,14:41:00,Interest,6484.88,Branch,Investment,17858.11,Failed
TXN00002695,ACC0000137,2024-04-27,14:21:00,Fee,1977.34,Online,Utility,17858.11,Failed
TXN00004026,ACC0000137,2024-06-03,17:41:00,Credit,2486.36,Branch,Investment,20344.47,Completed
TXN00004501,ACC0000137,2024-06-17,22:13:00,Transfer,4311.13,Wire Transfer,Rent,20344.47,Failed
TXN00003275,ACC0000137,2024-08-07,17:13:00,Interest,8110.37,Branch,Investment,20344.47,Pending
TXN00002398,ACC0000138,2023-08-20,22:16:00,ATM Withdrawal,10135.38,ATM,Purchase,27360.15,Pending
TXN00001763,ACC0000138,2023-12-20,13:37:00,Transfer,80.54,Online,Investment,27360.15,Pending
TXN00004521,ACC0000138,2024-05-08,11:47:00,ATM Withdrawal,5971.63,ATM,Purchase,27360.15,Failed
TXN00001636,ACC0000138,2024-07-03,21:52:00,Fee,12919.45,Branch,Utility,27360.15,Failed
TXN00000590,ACC0000138,2024-07-05,14:56:00,Interest,4241.35,Branch,Investment,27360.15,Failed
TXN00000381,ACC0000138,2024-08-07,11:42:00,Fee,13921.31,Online,Utility,13438.84,Completed
TXN00000663,ACC0000138,2024-08-07,12:41:00,ATM Withdrawal,14848.66,ATM,Rent,13438.84,Pending
TXN00001468,ACC0000139,2022-01-14,9:58:00,Interest,13218.15,Online,Investment,26916.04,Failed
TXN00002409,ACC0000139,2022-09-08,8:42:00,Credit,12389.66,Branch,Investment,26916.04,Pending
TXN00003758,ACC0000139,2022-10-05,11:22:00,Transfer,1075.95,Branch,Rent,26916.04,Pending
TXN00002555,ACC0000139,2023-01-27,22:31:00,Interest,13148.68,Online,Investment,26916.04,Pending
TXN00001874,ACC0000139,2023-05-05,16:37:00,Interest,5084.26,Online,Investment,26916.04,Failed
TXN00000029,ACC0000139,2024-02-13,20:22:00,ATM Withdrawal,12163.6,ATM,Purchase,26916.04,Failed
TXN00004872,ACC0000139,2024-06-03,18:05:00,Fee,5127.87,Online,Utility,26916.04,Pending
TXN00002300,ACC0000139,2024-10-24,15:41:00,Debit,11993.57,POS,Purchase,26916.04,Failed
TXN00000535,ACC0000140,2022-12-31,12:32:00,ATM Withdrawal,1780.51,ATM,Utility,727.64,Pending
TXN00000109,ACC0000140,2023-02-01,20:27:00,Fee,494.22,Mobile,Utility,727.64,Pending
TXN00002433,ACC0000140,2023-03-14,18:09:00,Debit,6287.58,POS,Utility,727.64,Failed
TXN00004748,ACC0000140,2023-04-07,8:13:00,Interest,5739.3,Online,Investment,727.64,Failed
TXN00002093,ACC0000140,2023-12-16,18:18:00,Transfer,862.88,Online,Investment,727.64,Failed
TXN00000561,ACC0000141,2023-09-14,9:40:00,Debit,4795.62,Online,Rent,1496.57,Completed
TXN00002305,ACC0000141,2023-11-02,15:33:00,Credit,13459.81,Online,Salary,1496.57,Failed
TXN00003399,ACC0000141,2023-11-02,22:42:00,ATM Withdrawal,10235.3,ATM,Utility,1496.57,Failed
TXN00004246,ACC0000141,2023-12-11,17:17:00,Transfer,1051.79,Online,Investment,444.78,Completed
TXN00000782,ACC0000141,2024-04-04,15:17:00,Fee,439.78,Branch,Utility,5.0,Completed
TXN00001582,ACC0000141,2024-05-01,11:09:00,ATM Withdrawal,357.97,ATM,Purchase,5.0,Pending
TXN00002935,ACC0000141,2024-09-10,17:29:00,Debit,12202.27,Online,Utility,5.0,Failed
TXN00001651,ACC0000141,2024-11-03,10:14:00,Interest,6056.57,Branch,Investment,5.0,Pending
TXN00000493,ACC0000142,2022-03-07,12:50:00,Debit,1135.12,Mobile,Utility,66158.82,Failed
TXN00001572,ACC0000142,2022-03-09,21:56:00,Transfer,13485.69,Wire Transfer,Investment,52673.13,Completed
TXN00003555,ACC0000142,2022-03-22,10:18:00,Interest,9230.53,Branch,Investment,52673.13,Failed
TXN00001792,ACC0000142,2022-07-09,11:33:00,Interest,290.98,Branch,Investment,52673.13,Pending
TXN00000915,ACC0000142,2022-07-10,17:10:00,Interest,11357.42,Branch,Investment,64030.55,Completed
TXN00003425,ACC0000142,2022-08-27,13:03:00,Interest,12502.58,Branch,Investment,64030.55,Pending
TXN00002055,ACC0000142,2023-03-13,10:47:00,Credit,10276.4,Branch,Salary,64030.55,Failed
TXN00003854,ACC0000143,2023-08-18,15:52:00,Credit,5029.89,Online,Salary,9604.98,Completed
TXN00004158,ACC0000143,2023-09-17,16:22:00,Interest,8850.71,Branch,Investment,9604.98,Pending
TXN00003195,ACC0000143,2023-11-13,15:00:00,ATM Withdrawal,2973.2,ATM,Utility,9604.98,Pending
TXN00000334,ACC0000143,2023-11-16,18:05:00,Transfer,12792.43,Online,Rent,9604.98,Pending
TXN00004324,ACC0000143,2024-01-16,22:07:00,Fee,10327.03,Mobile,Utility,9604.98,Pending
TXN00003702,ACC0000143,2024-01-31,20:01:00,Interest,9303.66,Branch,Investment,9604.98,Failed
TXN00001291,ACC0000143,2024-04-06,11:33:00,Transfer,1101.91,Branch,Transfer,8503.07,Completed
TXN00004675,ACC0000143,2024-05-16,22:33:00,Transfer,1851.7,Wire Transfer,Rent,8503.07,Failed
TXN00000533,ACC0000143,2024-07-08,14:10:00,Interest,8371.43,Online,Investment,8503.07,Pending
TXN00002874,ACC0000143,2024-09-03,16:10:00,Debit,11651.27,Mobile,Purchase,8503.07,Failed
TXN00004411,ACC0000143,2024-12-18,14:41:00,Debit,4431.62,POS,Purchase,4071.45,Completed
TXN00001023,ACC0000144,2022-01-11,9:56:00,Debit,3904.55,Mobile,Rent,25328.74,Pending
TXN00004658,ACC0000144,2022-02-27,22:43:00,Fee,9033.26,Online,Utility,25328.74,Pending
TXN00003419,ACC0000144,2022-06-07,16:15:00,Transfer,14899.97,Wire Transfer,Rent,25328.74,Pending
TXN00004504,ACC0000144,2022-06-16,18:00:00,Debit,9747.56,Online,Rent,15581.18,Completed
TXN00002268,ACC0000144,2022-08-12,9:38:00,ATM Withdrawal,14686.79,ATM,Purchase,15581.18,Pending
TXN00001621,ACC0000144,2022-11-16,8:53:00,Fee,2451.98,Online,Utility,15581.18,Failed
TXN00002120,ACC0000144,2023-11-14,22:24:00,Transfer,1094.66,Online,Rent,15581.18,Failed
TXN00002067,ACC0000144,2024-01-12,18:09:00,Debit,7773.87,Mobile,Purchase,15581.18,Pending
TXN00004920,ACC0000144,2024-01-27,22:50:00,Credit,11940.7,Online,Refund,27521.88,Completed
TXN00000911,ACC0000144,2024-05-08,18:06:00,Credit,12944.58,Mobile,Salary,27521.88,Failed
TXN00004978,ACC0000144,2024-05-30,12:18:00,Fee,12434.61,Branch,Utility,15087.27,Completed
TXN00001342,ACC0000144,2024-08-30,8:55:00,Debit,13087.87,Mobile,Utility,15087.27,Failed
TXN00003438,ACC0000144,2024-10-24,11:31:00,ATM Withdrawal,2375.72,ATM,Rent,12711.55,Completed
TXN00002902,ACC0000144,2024-12-15,14:41:00,Interest,6635.71,Online,Investment,19347.26,Completed
TXN00002365,ACC0000145,2022-06-26,10:18:00,Debit,14345.92,Mobile,Rent,7562.49,Pending
TXN00001012,ACC0000145,2022-09-12,14:34:00,Credit,6289.25,Mobile,Investment,13851.74,Completed
TXN00004354,ACC0000145,2023-09-26,18:49:00,ATM Withdrawal,6922.09,ATM,Purchase,13851.74,Pending
TXN00000542,ACC0000145,2024-02-05,17:28:00,Transfer,9112.88,Mobile,Transfer,13851.74,Pending
TXN00000207,ACC0000145,2024-06-14,20:21:00,ATM Withdrawal,5491.41,ATM,Purchase,13851.74,Pending
TXN00004081,ACC0000145,2024-08-27,17:52:00,Fee,14953.45,Online,Utility,13851.74,Pending
TXN00002842,ACC0000146,2022-08-07,9:38:00,Interest,10116.71,Online,Investment,55925.0,Pending
TXN00002073,ACC0000146,2022-09-14,13:39:00,Transfer,1211.45,Online,Transfer,55925.0,Failed
TXN00002164,ACC0000146,2022-12-19,22:12:00,Credit,27.61,Mobile,Refund,55952.61,Completed
TXN00002971,ACC0000146,2023-02-22,15:22:00,Interest,9878.97,Branch,Investment,55952.61,Pending
TXN00002313,ACC0000146,2023-09-20,21:02:00,Fee,675.46,Branch,Utility,55277.15,Completed
TXN00000880,ACC0000146,2023-11-07,8:03:00,Credit,3319.71,Mobile,Refund,55277.15,Failed
TXN00002835,ACC0000146,2024-01-07,18:42:00,Debit,4510.18,POS,Utility,55277.15,Failed
TXN00000813,ACC0000146,2024-05-27,18:55:00,Debit,10107.79,Mobile,Purchase,55277.15,Pending
TXN00003363,ACC0000147,2022-02-08,19:23:00,Interest,2228.64,Online,Investment,34010.13,Failed
TXN00001871,ACC0000147,2022-07-06,14:46:00,Credit,9669.61,Branch,Investment,43679.74,Completed
TXN00002995,ACC0000147,2023-07-16,18:36:00,Transfer,4099.78,Wire Transfer,Rent,39579.96,Completed
TXN00000264,ACC0000147,2023-10-29,11:24:00,ATM Withdrawal,8858.44,ATM,Rent,39579.96,Failed
TXN00000429,ACC0000147,2023-11-14,9:33:00,Debit,7192.07,Online,Rent,39579.96,Pending
TXN00002815,ACC0000147,2023-12-02,8:38:00,Credit,2270.02,Online,Refund,39579.96,Failed
TXN00004278,ACC0000147,2024-07-13,9:37:00,Fee,7701.42,Branch,Utility,39579.96,Pending
TXN00002335,ACC0000148,2022-05-14,13:19:00,Interest,12317.05,Branch,Investment,64621.4,Pending
TXN00001159,ACC0000148,2023-02-10,17:05:00,Fee,3583.66,Branch,Utility,64621.4,Pending
TXN00002186,ACC0000148,2023-07-28,15:27:00,Transfer,7750.65,Mobile,Investment,64621.4,Failed
TXN00001970,ACC0000148,2023-09-25,13:53:00,Fee,13258.95,Branch,Utility,64621.4,Failed
TXN00002441,ACC0000148,2024-04-22,10:56:00,Credit,4313.17,Online,Salary,64621.4,Failed
TXN00003073,ACC0000149,2017-02-18,11:09:00,Credit,12770.14,Online,Refund,24500.04,Failed
TXN00001273,ACC0000149,2022-01-17,14:21:00,Interest,7916.74,Online,Investment,24500.04,Pending
TXN00003313,ACC0000149,2023-01-08,18:04:00,ATM Withdrawal,7274.56,ATM,Utility,17225.48,Completed
TXN00001516,ACC0000149,2023-01-19,9:14:00,Transfer,4069.24,Mobile,Transfer,13156.24,Completed
TXN00000038,ACC0000149,2023-02-18,8:13:00,Fee,3883.29,Online,Utility,9272.95,Completed
TXN00004249,ACC0000150,2023-08-19,16:14:00,Transfer,2542.88,Mobile,Investment,14513.06,Failed
TXN00000819,ACC0000150,2023-09-14,17:51:00,Debit,14057.66,POS,Utility,14513.06,Failed
TXN00003601,ACC0000150,2024-02-07,10:20:00,Transfer,11610.32,Online,Transfer,14513.06,Failed
TXN00001560,ACC0000150,2024-04-26,9:25:00,Debit,13156.56,Mobile,Utility,1356.5,Completed
TXN00001324,ACC0000150,2024-09-09,9:37:00,Debit,5829.36,Online,Rent,1356.5,Failed
TXN00001953,ACC0000150,2024-11-11,13:00:00,Fee,3724.42,Branch,Utility,1356.5,Pending
TXN00002406,ACC0000151,2023-04-30,17:54:00,Fee,4483.1,Mobile,Utility,8074.1,Failed
TXN00003751,ACC0000151,2023-08-18,10:10:00,ATM Withdrawal,8704.25,ATM,Utility,8074.1,Failed
TXN00002529,ACC0000151,2023-11-28,17:15:00,ATM Withdrawal,3957.45,ATM,Purchase,8074.1,Failed
TXN00003283,ACC0000151,2023-12-23,12:53:00,Fee,2737.57,Branch,Utility,8074.1,Pending
TXN00003744,ACC0000151,2023-12-30,14:51:00,Fee,5468.56,Mobile,Utility,2605.54,Completed
TXN00003471,ACC0000151,2024-02-15,11:23:00,ATM Withdrawal,6747.1,ATM,Rent,2605.54,Pending
TXN00004000,ACC0000151,2024-08-23,14:55:00,Debit,2363.31,Mobile,Rent,242.23,Completed
TXN00004124,ACC0000151,2024-10-21,16:49:00,Fee,108.68,Online,Utility,133.55,Completed
TXN00000728,ACC0000151,2024-11-03,21:14:00,ATM Withdrawal,67.82,ATM,Utility,65.73,Completed
TXN00004248,ACC0000152,2023-02-05,16:42:00,Interest,221.29,Branch,Investment,79048.52,Completed
TXN00003401,ACC0000152,2023-04-07,17:23:00,Interest,13687.9,Online,Investment,79048.52,Failed
TXN00001216,ACC0000152,2023-04-09,21:25:00,Fee,5939.99,Online,Utility,79048.52,Failed
TXN00001004,ACC0000152,2023-07-15,15:13:00,Credit,14903.45,Online,Investment,79048.52,Pending
TXN00002791,ACC0000152,2023-09-07,14:27:00,Debit,7754.88,Mobile,Purchase,79048.52,Failed
TXN00000079,ACC0000152,2024-03-07,16:05:00,Transfer,3399.84,Mobile,Investment,75648.68,Completed
TXN00002059,ACC0000152,2024-03-18,16:12:00,Interest,954.39,Online,Investment,76603.07,Completed
TXN00000677,ACC0000152,2024-05-27,22:39:00,Transfer,4697.04,Branch,Rent,71906.03,Completed
TXN00003481,ACC0000152,2024-08-28,12:36:00,Fee,10535.2,Online,Utility,71906.03,Pending
TXN00004723,ACC0000152,2024-09-22,22:08:00,Interest,7951.84,Online,Investment,71906.03,Pending
TXN00003484,ACC0000152,2024-10-26,17:18:00,Transfer,709.16,Mobile,Transfer,71196.87,Completed
TXN00000688,ACC0000153,2022-01-03,16:54:00,Transfer,8452.43,Online,Investment,10664.35,Completed
TXN00000178,ACC0000153,2022-05-09,20:23:00,Transfer,4205.76,Online,Rent,10664.35,Pending
TXN00002172,ACC0000153,2023-07-11,13:13:00,Debit,13688.21,POS,Purchase,10664.35,Failed
TXN00001279,ACC0000153,2024-07-07,12:18:00,Debit,4848.81,Online,Utility,5815.54,Completed
TXN00001506,ACC0000153,2024-07-10,15:17:00,ATM Withdrawal,5810.54,ATM,Rent,5.0,Completed
TXN00001364,ACC0000153,2024-09-29,20:49:00,Credit,4158.68,Online,Investment,4163.68,Completed
TXN00000600,ACC0000154,2022-06-20,10:29:00,ATM Withdrawal,5240.25,ATM,Purchase,30194.27,Pending
TXN00002948,ACC0000154,2023-01-31,21:39:00,Debit,11720.31,Online,Rent,30194.27,Pending
TXN00002033,ACC0000154,2023-08-28,9:01:00,ATM Withdrawal,8683.23,ATM,Rent,30194.27,Pending
TXN00001872,ACC0000154,2023-12-03,13:15:00,Credit,4246.64,Branch,Salary,30194.27,Pending
TXN00003773,ACC0000154,2024-06-11,9:45:00,Transfer,14645.13,Branch,Investment,30194.27,Pending
TXN00003247,ACC0000155,2022-02-16,10:02:00,Debit,2509.42,Online,Purchase,57073.78,Completed
TXN00003055,ACC0000155,2022-06-29,14:22:00,Fee,3106.41,Mobile,Utility,57073.78,Failed
TXN00001202,ACC0000155,2022-08-04,8:13:00,Debit,1699.29,Online,Utility,57073.78,Pending
TXN00004183,ACC0000155,2023-01-05,12:54:00,Interest,6675.77,Online,Investment,63749.55,Completed
TXN00004087,ACC0000155,2023-05-22,11:09:00,Credit,12107.85,Online,Salary,75857.4,Completed
TXN00001662,ACC0000155,2023-06-10,16:17:00,Credit,10060.8,Online,Refund,75857.4,Pending
TXN00000598,ACC0000155,2023-12-20,19:14:00,Interest,13267.77,Branch,Investment,75857.4,Failed
TXN00000642,ACC0000155,2024-05-17,14:02:00,Transfer,559.27,Online,Investment,75298.13,Completed
TXN00004689,ACC0000155,2024-06-08,13:22:00,Interest,6033.49,Branch,Investment,75298.13,Failed
TXN00000743,ACC0000155,2024-06-17,14:24:00,Fee,8924.71,Mobile,Utility,66373.42,Completed
TXN00002233,ACC0000155,2024-11-10,10:14:00,Debit,5893.25,Mobile,Purchase,66373.42,Failed
TXN00002445,ACC0000156,2022-08-24,12:10:00,Transfer,675.48,Online,Rent,45381.38,Completed
TXN00001869,ACC0000156,2022-10-28,19:45:00,Fee,4955.35,Online,Utility,40426.03,Completed
TXN00000565,ACC0000156,2023-05-06,20:52:00,Interest,10318.46,Branch,Investment,40426.03,Pending
TXN00001788,ACC0000156,2023-06-24,21:55:00,Transfer,9858.7,Wire Transfer,Investment,40426.03,Pending
TXN00002778,ACC0000156,2023-07-14,9:23:00,Fee,9710.31,Mobile,Utility,40426.03,Pending
TXN00002372,ACC0000156,2024-04-13,13:31:00,Debit,7148.76,Online,Purchase,40426.03,Failed
TXN00004996,ACC0000156,2024-12-02,16:23:00,Interest,677.27,Branch,Investment,40426.03,Failed
TXN00003902,ACC0000157,2022-07-18,10:08:00,Fee,1142.93,Branch,Utility,1523.11,Failed
TXN00003361,ACC0000157,2022-07-23,18:28:00,Debit,1658.21,Online,Rent,1523.11,Pending
TXN00003797,ACC0000157,2023-01-09,16:40:00,Transfer,6362.5,Branch,Rent,1523.11,Pending
TXN00000174,ACC0000157,2023-12-10,20:52:00,Fee,11483.23,Branch,Utility,1523.11,Failed
TXN00000005,ACC0000157,2024-04-29,9:30:00,Transfer,3142.68,Wire Transfer,Rent,1523.11,Failed
TXN00003818,ACC0000158,2022-01-08,16:35:00,Debit,7330.32,POS,Purchase,570.35,Pending
TXN00002982,ACC0000158,2022-01-29,13:53:00,Debit,11655.77,Mobile,Rent,570.35,Failed
TXN00003248,ACC0000158,2022-03-05,19:36:00,Fee,1550.64,Mobile,Utility,570.35,Failed
TXN00003916,ACC0000158,2023-01-06,21:30:00,Credit,1076.16,Mobile,Refund,570.35,Failed
TXN00000691,ACC0000158,2023-03-19,17:45:00,ATM Withdrawal,9609.55,ATM,Rent,570.35,Pending
TXN00004606,ACC0000158,2023-08-03,8:08:00,Debit,13342.82,Mobile,Utility,570.35,Failed
TXN00002482,ACC0000158,2024-09-17,12:02:00,Interest,14374.94,Branch,Investment,570.35,Pending
TXN00003424,ACC0000158,2024-10-22,8:41:00,Transfer,1277.73,Branch,Rent,570.35,Failed
TXN00004585,ACC0000158,2024-10-23,14:16:00,Debit,13666.98,POS,Utility,570.35,Pending
TXN00003884,ACC0000159,2022-03-21,20:01:00,Credit,14633.73,Online,Investment,22300.0,Failed
TXN00003462,ACC0000159,2022-05-10,10:08:00,Interest,5029.75,Branch,Investment,22300.0,Failed
TXN00001344,ACC0000159,2022-12-20,12:14:00,Interest,12412.55,Online,Investment,34712.55,Completed
TXN00001110,ACC0000159,2023-06-05,13:46:00,ATM Withdrawal,6999.07,ATM,Rent,27713.48,Completed
TXN00002610,ACC0000160,2018-01-04,13:02:00,Credit,2756.66,Mobile,Salary,53171.21,Pending
TXN00000102,ACC0000160,2020-10-12,17:10:00,Interest,301.39,Branch,Investment,53171.21,Failed
TXN00000234,ACC0000160,2020-11-19,21:32:00,Fee,10931.65,Online,Utility,53171.21,Pending
TXN00002425,ACC0000160,2021-03-12,22:59:00,ATM Withdrawal,12791.21,ATM,Rent,53171.21,Pending
TXN00000329,ACC0000160,2021-05-18,10:40:00,Interest,14230.83,Online,Investment,67402.04,Completed
TXN00000306,ACC0000162,2022-04-05,19:04:00,Credit,14431.87,Mobile,Refund,32806.05,Pending
TXN00001914,ACC0000162,2022-07-30,9:41:00,Credit,4000.19,Mobile,Refund,36806.24,Completed
TXN00000499,ACC0000162,2022-10-18,8:14:00,Credit,2005.41,Mobile,Refund,38811.65,Completed
TXN00003873,ACC0000162,2022-11-22,20:21:00,ATM Withdrawal,495.27,ATM,Rent,38811.65,Pending
TXN00002983,ACC0000162,2023-05-13,12:39:00,Credit,4160.28,Mobile,Salary,42971.93,Completed
TXN00002654,ACC0000162,2023-08-14,15:09:00,Debit,12388.47,POS,Rent,30583.46,Completed
TXN00003182,ACC0000162,2023-12-20,21:34:00,Fee,12275.62,Online,Utility,30583.46,Pending
TXN00000683,ACC0000162,2024-10-28,20:37:00,ATM Withdrawal,13898.15,ATM,Rent,16685.31,Completed
TXN00001124,ACC0000163,2022-05-10,9:51:00,Interest,10836.71,Online,Investment,3357.75,Pending
TXN00004407,ACC0000163,2022-08-22,10:24:00,Fee,6354.1,Online,Utility,3357.75,Failed
TXN00002945,ACC0000163,2023-03-01,11:26:00,Credit,7155.83,Branch,Investment,10513.58,Completed
TXN00004154,ACC0000163,2023-03-27,11:10:00,Fee,3676.77,Mobile,Utility,10513.58,Failed
TXN00002520,ACC0000163,2024-01-15,18:02:00,Transfer,1776.04,Wire Transfer,Investment,8737.54,Completed
TXN00003257,ACC0000163,2024-05-01,17:23:00,Interest,4264.39,Branch,Investment,8737.54,Pending
TXN00003448,ACC0000164,2020-04-27,17:22:00,Debit,12918.89,POS,Utility,0.0,Completed
TXN00000130,ACC0000164,2021-07-26,11:51:00,Credit,12753.13,Mobile,Refund,0.0,Failed
TXN00004353,ACC0000164,2021-12-22,12:11:00,Interest,3094.64,Branch,Investment,0.0,Pending
TXN00001568,ACC0000164,2022-08-19,15:41:00,Credit,2885.77,Online,Investment,0.0,Pending
TXN00001837,ACC0000165,2022-04-16,17:08:00,Interest,5425.67,Online,Investment,34471.08,Completed
TXN00004701,ACC0000165,2022-07-17,20:18:00,Fee,13787.23,Mobile,Utility,20683.85,Completed
TXN00002242,ACC0000165,2023-01-27,12:57:00,Credit,12780.46,Mobile,Investment,33464.31,Completed
TXN00002255,ACC0000165,2024-04-20,16:03:00,Interest,6470.41,Branch,Investment,33464.31,Pending
TXN00002380,ACC0000165,2024-06-30,20:09:00,ATM Withdrawal,11104.76,ATM,Purchase,33464.31,Failed
TXN00002802,ACC0000165,2024-09-20,17:49:00,ATM Withdrawal,11084.13,ATM,Utility,22380.18,Completed
TXN00000325,ACC0000165,2024-12-17,10:54:00,Credit,11919.14,Branch,Investment,22380.18,Failed
TXN00002510,ACC0000166,2023-02-05,17:32:00,ATM Withdrawal,10643.46,ATM,Purchase,45387.45,Failed
TXN00001330,ACC0000166,2023-02-21,10:32:00,Credit,3570.86,Mobile,Refund,45387.45,Failed
TXN00000848,ACC0000166,2023-10-12,8:51:00,Transfer,170.93,Online,Rent,45387.45,Failed
TXN00004902,ACC0000166,2024-01-09,21:41:00,Transfer,14477.5,Wire Transfer,Investment,45387.45,Failed
TXN00002727,ACC0000166,2024-06-16,17:33:00,Fee,8154.9,Branch,Utility,45387.45,Failed
TXN00002950,ACC0000166,2024-07-05,22:22:00,Credit,1850.04,Branch,Refund,45387.45,Pending
TXN00003637,ACC0000166,2024-11-19,16:20:00,ATM Withdrawal,3534.86,ATM,Utility,45387.45,Pending
TXN00003946,ACC0000166,2024-11-27,18:10:00,ATM Withdrawal,13341.33,ATM,Rent,32046.12,Completed
TXN00001172,ACC0000167,2022-02-22,22:46:00,Debit,14781.74,Online,Utility,6636.82,Pending
TXN00002111,ACC0000167,2022-10-04,13:04:00,Fee,1353.78,Branch,Utility,6636.82,Pending
TXN00000360,ACC0000167,2023-11-09,9:07:00,Fee,13512.18,Branch,Utility,6636.82,Failed
TXN00001444,ACC0000168,2022-06-14,13:52:00,Debit,1699.96,Online,Purchase,18587.44,Completed
TXN00003332,ACC0000168,2022-07-12,8:37:00,ATM Withdrawal,3050.72,ATM,Purchase,18587.44,Pending
TXN00004809,ACC0000168,2022-07-22,14:17:00,Credit,1927.8,Mobile,Investment,20515.24,Completed
TXN00004907,ACC0000168,2022-07-31,11:31:00,Transfer,7162.95,Online,Rent,20515.24,Failed
TXN00001495,ACC0000168,2022-08-01,19:26:00,Fee,13230.7,Online,Utility,7284.54,Completed
TXN00000576,ACC0000168,2022-10-06,13:27:00,Credit,14750.09,Online,Refund,7284.54,Failed
TXN00000883,ACC0000168,2024-05-25,12:51:00,Debit,5141.95,POS,Purchase,2142.59,Completed
TXN00004437,ACC0000169,2022-04-22,21:49:00,ATM Withdrawal,2279.61,ATM,Rent,24092.21,Failed
TXN00002068,ACC0000169,2022-05-19,13:30:00,Fee,8555.44,Online,Utility,24092.21,Failed
TXN00004291,ACC0000169,2022-12-14,9:14:00,ATM Withdrawal,259.82,ATM,Purchase,24092.21,Failed
TXN00002189,ACC0000169,2024-04-02,17:14:00,Transfer,14370.61,Mobile,Investment,24092.21,Failed
TXN00002461,ACC0000169,2024-05-04,15:06:00,Debit,11883.88,Online,Purchase,24092.21,Failed
TXN00004970,ACC0000169,2024-06-03,11:20:00,Interest,12379.6,Branch,Investment,24092.21,Failed
TXN00002798,ACC0000170,2022-09-26,20:33:00,Transfer,4248.32,Online,Investment,3702.12,Pending
TXN00001430,ACC0000170,2023-09-04,17:18:00,Transfer,4746.28,Mobile,Investment,3702.12,Failed
TXN00000711,ACC0000170,2023-11-07,22:45:00,Interest,12367.75,Branch,Investment,3702.12,Failed
TXN00002292,ACC0000170,2024-01-28,8:58:00,ATM Withdrawal,6868.02,ATM,Purchase,3702.12,Failed
TXN00001918,ACC0000170,2024-06-19,20:29:00,Credit,6016.05,Mobile,Salary,9718.17,Completed
TXN00004235,ACC0000171,2022-01-28,8:49:00,ATM Withdrawal,9576.52,ATM,Rent,5787.57,Failed
TXN00004104,ACC0000171,2022-07-26,16:33:00,Transfer,1699.16,Mobile,Rent,4088.41,Completed
TXN00003043,ACC0000171,2023-02-18,15:32:00,Transfer,2509.35,Mobile,Transfer,1579.06,Completed
TXN00000195,ACC0000171,2023-06-14,12:29:00,Fee,2332.39,Online,Utility,1579.06,Failed
TXN00004737,ACC0000171,2023-11-16,16:16:00,Debit,9187.25,POS,Utility,1579.06,Pending
TXN00002274,ACC0000171,2023-11-29,18:12:00,Credit,9291.75,Mobile,Salary,1579.06,Pending
TXN00002480,ACC0000171,2024-07-15,12:30:00,Interest,12260.52,Online,Investment,13839.58,Completed
TXN00003237,ACC0000171,2024-08-11,20:53:00,Transfer,11080.63,Mobile,Investment,13839.58,Pending
TXN00000164,ACC0000172,2022-06-12,15:20:00,Interest,3487.5,Online,Investment,4323.15,Pending
TXN00004332,ACC0000172,2022-09-19,12:51:00,Interest,3764.44,Branch,Investment,8087.59,Completed
TXN00000448,ACC0000172,2022-11-28,10:34:00,Debit,8130.61,POS,Purchase,8087.59,Pending
TXN00004052,ACC0000172,2023-05-31,14:26:00,Interest,9434.89,Branch,Investment,8087.59,Pending
TXN00004732,ACC0000172,2023-06-11,18:32:00,Fee,9937.54,Branch,Utility,8087.59,Pending
TXN00004525,ACC0000172,2023-09-17,15:25:00,Credit,2884.04,Branch,Salary,8087.59,Failed
TXN00001529,ACC0000172,2023-10-06,8:41:00,Transfer,11410.1,Online,Transfer,8087.59,Failed
TXN00002423,ACC0000172,2024-02-04,8:56:00,Debit,1411.06,POS,Rent,8087.59,Pending
TXN00000036,ACC0000172,2024-02-13,12:12:00,ATM Withdrawal,9584.27,ATM,Purchase,8087.59,Failed
TXN00000419,ACC0000172,2024-02-24,18:57:00,Debit,4136.5,Online,Purchase,8087.59,Pending
TXN00001920,ACC0000172,2024-06-22,18:11:00,Interest,11736.01,Branch,Investment,19823.6,Completed
TXN00002625,ACC0000173,2022-08-30,11:31:00,Credit,10130.65,Mobile,Refund,23648.78,Completed
TXN00001308,ACC0000173,2024-11-11,9:57:00,Fee,991.65,Branch,Utility,22657.13,Completed
TXN00003465,ACC0000173,2024-12-29,8:36:00,Credit,3652.19,Mobile,Refund,26309.32,Completed
TXN00001898,ACC0000174,2022-07-29,19:07:00,Fee,11148.85,Online,Utility,1313.53,Pending
TXN00003699,ACC0000174,2023-09-13,12:49:00,Credit,3633.81,Branch,Investment,1313.53,Pending
TXN00000204,ACC0000174,2023-12-26,21:46:00,Credit,12505.29,Mobile,Salary,1313.53,Pending
TXN00000575,ACC0000174,2024-03-13,12:24:00,ATM Withdrawal,6380.91,ATM,Rent,1313.53,Pending
TXN00004857,ACC0000174,2024-10-15,15:52:00,Debit,3626.92,Mobile,Rent,1313.53,Failed
TXN00003327,ACC0000175,2023-08-03,19:51:00,Transfer,1714.99,Mobile,Investment,27156.9,Completed
TXN00004948,ACC0000175,2023-09-01,14:43:00,Transfer,12975.58,Online,Investment,27156.9,Pending
TXN00003562,ACC0000175,2023-09-07,10:11:00,Transfer,2509.14,Branch,Rent,27156.9,Pending
TXN00004841,ACC0000175,2023-10-26,11:14:00,Debit,11743.92,Mobile,Rent,15412.98,Completed
TXN00001180,ACC0000175,2023-11-15,20:50:00,Transfer,2118.41,Wire Transfer,Transfer,13294.57,Completed
TXN00003947,ACC0000175,2023-11-18,21:05:00,Transfer,10217.06,Branch,Rent,3077.51,Completed
TXN00004516,ACC0000175,2023-12-30,12:57:00,Credit,3407.64,Branch,Salary,3077.51,Failed
TXN00003187,ACC0000175,2024-02-16,11:47:00,ATM Withdrawal,982.27,ATM,Rent,3077.51,Failed
TXN00004001,ACC0000176,2022-05-17,15:03:00,ATM Withdrawal,2130.33,ATM,Utility,38685.38,Failed
TXN00000617,ACC0000176,2023-02-23,14:16:00,Transfer,13484.47,Online,Transfer,38685.38,Pending
TXN00003874,ACC0000176,2023-11-09,11:32:00,Fee,6686.94,Branch,Utility,31998.44,Completed
TXN00001990,ACC0000176,2024-07-13,11:51:00,Fee,12676.5,Mobile,Utility,19321.94,Completed
TXN00001381,ACC0000176,2024-09-03,9:09:00,Fee,10152.37,Online,Utility,19321.94,Pending
TXN00002792,ACC0000176,2024-12-14,14:55:00,Credit,11207.23,Mobile,Refund,19321.94,Pending
TXN00004429,ACC0000177,2023-01-03,10:02:00,Debit,2486.43,Online,Utility,1610.18,Pending
TXN00004042,ACC0000177,2023-01-07,18:38:00,ATM Withdrawal,13762.6,ATM,Purchase,1610.18,Failed
TXN00003881,ACC0000177,2023-01-15,18:20:00,Debit,884.38,POS,Utility,725.8,Completed
TXN00003508,ACC0000177,2023-01-22,22:46:00,Transfer,8875.44,Online,Investment,725.8,Failed
TXN00000081,ACC0000177,2023-10-04,21:09:00,Debit,10305.53,Mobile,Rent,725.8,Failed
TXN00002180,ACC0000177,2023-11-16,12:35:00,ATM Withdrawal,12363.0,ATM,Rent,725.8,Failed
TXN00000284,ACC0000177,2024-03-14,12:12:00,Interest,13523.93,Online,Investment,725.8,Pending
TXN00002062,ACC0000177,2024-06-05,22:30:00,Credit,4741.99,Mobile,Refund,725.8,Pending
TXN00004318,ACC0000177,2024-10-03,13:53:00,Fee,621.14,Mobile,Utility,104.66,Completed
TXN00000896,ACC0000177,2024-10-04,13:12:00,Debit,62.4,Mobile,Purchase,42.26,Completed
TXN00003960,ACC0000178,2023-01-31,17:51:00,ATM Withdrawal,1000.98,ATM,Rent,1125.11,Failed
TXN00002534,ACC0000178,2023-11-16,14:48:00,ATM Withdrawal,4961.56,ATM,Utility,1125.11,Failed
TXN00001736,ACC0000178,2024-06-01,20:35:00,Debit,623.89,Online,Purchase,501.22,Completed
TXN00002411,ACC0000178,2024-06-24,11:47:00,ATM Withdrawal,350.09,ATM,Purchase,151.13,Completed
TXN00000413,ACC0000178,2024-11-04,11:56:00,ATM Withdrawal,830.0,ATM,Rent,151.13,Failed
TXN00003449,ACC0000178,2024-11-08,20:20:00,Credit,13955.44,Mobile,Investment,151.13,Failed
TXN00004716,ACC0000178,2024-12-10,8:32:00,Fee,72.17,Online,Utility,78.96,Completed
TXN00000226,ACC0000179,2022-03-19,19:11:00,Fee,6567.62,Branch,Utility,10373.52,Completed
TXN00001379,ACC0000179,2022-07-18,20:37:00,ATM Withdrawal,654.38,ATM,Rent,9719.14,Completed
TXN00003941,ACC0000179,2022-11-19,18:46:00,Credit,11665.21,Branch,Salary,9719.14,Failed
TXN00000477,ACC0000179,2022-12-23,19:38:00,ATM Withdrawal,14113.06,ATM,Rent,9719.14,Failed
TXN00003136,ACC0000179,2023-06-05,14:54:00,Credit,12982.35,Mobile,Refund,9719.14,Failed
TXN00001086,ACC0000179,2023-10-27,15:52:00,Fee,7810.66,Mobile,Utility,9719.14,Pending
TXN00002833,ACC0000179,2024-11-11,10:26:00,Transfer,9714.14,Branch,Transfer,5.0,Completed
TXN00000379,ACC0000180,2022-01-15,22:48:00,Transfer,5929.3,Online,Rent,6748.32,Completed
TXN00001440,ACC0000180,2022-07-10,8:36:00,Transfer,4076.42,Branch,Rent,6748.32,Failed
TXN00002694,ACC0000180,2022-11-16,11:03:00,Interest,9996.62,Branch,Investment,6748.32,Pending
TXN00000643,ACC0000180,2023-03-12,14:09:00,ATM Withdrawal,6743.32,ATM,Purchase,5.0,Completed
TXN00003077,ACC0000180,2023-07-29,21:23:00,ATM Withdrawal,10929.41,ATM,Purchase,5.0,Pending
TXN00003454,ACC0000181,2023-01-14,17:15:00,Transfer,8055.29,Online,Rent,0.0,Completed
TXN00001685,ACC0000181,2024-01-13,21:53:00,Fee,13703.39,Online,Utility,0.0,Pending
TXN00002325,ACC0000181,2024-02-06,8:14:00,Credit,7524.43,Mobile,Investment,0.0,Failed
TXN00002366,ACC0000181,2024-05-12,16:34:00,Interest,2999.46,Branch,Investment,2999.46,Completed
TXN00004680,ACC0000181,2024-06-14,8:26:00,ATM Withdrawal,10412.82,ATM,Utility,2999.46,Failed
TXN00001809,ACC0000181,2024-07-14,10:51:00,Debit,2147.66,Online,Utility,851.8,Completed
TXN00003468,ACC0000181,2024-11-22,22:22:00,Fee,5966.74,Branch,Utility,851.8,Failed
TXN00004172,ACC0000182,2022-04-14,19:21:00,Interest,8829.3,Online,Investment,45084.62,Pending
TXN00005000,ACC0000182,2022-08-25,19:12:00,Debit,2121.42,Mobile,Purchase,45084.62,Pending
TXN00000445,ACC0000182,2022-12-28,15:48:00,Debit,1311.98,POS,Utility,43772.64,Completed
TXN00004125,ACC0000182,2023-07-28,14:49:00,ATM Withdrawal,4837.28,ATM,Utility,38935.36,Completed
TXN00001190,ACC0000182,2023-12-07,12:14:00,Interest,13848.75,Online,Investment,38935.36,Pending
TXN00004387,ACC0000182,2024-07-26,9:33:00,Transfer,4070.11,Branch,Investment,34865.25,Completed
TXN00004704,ACC0000182,2024-08-29,17:53:00,Fee,13387.64,Online,Utility,34865.25,Failed
TXN00001206,ACC0000183,2022-02-05,11:42:00,Interest,2624.97,Online,Investment,40875.71,Pending
TXN00002192,ACC0000183,2022-03-08,18:38:00,ATM Withdrawal,14381.01,ATM,Purchase,40875.71,Pending
TXN00002291,ACC0000183,2023-03-01,9:40:00,Credit,3735.04,Online,Salary,40875.71,Failed
TXN00000767,ACC0000183,2023-08-02,16:57:00,Fee,8979.56,Branch,Utility,40875.71,Pending
TXN00003680,ACC0000183,2024-06-01,8:07:00,ATM Withdrawal,6286.08,ATM,Purchase,40875.71,Failed
TXN00002283,ACC0000183,2024-06-26,8:50:00,ATM Withdrawal,12924.63,ATM,Rent,40875.71,Pending
TXN00002334,ACC0000183,2024-08-03,14:26:00,Fee,915.03,Branch,Utility,39960.68,Completed
TXN00002905,ACC0000184,2023-04-12,11:37:00,Debit,10757.11,Online,Rent,916.46,Failed
TXN00004672,ACC0000184,2023-05-01,8:13:00,Fee,6469.92,Mobile,Utility,916.46,Pending
TXN00000981,ACC0000184,2023-07-12,16:22:00,Transfer,170.09,Wire Transfer,Investment,916.46,Failed
TXN00003483,ACC0000184,2023-07-28,21:11:00,Transfer,2989.8,Mobile,Transfer,916.46,Failed
TXN00002239,ACC0000184,2023-09-03,16:40:00,Interest,6200.88,Online,Investment,916.46,Pending
TXN00002429,ACC0000184,2023-09-22,8:00:00,Fee,755.84,Mobile,Utility,160.62,Completed
TXN00003575,ACC0000184,2024-08-16,17:49:00,Credit,4472.26,Mobile,Investment,4632.88,Completed
TXN00000307,ACC0000184,2024-10-07,8:15:00,Transfer,1415.18,Online,Investment,3217.7,Completed
TXN00001026,ACC0000185,2022-08-28,14:33:00,Debit,2793.24,Online,Rent,55000.71,Completed
TXN00002473,ACC0000185,2022-09-08,12:37:00,Interest,11621.01,Online,Investment,55000.71,Failed
TXN00003565,ACC0000185,2022-09-16,9:48:00,ATM Withdrawal,11236.03,ATM,Utility,55000.71,Failed
TXN00003081,ACC0000185,2022-09-19,13:59:00,Interest,12327.04,Online,Investment,67327.75,Completed
TXN00000874,ACC0000185,2022-09-22,13:13:00,Debit,7994.64,POS,Purchase,67327.75,Pending
TXN00000030,ACC0000185,2022-09-26,21:33:00,Transfer,1922.1,Branch,Investment,65405.65,Completed
TXN00002076,ACC0000185,2022-09-26,22:49:00,Fee,2259.91,Branch,Utility,65405.65,Pending
TXN00001458,ACC0000185,2022-09-27,14:17:00,Fee,7620.55,Online,Utility,65405.65,Failed
TXN00001102,ACC0000185,2022-10-06,18:05:00,ATM Withdrawal,14726.77,ATM,Rent,50678.88,Completed
TXN00000122,ACC0000185,2022-10-13,22:40:00,Interest,2600.67,Branch,Investment,53279.55,Completed
TXN00001355,ACC0000185,2022-10-17,18:59:00,Credit,8663.42,Mobile,Investment,61942.97,Completed
TXN00001993,ACC0000185,2022-10-20,20:13:00,ATM Withdrawal,11441.6,ATM,Rent,61942.97,Pending
TXN00001456,ACC0000186,2023-01-17,14:45:00,Fee,4896.92,Branch,Utility,33969.2,Completed
TXN00003267,ACC0000186,2023-04-05,11:21:00,Credit,11653.7,Online,Salary,33969.2,Failed
TXN00004556,ACC0000186,2023-11-30,10:38:00,Fee,5193.96,Online,Utility,33969.2,Failed
TXN00001855,ACC0000186,2023-12-31,19:28:00,Fee,2653.18,Online,Utility,31316.02,Completed
TXN00004987,ACC0000186,2024-05-09,8:40:00,Interest,12855.71,Online,Investment,31316.02,Failed
TXN00002699,ACC0000186,2024-09-19,10:32:00,ATM Withdrawal,9979.59,ATM,Purchase,21336.43,Completed
TXN00003239,ACC0000187,2022-04-28,12:19:00,Interest,8544.93,Online,Investment,40429.15,Failed
TXN00000443,ACC0000187,2022-06-20,18:46:00,Transfer,12372.89,Branch,Transfer,28056.26,Completed
TXN00002419,ACC0000187,2022-07-05,13:12:00,Credit,11857.03,Mobile,Investment,28056.26,Pending
TXN00004077,ACC0000187,2023-12-11,15:34:00,ATM Withdrawal,10827.98,ATM,Purchase,28056.26,Pending
TXN00004605,ACC0000187,2024-12-11,20:45:00,Transfer,257.42,Mobile,Transfer,28056.26,Pending
TXN00000083,ACC0000187,2024-12-18,21:59:00,Credit,158.3,Online,Investment,28056.26,Pending
TXN00002628,ACC0000188,2022-08-27,20:21:00,Debit,11308.09,POS,Purchase,28500.6,Failed
TXN00002897,ACC0000188,2022-11-04,14:41:00,Debit,3448.04,POS,Purchase,28500.6,Pending
TXN00004247,ACC0000188,2023-05-24,12:24:00,Credit,8335.47,Online,Refund,36836.07,Completed
TXN00003793,ACC0000188,2024-06-24,18:44:00,Debit,4761.71,Mobile,Rent,36836.07,Pending
TXN00001003,ACC0000188,2024-08-07,12:25:00,Debit,14941.59,Mobile,Rent,36836.07,Failed
TXN00002653,ACC0000189,2023-12-29,22:01:00,Credit,5261.87,Mobile,Refund,45383.47,Failed
TXN00004072,ACC0000189,2024-03-30,10:13:00,Transfer,6961.68,Mobile,Transfer,38421.79,Completed
TXN00004540,ACC0000189,2024-08-28,11:14:00,Transfer,13724.39,Mobile,Rent,38421.79,Pending
TXN00001320,ACC0000190,2022-02-19,10:09:00,ATM Withdrawal,3650.29,ATM,Utility,3770.52,Failed
TXN00000861,ACC0000190,2022-04-13,14:37:00,Credit,2057.73,Branch,Investment,3770.52,Pending
TXN00003135,ACC0000190,2022-07-13,9:57:00,Transfer,8059.07,Online,Investment,3770.52,Pending
TXN00001174,ACC0000190,2022-10-31,11:32:00,Fee,4406.67,Mobile,Utility,3770.52,Failed
TXN00002918,ACC0000190,2022-11-22,18:13:00,Interest,8106.58,Online,Investment,3770.52,Failed
TXN00003952,ACC0000190,2023-07-17,11:39:00,Credit,5717.94,Online,Investment,3770.52,Failed
TXN00003566,ACC0000190,2023-09-04,11:12:00,Fee,12372.47,Branch,Utility,3770.52,Failed
TXN00003068,ACC0000190,2023-09-18,21:18:00,Debit,1920.3,Online,Purchase,1850.22,Completed
TXN00003832,ACC0000190,2023-12-27,10:56:00,Credit,9777.31,Online,Investment,1850.22,Pending
TXN00003256,ACC0000190,2024-01-16,12:57:00,Interest,10081.46,Online,Investment,1850.22,Failed
TXN00003063,ACC0000190,2024-02-29,8:33:00,Transfer,1996.23,Mobile,Transfer,1850.22,Pending
TXN00003918,ACC0000191,2022-08-28,9:40:00,Transfer,7136.2,Online,Rent,43203.48,Pending
TXN00003272,ACC0000191,2022-09-15,17:50:00,ATM Withdrawal,1237.92,ATM,Utility,43203.48,Pending
TXN00002622,ACC0000191,2023-01-21,11:03:00,Transfer,2989.85,Branch,Rent,40213.63,Completed
TXN00002148,ACC0000191,2023-02-19,11:08:00,Fee,13145.63,Mobile,Utility,40213.63,Pending
TXN00001184,ACC0000191,2023-10-13,8:52:00,ATM Withdrawal,7116.61,ATM,Utility,33097.02,Completed
TXN00000631,ACC0000191,2023-10-27,13:02:00,Debit,14819.61,Mobile,Utility,33097.02,Pending
TXN00000563,ACC0000191,2024-02-24,18:22:00,Transfer,6879.09,Mobile,Investment,33097.02,Failed
TXN00000484,ACC0000192,2022-05-03,9:45:00,ATM Withdrawal,12360.32,ATM,Rent,993.01,Pending
TXN00000712,ACC0000192,2022-06-22,13:48:00,ATM Withdrawal,6247.74,ATM,Purchase,993.01,Failed
TXN00002490,ACC0000192,2022-08-28,17:30:00,Transfer,7299.35,Branch,Rent,993.01,Failed
TXN00004041,ACC0000192,2023-03-15,17:31:00,ATM Withdrawal,3896.3,ATM,Rent,993.01,Failed
TXN00000755,ACC0000192,2023-05-02,13:38:00,Debit,5913.71,Online,Utility,993.01,Failed
TXN00001617,ACC0000192,2023-08-01,11:06:00,Transfer,10088.71,Mobile,Transfer,993.01,Pending
TXN00004228,ACC0000192,2023-10-18,16:16:00,Debit,400.22,Mobile,Rent,592.79,Completed
TXN00000415,ACC0000192,2024-02-22,13:00:00,Interest,5001.76,Online,Investment,592.79,Failed
TXN00004289,ACC0000192,2024-04-28,19:17:00,Interest,9868.73,Online,Investment,592.79,Pending
TXN00000354,ACC0000192,2024-06-12,12:53:00,Fee,4910.26,Online,Utility,592.79,Failed
TXN00000114,ACC0000193,2023-02-15,21:08:00,ATM Withdrawal,9203.31,ATM,Rent,43420.19,Pending
TXN00002324,ACC0000193,2023-09-04,16:26:00,Interest,5420.4,Online,Investment,48840.59,Completed
TXN00004406,ACC0000193,2024-03-11,11:01:00,Interest,11731.01,Branch,Investment,60571.6,Completed
TXN00001690,ACC0000193,2024-08-28,17:22:00,ATM Withdrawal,2981.34,ATM,Purchase,60571.6,Pending
TXN00000950,ACC0000193,2024-11-12,17:55:00,Transfer,2315.91,Wire Transfer,Rent,60571.6,Failed
TXN00004377,ACC0000193,2024-12-28,10:51:00,Interest,11946.69,Online,Investment,60571.6,Failed
TXN00002075,ACC0000194,2022-02-25,9:40:00,Interest,4233.21,Branch,Investment,66756.52,Failed
TXN00003523,ACC0000194,2022-06-28,16:42:00,ATM Withdrawal,14875.23,ATM,Purchase,66756.52,Pending
TXN00002135,ACC0000194,2023-02-18,21:49:00,Credit,2107.91,Mobile,Investment,66756.52,Failed
TXN00001442,ACC0000194,2023-05-16,22:45:00,Transfer,1240.95,Online,Investment,65515.57,Completed
TXN00001842,ACC0000194,2023-09-24,12:17:00,Credit,1668.56,Online,Salary,65515.57,Failed
TXN00003927,ACC0000194,2023-10-10,11:15:00,Interest,13835.44,Online,Investment,65515.57,Pending
TXN00002750,ACC0000194,2023-10-11,22:23:00,Fee,11904.32,Online,Utility,65515.57,Pending
TXN00004295,ACC0000194,2023-10-13,8:36:00,Interest,9302.78,Branch,Investment,65515.57,Pending
TXN00004268,ACC0000194,2024-05-25,15:44:00,Fee,8780.73,Online,Utility,56734.84,Completed
TXN00002580,ACC0000194,2024-10-21,14:12:00,Debit,6332.63,POS,Purchase,50402.21,Completed
TXN00000377,ACC0000195,2023-07-14,9:47:00,ATM Withdrawal,780.79,ATM,Rent,6351.14,Failed
TXN00003308,ACC0000195,2023-09-11,20:18:00,Transfer,173.3,Online,Investment,6351.14,Pending
TXN00001149,ACC0000195,2024-04-21,16:28:00,Interest,8008.4,Online,Investment,6351.14,Failed
TXN00004398,ACC0000195,2024-07-15,15:13:00,Fee,9921.52,Mobile,Utility,6351.14,Pending
TXN00004434,ACC0000195,2024-07-19,18:34:00,Debit,1596.77,Mobile,Rent,6351.14,Failed
TXN00003695,ACC0000195,2024-08-27,13:45:00,Transfer,4780.91,Wire Transfer,Investment,1570.23,Completed
TXN00002937,ACC0000195,2024-10-03,13:41:00,Transfer,1332.35,Online,Investment,237.88,Completed
TXN00004431,ACC0000195,2024-11-06,8:00:00,ATM Withdrawal,187.63,ATM,Utility,50.25,Completed
TXN00004458,ACC0000196,2022-10-25,15:02:00,Transfer,6157.42,Wire Transfer,Transfer,29892.21,Completed
TXN00001738,ACC0000196,2022-12-20,9:51:00,Credit,11265.51,Online,Refund,29892.21,Pending
TXN00002369,ACC0000196,2023-03-11,11:56:00,Debit,6242.24,Online,Purchase,29892.21,Failed
TXN00000966,ACC0000196,2023-04-24,11:56:00,Interest,10139.14,Branch,Investment,29892.21,Failed
TXN00004157,ACC0000196,2023-09-18,21:02:00,Credit,6401.63,Online,Salary,36293.84,Completed
TXN00001402,ACC0000196,2023-11-27,13:40:00,Transfer,10303.76,Wire Transfer,Transfer,36293.84,Pending
TXN00000331,ACC0000196,2024-02-09,14:42:00,Fee,10322.12,Online,Utility,36293.84,Failed
TXN00000279,ACC0000196,2024-06-11,22:54:00,Fee,10505.86,Branch,Utility,36293.84,Failed
TXN00004918,ACC0000196,2024-10-22,11:54:00,ATM Withdrawal,5827.35,ATM,Rent,30466.49,Completed
TXN00003233,ACC0000196,2024-11-22,13:32:00,Interest,5866.79,Online,Investment,30466.49,Pending
TXN00002593,ACC0000197,2022-11-10,16:55:00,Fee,2841.89,Online,Utility,42966.84,Failed
TXN00004870,ACC0000197,2022-11-19,8:33:00,Interest,1937.1,Branch,Investment,42966.84,Pending
TXN00000363,ACC0000197,2022-11-25,21:28:00,Interest,2140.6,Online,Investment,45107.44,Completed
TXN00000566,ACC0000197,2023-02-12,11:52:00,Transfer,9299.07,Wire Transfer,Investment,45107.44,Pending
TXN00002221,ACC0000197,2023-05-02,17:41:00,Interest,5443.25,Online,Investment,50550.69,Completed
TXN00003554,ACC0000197,2023-12-04,11:23:00,Fee,5097.36,Branch,Utility,50550.69,Pending
TXN00004132,ACC0000197,2024-03-27,22:03:00,Interest,1605.51,Branch,Investment,52156.2,Completed
TXN00000725,ACC0000197,2024-09-16,15:02:00,Debit,6698.01,Online,Purchase,52156.2,Failed
TXN00004334,ACC0000197,2024-12-24,18:44:00,ATM Withdrawal,13616.89,ATM,Rent,38539.31,Completed
TXN00004302,ACC0000198,2024-06-08,10:34:00,ATM Withdrawal,7543.45,ATM,Utility,35863.86,Failed
TXN00002566,ACC0000198,2024-06-16,8:47:00,Interest,2852.59,Branch,Investment,35863.86,Pending
TXN00001942,ACC0000198,2024-06-21,12:51:00,Fee,12535.94,Online,Utility,35863.86,Failed
TXN00001225,ACC0000199,2022-03-12,16:33:00,Fee,4820.28,Branch,Utility,73287.46,Completed
TXN00002770,ACC0000199,2022-10-01,17:52:00,Interest,1089.53,Online,Investment,73287.46,Failed
TXN00000118,ACC0000199,2023-07-31,15:36:00,Credit,4589.09,Mobile,Salary,73287.46,Failed
TXN00000837,ACC0000199,2023-07-31,8:56:00,ATM Withdrawal,14990.95,ATM,Utility,73287.46,Pending
TXN00000647,ACC0000199,2023-08-04,11:38:00,Debit,13344.55,POS,Utility,73287.46,Failed
TXN00002379,ACC0000199,2024-01-24,9:09:00,Transfer,12409.63,Branch,Transfer,60877.83,Completed
TXN00001888,ACC0000199,2024-09-15,17:50:00,Credit,7253.92,Online,Investment,68131.75,Completed
TXN00001158,ACC0000200,2022-11-08,9:43:00,Interest,14260.89,Branch,Investment,52522.3,Failed
TXN00002275,ACC0000200,2023-01-19,9:54:00,Debit,6751.77,Online,Rent,45770.53,Completed
TXN00002507,ACC0000200,2023-02-24,17:28:00,Fee,10269.86,Online,Utility,35500.67,Completed
TXN00000748,ACC0000200,2023-05-30,20:12:00,Transfer,10557.56,Mobile,Rent,35500.67,Failed
TXN00000376,ACC0000200,2023-12-07,14:32:00,Fee,10226.0,Online,Utility,35500.67,Failed
TXN00002550,ACC0000200,2024-01-25,10:45:00,Transfer,731.96,Branch,Investment,35500.67,Failed
TXN00001713,ACC0000200,2024-03-26,18:12:00,Credit,8092.15,Online,Salary,43592.82,Completed
TXN00003628,ACC0000200,2024-04-29,12:21:00,ATM Withdrawal,8193.03,ATM,Utility,43592.82,Pending
TXN00001956,ACC0000200,2024-05-10,11:33:00,ATM Withdrawal,9594.54,ATM,Utility,43592.82,Pending
TXN00004376,ACC0000200,2024-08-16,16:22:00,Transfer,9665.54,Branch,Transfer,43592.82,Pending
TXN00003894,ACC0000201,2023-07-14,18:08:00,Credit,2273.14,Branch,Salary,3550.59,Completed
TXN00002131,ACC0000201,2024-05-17,12:19:00,Credit,11151.7,Mobile,Salary,3550.59,Pending
TXN00001205,ACC0000201,2024-05-24,15:52:00,Transfer,2843.86,Wire Transfer,Rent,706.73,Completed
TXN00004919,ACC0000201,2024-06-06,14:03:00,Fee,519.98,Online,Utility,186.75,Completed
TXN00000289,ACC0000201,2024-08-03,14:32:00,Debit,13604.98,Online,Utility,186.75,Failed
TXN00000997,ACC0000201,2024-08-31,8:17:00,ATM Withdrawal,13359.56,ATM,Rent,186.75,Pending
TXN00004507,ACC0000201,2024-12-02,8:58:00,Credit,1936.46,Online,Salary,2123.21,Completed
TXN00002883,ACC0000201,2024-12-07,22:36:00,ATM Withdrawal,12533.8,ATM,Rent,2123.21,Failed
TXN00004993,ACC0000202,2022-04-01,20:14:00,ATM Withdrawal,7325.84,ATM,Rent,47373.41,Pending
TXN00002754,ACC0000202,2023-02-19,21:47:00,Interest,3522.05,Online,Investment,47373.41,Failed
TXN00003418,ACC0000202,2024-01-11,13:51:00,Interest,5275.57,Online,Investment,47373.41,Failed
TXN00002981,ACC0000202,2024-07-05,13:09:00,ATM Withdrawal,23.07,ATM,Utility,47373.41,Pending
TXN00002009,ACC0000202,2024-07-07,10:00:00,ATM Withdrawal,13098.23,ATM,Rent,47373.41,Failed
TXN00003538,ACC0000202,2024-09-19,20:07:00,Fee,6206.93,Branch,Utility,41166.48,Completed
TXN00003188,ACC0000202,2024-11-02,18:39:00,ATM Withdrawal,10781.93,ATM,Rent,41166.48,Failed
TXN00000075,ACC0000203,2023-05-03,19:25:00,Debit,800.78,Online,Rent,52497.01,Completed
TXN00000881,ACC0000203,2023-05-22,10:09:00,ATM Withdrawal,4335.17,ATM,Utility,52497.01,Pending
TXN00003704,ACC0000203,2024-01-21,12:23:00,Credit,8986.32,Branch,Salary,61483.33,Completed
TXN00001445,ACC0000203,2024-04-02,21:02:00,Debit,12361.15,Online,Utility,61483.33,Pending
TXN00004994,ACC0000203,2024-07-01,15:46:00,ATM Withdrawal,8001.05,ATM,Utility,61483.33,Pending
TXN00000496,ACC0000203,2024-11-14,18:03:00,ATM Withdrawal,2035.46,ATM,Rent,61483.33,Failed
TXN00004161,ACC0000204,2024-02-15,18:59:00,Debit,6463.09,Online,Purchase,42168.04,Completed
TXN00000908,ACC0000204,2024-02-25,18:21:00,Credit,12418.84,Mobile,Salary,54586.88,Completed
TXN00004214,ACC0000204,2024-06-09,9:30:00,Debit,4777.32,Online,Rent,54586.88,Pending
TXN00000169,ACC0000204,2024-07-24,11:12:00,Interest,5387.52,Online,Investment,59974.4,Completed
TXN00000087,ACC0000204,2024-07-29,11:20:00,Credit,12597.65,Mobile,Investment,59974.4,Pending
TXN00004162,ACC0000204,2024-09-23,12:23:00,Fee,7261.24,Online,Utility,59974.4,Failed
TXN00000340,ACC0000204,2024-12-11,20:26:00,Transfer,14627.15,Wire Transfer,Investment,59974.4,Pending
TXN00004879,ACC0000204,2024-12-26,10:32:00,Fee,2549.19,Branch,Utility,59974.4,Failed
TXN00000547,ACC0000204,2025-02-22,20:56:00,Debit,6709.7,POS,Rent,59974.4,Pending
TXN00002582,ACC0000205,2022-06-11,11:21:00,Debit,8126.43,Mobile,Utility,14161.34,Pending
TXN00001778,ACC0000205,2022-10-17,17:30:00,Transfer,5412.73,Wire Transfer,Investment,8748.61,Completed
TXN00000412,ACC0000205,2023-06-28,20:05:00,Transfer,6010.18,Mobile,Transfer,2738.43,Completed
TXN00004911,ACC0000205,2023-08-02,17:32:00,Debit,8261.47,Online,Utility,2738.43,Pending
TXN00001129,ACC0000205,2023-11-10,9:03:00,ATM Withdrawal,1979.57,ATM,Utility,2738.43,Failed
TXN00004854,ACC0000205,2024-01-21,13:19:00,Credit,748.12,Mobile,Investment,2738.43,Failed
TXN00002092,ACC0000205,2024-06-15,20:29:00,ATM Withdrawal,2308.76,ATM,Utility,2738.43,Pending
TXN00002741,ACC0000205,2024-08-23,16:47:00,ATM Withdrawal,12394.78,ATM,Utility,2738.43,Failed
TXN00000214,ACC0000205,2024-11-19,13:02:00,Transfer,1194.41,Online,Transfer,1544.02,Completed
TXN00000145,ACC0000206,2022-06-22,19:33:00,Transfer,4256.28,Mobile,Investment,19311.06,Completed
TXN00001725,ACC0000206,2022-07-20,10:04:00,Fee,5977.88,Online,Utility,13333.18,Completed
TXN00000190,ACC0000206,2023-06-17,18:33:00,Transfer,8375.14,Wire Transfer,Rent,13333.18,Pending
TXN00000420,ACC0000206,2024-09-30,18:21:00,Fee,3777.05,Mobile,Utility,13333.18,Pending
TXN00001252,ACC0000207,2022-04-19,20:59:00,Debit,3621.82,Online,Utility,23950.65,Pending
TXN00000292,ACC0000207,2022-12-22,13:45:00,Interest,3778.18,Online,Investment,23950.65,Pending
TXN00004926,ACC0000207,2023-08-12,11:44:00,Debit,1256.47,Online,Purchase,23950.65,Pending
TXN00003891,ACC0000207,2023-10-30,12:09:00,Credit,12709.44,Mobile,Refund,36660.09,Completed
TXN00001954,ACC0000207,2024-02-08,9:57:00,Fee,8071.62,Branch,Utility,36660.09,Failed
TXN00003911,ACC0000207,2024-02-10,16:06:00,Debit,289.02,Mobile,Rent,36660.09,Failed
TXN00002663,ACC0000207,2024-07-18,14:18:00,Debit,5621.83,Online,Purchase,36660.09,Pending
TXN00004258,ACC0000207,2024-08-02,17:27:00,Transfer,7774.91,Wire Transfer,Transfer,36660.09,Failed
TXN00001386,ACC0000208,2022-01-15,9:57:00,Debit,2868.7,POS,Purchase,4088.87,Completed
TXN00000002,ACC0000208,2022-04-13,9:42:00,Fee,1436.21,Branch,Utility,4088.87,Pending
TXN00000237,ACC0000208,2023-02-07,21:18:00,Debit,13182.99,Mobile,Rent,4088.87,Failed
TXN00002328,ACC0000208,2023-10-09,19:42:00,Fee,7190.7,Online,Utility,4088.87,Failed
TXN00000073,ACC0000209,2023-11-16,10:20:00,ATM Withdrawal,3912.84,ATM,Utility,23472.5,Failed
TXN00002547,ACC0000209,2023-12-05,19:42:00,ATM Withdrawal,5350.09,ATM,Rent,18122.41,Completed
TXN00001558,ACC0000209,2023-12-20,20:02:00,Debit,10667.85,POS,Utility,18122.41,Pending
TXN00002787,ACC0000209,2024-01-02,16:51:00,Credit,3642.17,Mobile,Refund,18122.41,Pending
TXN00004478,ACC0000209,2024-03-28,17:19:00,Interest,13578.32,Branch,Investment,18122.41,Pending
TXN00000402,ACC0000209,2024-04-12,18:56:00,Transfer,2796.45,Mobile,Transfer,18122.41,Failed
TXN00003859,ACC0000209,2024-04-13,9:47:00,Fee,8618.12,Branch,Utility,9504.29,Completed
TXN00000208,ACC0000210,2022-08-29,22:13:00,Fee,10325.36,Mobile,Utility,77712.3,Failed
TXN00002768,ACC0000210,2022-10-21,10:36:00,ATM Withdrawal,7076.5,ATM,Purchase,77712.3,Pending
TXN00003802,ACC0000210,2022-11-20,10:34:00,Debit,2533.25,Mobile,Rent,75179.05,Completed
TXN00004563,ACC0000210,2022-11-26,14:49:00,Fee,562.73,Branch,Utility,74616.32,Completed
TXN00000796,ACC0000210,2022-11-27,11:10:00,ATM Withdrawal,12814.67,ATM,Purchase,74616.32,Pending
TXN00000719,ACC0000210,2023-01-31,14:55:00,Interest,2039.51,Branch,Investment,76655.83,Completed
TXN00002862,ACC0000210,2023-04-17,20:27:00,Transfer,8437.39,Online,Rent,76655.83,Failed
TXN00000197,ACC0000210,2023-05-28,22:57:00,Fee,11463.94,Branch,Utility,76655.83,Failed
TXN00001136,ACC0000210,2023-10-04,9:45:00,ATM Withdrawal,13188.56,ATM,Utility,76655.83,Pending
TXN00003567,ACC0000210,2024-01-23,9:08:00,ATM Withdrawal,6727.63,ATM,Purchase,76655.83,Pending
TXN00000671,ACC0000210,2024-03-26,12:14:00,Credit,11735.0,Mobile,Investment,88390.83,Completed
TXN00002031,ACC0000210,2024-05-12,21:05:00,Fee,14975.25,Branch,Utility,88390.83,Pending
TXN00004888,ACC0000211,2023-11-25,9:28:00,Debit,10769.45,Mobile,Utility,35656.24,Pending
TXN00002554,ACC0000211,2024-03-02,12:44:00,Transfer,1343.57,Branch,Transfer,34312.67,Completed
TXN00004307,ACC0000211,2024-03-08,9:34:00,Fee,4552.27,Online,Utility,34312.67,Pending
TXN00004812,ACC0000211,2024-05-08,19:52:00,Interest,13412.61,Branch,Investment,34312.67,Failed
TXN00003855,ACC0000211,2024-07-23,15:21:00,Interest,9953.76,Branch,Investment,44266.43,Completed
TXN00004285,ACC0000211,2024-08-10,8:50:00,Credit,13437.54,Online,Investment,57703.97,Completed
TXN00003149,ACC0000211,2024-09-26,12:24:00,Debit,14413.08,POS,Utility,43290.89,Completed
TXN00003340,ACC0000211,2024-10-09,17:12:00,ATM Withdrawal,199.05,ATM,Rent,43290.89,Failed
TXN00004714,ACC0000211,2024-10-20,10:02:00,Fee,6186.59,Online,Utility,37104.3,Completed
TXN00002053,ACC0000211,2024-12-22,17:47:00,Transfer,77.55,Mobile,Transfer,37026.75,Completed
TXN00000634,ACC0000212,2022-03-30,9:08:00,ATM Withdrawal,9302.21,ATM,Utility,55088.58,Failed
TXN00001104,ACC0000212,2024-03-31,12:46:00,Interest,2244.93,Online,Investment,57333.51,Completed
TXN00000503,ACC0000212,2024-11-17,20:45:00,Transfer,14513.12,Online,Investment,57333.51,Pending
TXN00000101,ACC0000213,2022-08-31,20:24:00,Debit,2205.41,POS,Purchase,11629.39,Pending
TXN00000406,ACC0000213,2022-11-15,16:06:00,ATM Withdrawal,9584.93,ATM,Rent,2044.46,Completed
TXN00002752,ACC0000213,2022-11-26,19:50:00,Transfer,901.04,Branch,Rent,1143.42,Completed
TXN00001633,ACC0000213,2023-10-26,11:00:00,Interest,3382.6,Branch,Investment,1143.42,Failed
TXN00003865,ACC0000213,2024-06-01,20:04:00,Debit,1273.16,Online,Purchase,1143.42,Failed
TXN00003950,ACC0000214,2022-09-22,16:18:00,Debit,3249.89,Mobile,Rent,4010.44,Failed
TXN00003039,ACC0000214,2022-09-25,10:28:00,Debit,2433.9,POS,Purchase,4010.44,Pending
TXN00003875,ACC0000214,2023-03-30,13:17:00,ATM Withdrawal,14133.14,ATM,Purchase,4010.44,Pending
TXN00003388,ACC0000214,2023-09-21,13:38:00,Debit,2394.86,POS,Rent,1615.58,Completed
TXN00001854,ACC0000214,2024-07-19,15:28:00,Credit,10158.39,Online,Salary,1615.58,Pending
TXN00002139,ACC0000214,2024-07-29,14:34:00,Transfer,12565.55,Wire Transfer,Rent,1615.58,Failed
TXN00001163,ACC0000214,2024-09-20,11:10:00,Interest,14106.78,Branch,Investment,15722.36,Completed
TXN00003608,ACC0000215,2022-06-24,22:50:00,Transfer,10717.17,Online,Investment,6694.68,Completed
TXN00001669,ACC0000215,2022-09-27,11:06:00,Debit,9092.97,Online,Utility,6694.68,Pending
TXN00003549,ACC0000215,2023-01-08,14:33:00,Transfer,2517.22,Branch,Rent,4177.46,Completed
TXN00004858,ACC0000215,2023-05-09,20:49:00,Debit,1536.42,Online,Utility,2641.04,Completed
TXN00002235,ACC0000215,2023-07-06,14:51:00,Credit,658.4,Online,Refund,2641.04,Failed
TXN00001424,ACC0000215,2024-04-15,14:21:00,Fee,132.53,Online,Utility,2508.51,Completed
TXN00004662,ACC0000215,2024-10-01,22:44:00,Debit,2503.51,Mobile,Utility,5.0,Completed
TXN00000971,ACC0000216,2023-07-24,10:34:00,ATM Withdrawal,2617.29,ATM,Purchase,4330.4,Pending
TXN00003839,ACC0000216,2023-09-10,19:17:00,Interest,7608.51,Online,Investment,4330.4,Failed
TXN00003393,ACC0000216,2024-01-11,20:50:00,Transfer,1883.54,Online,Transfer,2446.86,Completed
TXN00002956,ACC0000216,2024-02-25,11:50:00,Interest,9517.27,Branch,Investment,11964.13,Completed
TXN00002903,ACC0000216,2024-04-25,12:29:00,Fee,298.6,Branch,Utility,11964.13,Failed
TXN00004287,ACC0000217,2022-11-27,11:53:00,Credit,12481.81,Online,Investment,10208.47,Failed
TXN00004514,ACC0000217,2023-08-10,17:41:00,Credit,402.85,Online,Salary,10208.47,Failed
TXN00003148,ACC0000217,2023-09-06,14:12:00,Debit,9775.67,Mobile,Utility,10208.47,Pending
TXN00001316,ACC0000217,2024-04-23,19:47:00,Transfer,4504.25,Branch,Investment,10208.47,Pending
TXN00004769,ACC0000217,2024-08-29,15:49:00,Fee,9438.97,Online,Utility,10208.47,Pending
TXN00003074,ACC0000217,2024-11-11,22:29:00,Interest,12171.9,Online,Investment,22380.37,Completed
TXN00002579,ACC0000218,2023-03-02,8:53:00,Debit,11109.49,Mobile,Purchase,9002.56,Completed
TXN00003796,ACC0000218,2023-07-19,20:53:00,Transfer,5485.19,Branch,Rent,3517.37,Completed
TXN00001982,ACC0000218,2023-07-31,11:13:00,Interest,2496.06,Branch,Investment,3517.37,Pending
TXN00004966,ACC0000218,2023-08-04,12:09:00,Debit,3512.37,POS,Utility,5.0,Completed
TXN00003645,ACC0000218,2023-11-09,19:19:00,Credit,9755.99,Branch,Salary,9760.99,Completed
TXN00001973,ACC0000218,2024-02-10,8:37:00,Credit,12952.76,Mobile,Investment,9760.99,Failed
TXN00002725,ACC0000218,2024-03-21,22:43:00,Credit,13112.77,Branch,Salary,22873.76,Completed
TXN00003174,ACC0000218,2024-04-21,13:52:00,Credit,14205.91,Branch,Salary,22873.76,Pending
TXN00004037,ACC0000218,2024-05-06,22:01:00,Fee,2082.19,Branch,Utility,22873.76,Pending
TXN00000026,ACC0000218,2024-08-12,15:00:00,Fee,8480.0,Mobile,Utility,14393.76,Completed
TXN00000679,ACC0000218,2024-09-26,18:21:00,Fee,4287.84,Mobile,Utility,10105.92,Completed
TXN00003146,ACC0000219,2022-03-23,8:41:00,Credit,8270.52,Online,Investment,43171.58,Pending
TXN00002162,ACC0000219,2022-09-18,15:30:00,Interest,12500.99,Online,Investment,43171.58,Pending
TXN00001971,ACC0000219,2022-09-27,22:55:00,Debit,6588.24,POS,Utility,43171.58,Pending
TXN00001829,ACC0000219,2022-12-22,9:51:00,ATM Withdrawal,3184.78,ATM,Purchase,39986.8,Completed
TXN00001396,ACC0000219,2023-02-09,19:07:00,Debit,6862.45,Mobile,Purchase,39986.8,Failed
TXN00003530,ACC0000219,2023-11-02,10:26:00,ATM Withdrawal,5019.46,ATM,Utility,39986.8,Failed
TXN00002869,ACC0000219,2023-12-30,8:10:00,Interest,8488.45,Online,Investment,48475.25,Completed
TXN00004743,ACC0000219,2024-02-16,17:54:00,Debit,9417.47,Online,Purchase,39057.78,Completed
TXN00003455,ACC0000219,2024-08-12,18:45:00,ATM Withdrawal,7798.32,ATM,Utility,39057.78,Failed
TXN00000536,ACC0000220,2022-09-07,20:42:00,Credit,541.72,Mobile,Investment,51763.97,Failed
TXN00001925,ACC0000220,2023-01-01,12:06:00,Credit,12718.66,Branch,Refund,64482.63,Completed
TXN00000387,ACC0000220,2024-02-03,16:22:00,Transfer,1699.49,Wire Transfer,Investment,64482.63,Failed
TXN00001183,ACC0000220,2024-02-09,9:42:00,Credit,13749.92,Branch,Investment,64482.63,Failed
TXN00003169,ACC0000220,2024-05-28,8:29:00,Interest,8645.18,Online,Investment,73127.81,Completed
TXN00001743,ACC0000220,2024-07-04,20:46:00,Credit,2529.01,Online,Investment,73127.81,Pending
TXN00001909,ACC0000221,2022-05-13,17:04:00,ATM Withdrawal,208.66,ATM,Rent,26591.42,Completed
TXN00004216,ACC0000221,2022-06-08,13:42:00,Credit,10523.93,Mobile,Investment,26591.42,Pending
TXN00003518,ACC0000221,2022-10-16,8:49:00,Debit,4765.54,Online,Rent,26591.42,Pending
TXN00003674,ACC0000221,2022-12-01,18:20:00,Fee,3727.57,Mobile,Utility,26591.42,Pending
TXN00002382,ACC0000221,2022-12-24,17:00:00,ATM Withdrawal,3131.11,ATM,Purchase,26591.42,Failed
TXN00002318,ACC0000221,2023-04-04,16:58:00,Debit,7963.58,Online,Utility,26591.42,Failed
TXN00001217,ACC0000221,2024-06-27,11:32:00,Debit,13789.15,POS,Purchase,12802.27,Completed
TXN00002606,ACC0000221,2024-07-23,16:05:00,Interest,944.58,Online,Investment,13746.85,Completed
TXN00000562,ACC0000222,2022-05-08,22:16:00,Interest,14115.6,Branch,Investment,5349.33,Pending
TXN00001945,ACC0000222,2022-08-29,15:27:00,Credit,8066.78,Mobile,Salary,5349.33,Pending
TXN00000734,ACC0000222,2023-11-28,15:56:00,Credit,7346.43,Branch,Salary,5349.33,Failed
TXN00004002,ACC0000222,2024-04-06,10:15:00,Debit,4286.33,POS,Utility,1063.0,Completed
TXN00004824,ACC0000222,2024-04-15,19:33:00,ATM Withdrawal,741.14,ATM,Rent,1063.0,Pending
TXN00002997,ACC0000223,2022-12-17,16:02:00,Credit,5858.5,Online,Salary,7812.36,Failed
TXN00000056,ACC0000223,2023-05-20,17:45:00,Debit,14117.8,Online,Purchase,7812.36,Pending
TXN00004610,ACC0000223,2024-01-08,11:31:00,Credit,664.04,Branch,Investment,7812.36,Pending
TXN00004025,ACC0000223,2024-01-26,17:15:00,ATM Withdrawal,13463.03,ATM,Rent,7812.36,Failed
TXN00001972,ACC0000223,2024-06-23,22:18:00,Fee,10343.33,Online,Utility,7812.36,Failed
TXN00001816,ACC0000224,2022-08-14,14:27:00,Debit,7057.19,Mobile,Purchase,1108.96,Pending
TXN00000311,ACC0000224,2023-03-10,14:27:00,Transfer,10036.74,Branch,Rent,1108.96,Pending
TXN00004439,ACC0000224,2023-09-21,19:02:00,Fee,923.17,Online,Utility,1108.96,Failed
TXN00003270,ACC0000224,2024-05-28,14:05:00,Transfer,832.45,Branch,Investment,276.51,Completed
TXN00001294,ACC0000224,2024-12-08,18:53:00,Credit,1036.91,Mobile,Investment,276.51,Pending
TXN00000846,ACC0000225,2022-12-29,18:28:00,Debit,198.95,Online,Utility,16368.25,Completed
TXN00002378,ACC0000225,2023-01-18,18:08:00,Credit,9243.0,Branch,Investment,16368.25,Pending
TXN00001977,ACC0000225,2023-11-05,14:25:00,ATM Withdrawal,6460.21,ATM,Utility,16368.25,Failed
TXN00001186,ACC0000225,2024-01-16,12:13:00,ATM Withdrawal,8873.0,ATM,Utility,7495.25,Completed
TXN00004362,ACC0000225,2024-02-21,22:26:00,Credit,11090.78,Mobile,Salary,18586.03,Completed
TXN00003018,ACC0000225,2024-03-10,19:19:00,Fee,8276.25,Online,Utility,18586.03,Failed
TXN00004667,ACC0000225,2024-03-23,15:45:00,Fee,14275.14,Mobile,Utility,18586.03,Pending
TXN00002400,ACC0000225,2024-10-25,20:54:00,Transfer,11434.54,Wire Transfer,Investment,7151.49,Completed
TXN00003139,ACC0000226,2022-04-13,18:29:00,Credit,6474.79,Mobile,Refund,5272.86,Failed
TXN00003409,ACC0000226,2022-06-04,10:52:00,Credit,12459.02,Branch,Refund,17731.88,Completed
TXN00001946,ACC0000226,2022-06-04,21:38:00,Debit,1470.18,Mobile,Rent,16261.7,Completed
TXN00002899,ACC0000226,2022-08-06,12:26:00,Credit,9056.83,Online,Refund,25318.53,Completed
TXN00002100,ACC0000226,2022-10-31,11:38:00,Fee,10949.53,Mobile,Utility,14369.0,Completed
TXN00001009,ACC0000226,2023-03-13,18:20:00,Transfer,6097.4,Wire Transfer,Rent,8271.6,Completed
TXN00004396,ACC0000226,2023-04-23,11:57:00,Transfer,7344.91,Wire Transfer,Rent,926.69,Completed
TXN00002786,ACC0000226,2024-04-17,18:32:00,Transfer,6283.46,Mobile,Transfer,926.69,Pending
TXN00002779,ACC0000226,2024-07-23,11:10:00,Fee,7557.82,Online,Utility,926.69,Failed
TXN00003137,ACC0000227,2022-09-23,9:46:00,Fee,2801.36,Branch,Utility,41129.4,Pending
TXN00003755,ACC0000227,2022-10-22,22:11:00,Transfer,13631.67,Wire Transfer,Investment,41129.4,Pending
TXN00004054,ACC0000227,2023-04-29,10:06:00,Transfer,6440.38,Online,Transfer,41129.4,Failed
TXN00002602,ACC0000227,2023-09-21,15:40:00,Fee,5102.57,Online,Utility,41129.4,Pending
TXN00000698,ACC0000227,2023-10-26,11:08:00,ATM Withdrawal,1933.35,ATM,Rent,39196.05,Completed
TXN00003940,ACC0000227,2024-06-06,19:49:00,Credit,12909.63,Online,Salary,52105.68,Completed
TXN00001405,ACC0000227,2024-12-20,19:47:00,ATM Withdrawal,14705.68,ATM,Purchase,52105.68,Failed
TXN00001800,ACC0000228,2022-07-25,15:49:00,ATM Withdrawal,1884.1,ATM,Rent,3380.85,Failed
TXN00000332,ACC0000228,2023-04-03,14:59:00,Credit,2780.89,Mobile,Refund,3380.85,Pending
TXN00001392,ACC0000228,2023-08-31,9:43:00,Fee,2230.41,Online,Utility,1150.44,Completed
TXN00000973,ACC0000228,2023-09-20,14:55:00,Interest,14210.1,Branch,Investment,1150.44,Failed
TXN00000745,ACC0000228,2024-07-03,18:31:00,Interest,8464.79,Branch,Investment,1150.44,Pending
TXN00001224,ACC0000229,2022-05-09,21:19:00,Fee,10763.47,Online,Utility,14664.67,Failed
TXN00002309,ACC0000229,2022-06-07,12:19:00,Interest,5766.23,Online,Investment,20430.9,Completed
TXN00002238,ACC0000229,2023-04-10,21:05:00,Interest,908.64,Branch,Investment,21339.54,Completed
TXN00001420,ACC0000229,2023-09-16,20:02:00,ATM Withdrawal,7388.93,ATM,Utility,21339.54,Failed
TXN00003643,ACC0000229,2024-02-16,14:54:00,ATM Withdrawal,3058.96,ATM,Purchase,21339.54,Failed
TXN00004179,ACC0000229,2024-07-20,22:33:00,Credit,4392.37,Mobile,Salary,25731.91,Completed
TXN00000110,ACC0000229,2024-07-21,21:06:00,ATM Withdrawal,14266.46,ATM,Rent,25731.91,Pending
TXN00004035,ACC0000229,2024-10-09,16:57:00,Interest,13865.47,Online,Investment,25731.91,Failed
TXN00002171,ACC0000230,2022-03-06,18:46:00,Credit,12474.93,Online,Investment,63283.2,Completed
TXN00002044,ACC0000230,2022-03-25,10:10:00,Transfer,1944.95,Mobile,Investment,61338.25,Completed
TXN00003542,ACC0000230,2022-04-20,11:30:00,Transfer,13973.34,Mobile,Investment,61338.25,Failed
TXN00003794,ACC0000230,2022-06-11,12:16:00,Debit,10416.84,Online,Purchase,61338.25,Failed
TXN00001514,ACC0000230,2022-12-27,20:00:00,Fee,11474.37,Mobile,Utility,61338.25,Failed
TXN00003129,ACC0000230,2023-04-11,12:13:00,Interest,5220.62,Online,Investment,66558.87,Completed
TXN00004176,ACC0000230,2023-07-04,12:38:00,Interest,7891.69,Branch,Investment,66558.87,Failed
TXN00000556,ACC0000230,2023-10-15,18:22:00,Interest,12408.53,Online,Investment,78967.4,Completed
TXN00001631,ACC0000230,2024-02-28,19:59:00,Fee,4415.95,Branch,Utility,74551.45,Completed
TXN00003252,ACC0000231,2022-10-03,22:21:00,Fee,154.16,Mobile,Utility,7739.21,Pending
TXN00002381,ACC0000231,2022-10-07,9:53:00,Debit,3604.74,Mobile,Rent,4134.47,Completed
TXN00003266,ACC0000231,2023-11-17,11:33:00,Transfer,756.12,Wire Transfer,Rent,4134.47,Failed
TXN00003065,ACC0000231,2023-12-24,22:42:00,Interest,12666.67,Branch,Investment,4134.47,Pending
TXN00002511,ACC0000231,2024-01-23,22:42:00,ATM Withdrawal,459.62,ATM,Rent,4134.47,Pending
TXN00000235,ACC0000231,2024-06-04,11:38:00,Interest,6050.14,Online,Investment,4134.47,Failed
TXN00002107,ACC0000232,2022-10-04,22:42:00,Transfer,8907.11,Mobile,Investment,2939.29,Pending
TXN00004447,ACC0000232,2023-01-09,9:06:00,Interest,8118.19,Online,Investment,11057.48,Completed
TXN00000440,ACC0000232,2023-02-26,18:50:00,ATM Withdrawal,10656.37,ATM,Purchase,11057.48,Failed
TXN00001084,ACC0000232,2023-06-11,11:12:00,Debit,9030.35,Online,Rent,11057.48,Failed
TXN00001002,ACC0000232,2024-07-07,19:59:00,Credit,5046.21,Mobile,Refund,11057.48,Failed
TXN00000375,ACC0000232,2024-09-15,22:42:00,Credit,13591.66,Online,Refund,11057.48,Pending
TXN00004547,ACC0000232,2024-11-25,17:31:00,Interest,1668.72,Branch,Investment,11057.48,Pending
TXN00001556,ACC0000233,2023-01-14,16:23:00,ATM Withdrawal,719.11,ATM,Rent,60354.82,Failed
TXN00004733,ACC0000233,2023-06-29,22:21:00,Transfer,6520.56,Branch,Rent,53834.26,Completed
TXN00004726,ACC0000233,2023-07-22,10:40:00,Transfer,2700.77,Branch,Transfer,53834.26,Failed
TXN00003957,ACC0000233,2023-09-22,15:33:00,Credit,14141.44,Online,Investment,53834.26,Failed
TXN00001195,ACC0000233,2023-10-24,15:00:00,Credit,8678.91,Mobile,Investment,53834.26,Failed
TXN00002991,ACC0000233,2024-06-22,11:22:00,Transfer,13640.53,Mobile,Transfer,53834.26,Failed
TXN00003804,ACC0000234,2023-02-06,18:31:00,Transfer,8271.43,Mobile,Transfer,7015.75,Failed
TXN00004647,ACC0000234,2023-02-21,19:35:00,ATM Withdrawal,2979.1,ATM,Rent,7015.75,Pending
TXN00004242,ACC0000234,2023-04-15,8:05:00,Debit,4052.44,Online,Purchase,7015.75,Failed
TXN00002262,ACC0000234,2023-09-23,19:31:00,Debit,6436.19,Online,Utility,579.56,Completed
TXN00002677,ACC0000234,2023-10-08,9:49:00,Credit,2647.23,Online,Refund,579.56,Pending
TXN00004312,ACC0000234,2024-07-26,18:49:00,Transfer,9094.45,Wire Transfer,Investment,579.56,Pending
TXN00000657,ACC0000234,2024-08-22,13:28:00,ATM Withdrawal,459.18,ATM,Rent,120.38,Completed
TXN00004646,ACC0000234,2024-10-08,16:18:00,ATM Withdrawal,98.52,ATM,Rent,21.86,Completed
TXN00000715,ACC0000235,2023-02-15,16:29:00,Interest,9476.84,Online,Investment,36585.66,Completed
TXN00001813,ACC0000235,2023-02-23,17:27:00,ATM Withdrawal,9575.0,ATM,Purchase,36585.66,Failed
TXN00004528,ACC0000235,2023-04-04,22:44:00,Credit,6349.47,Branch,Salary,42935.13,Completed
TXN00000136,ACC0000235,2023-04-29,19:06:00,ATM Withdrawal,9457.45,ATM,Rent,33477.68,Completed
TXN00001257,ACC0000235,2023-09-12,21:48:00,ATM Withdrawal,8847.22,ATM,Utility,33477.68,Pending
TXN00001689,ACC0000235,2023-11-27,9:20:00,Interest,9117.23,Branch,Investment,42594.91,Completed
TXN00003694,ACC0000235,2024-06-18,8:37:00,Interest,14678.62,Branch,Investment,57273.53,Completed
TXN00001596,ACC0000235,2024-08-31,11:49:00,ATM Withdrawal,1370.18,ATM,Rent,55903.35,Completed
TXN00004029,ACC0000236,2022-01-20,9:23:00,Fee,10741.54,Mobile,Utility,7886.24,Failed
TXN00004613,ACC0000236,2022-02-22,20:35:00,Fee,10814.86,Branch,Utility,7886.24,Pending
TXN00003437,ACC0000236,2022-06-18,17:12:00,Interest,1086.31,Branch,Investment,7886.24,Failed
TXN00002605,ACC0000236,2022-06-20,16:34:00,ATM Withdrawal,13352.38,ATM,Purchase,7886.24,Failed
TXN00001397,ACC0000236,2022-10-30,9:33:00,Credit,2315.3,Online,Refund,7886.24,Pending
TXN00000702,ACC0000236,2023-01-30,15:11:00,Credit,13790.13,Branch,Investment,21676.37,Completed
TXN00003085,ACC0000236,2023-08-29,21:57:00,Fee,5600.71,Mobile,Utility,16075.66,Completed
TXN00002314,ACC0000236,2024-02-25,8:27:00,Fee,5228.19,Online,Utility,16075.66,Failed
TXN00002783,ACC0000236,2024-08-16,18:57:00,Transfer,4165.74,Mobile,Investment,11909.92,Completed
TXN00004305,ACC0000236,2024-10-01,20:26:00,Debit,10769.04,POS,Purchase,1140.88,Completed
TXN00001688,ACC0000237,2022-03-02,8:22:00,Credit,9339.14,Online,Refund,51530.48,Failed
TXN00000424,ACC0000237,2022-07-04,21:56:00,Fee,3940.77,Online,Utility,51530.48,Pending
TXN00003219,ACC0000237,2022-10-05,14:29:00,Credit,9529.55,Branch,Salary,51530.48,Failed
TXN00004036,ACC0000237,2023-03-19,15:01:00,Credit,14682.59,Mobile,Investment,66213.07,Completed
TXN00004006,ACC0000237,2023-05-24,13:40:00,Fee,14384.91,Online,Utility,66213.07,Pending
TXN00003708,ACC0000237,2023-07-27,19:16:00,ATM Withdrawal,8500.26,ATM,Purchase,66213.07,Failed
TXN00002224,ACC0000237,2023-11-10,8:32:00,Interest,8720.97,Online,Investment,66213.07,Pending
TXN00001671,ACC0000237,2024-01-27,17:31:00,Transfer,10934.66,Mobile,Investment,66213.07,Pending
TXN00004169,ACC0000237,2024-06-15,12:54:00,Fee,14023.18,Branch,Utility,66213.07,Failed
TXN00003613,ACC0000238,2022-01-11,15:15:00,Transfer,7336.83,Mobile,Rent,23637.57,Failed
TXN00004366,ACC0000238,2022-09-22,9:45:00,ATM Withdrawal,9498.41,ATM,Purchase,23637.57,Pending
TXN00003269,ACC0000238,2022-11-16,13:49:00,Credit,9950.45,Online,Investment,23637.57,Failed
TXN00000826,ACC0000238,2022-12-19,13:39:00,Credit,6093.08,Mobile,Investment,23637.57,Failed
TXN00004694,ACC0000238,2023-10-30,11:24:00,ATM Withdrawal,14838.36,ATM,Utility,23637.57,Failed
TXN00000198,ACC0000238,2023-11-23,17:04:00,Transfer,810.32,Branch,Investment,23637.57,Pending
TXN00002315,ACC0000238,2024-03-07,21:03:00,Interest,5799.3,Branch,Investment,23637.57,Failed
TXN00001395,ACC0000239,2022-10-02,16:18:00,Credit,13958.24,Online,Investment,12506.81,Pending
TXN00001588,ACC0000239,2023-05-15,19:44:00,ATM Withdrawal,9029.63,ATM,Purchase,3477.18,Completed
TXN00003938,ACC0000239,2023-07-22,11:06:00,Transfer,2464.29,Online,Investment,1012.89,Completed
TXN00001932,ACC0000239,2023-07-24,10:10:00,Interest,10228.36,Branch,Investment,1012.89,Pending
TXN00004719,ACC0000239,2023-11-10,21:36:00,Fee,728.32,Online,Utility,1012.89,Pending
TXN00003403,ACC0000239,2023-11-28,17:12:00,Interest,6561.76,Online,Investment,1012.89,Pending
TXN00002475,ACC0000240,2022-01-21,13:31:00,ATM Withdrawal,12030.02,ATM,Rent,3120.5,Failed
TXN00001622,ACC0000240,2022-04-14,11:16:00,Transfer,11148.38,Online,Investment,3120.5,Failed
TXN00002522,ACC0000240,2022-04-18,20:21:00,ATM Withdrawal,2571.39,ATM,Purchase,549.11,Completed
TXN00002486,ACC0000240,2022-12-08,18:52:00,Credit,6091.85,Online,Investment,6640.96,Completed
TXN00004023,ACC0000240,2024-03-21,16:29:00,ATM Withdrawal,3012.88,ATM,Utility,6640.96,Pending
TXN00003180,ACC0000240,2024-06-04,11:20:00,Fee,12498.48,Online,Utility,6640.96,Pending
TXN00000757,ACC0000240,2024-10-16,18:48:00,Credit,11784.04,Branch,Salary,18425.0,Completed
TXN00004259,ACC0000240,2024-10-25,20:52:00,Credit,5540.06,Online,Refund,23965.06,Completed
TXN00002019,ACC0000241,2020-01-11,16:16:00,Fee,420.29,Online,Utility,5083.43,Failed
TXN00002386,ACC0000241,2020-05-24,13:49:00,Debit,7619.46,POS,Utility,5083.43,Pending
TXN00004082,ACC0000241,2021-05-14,11:14:00,Debit,3398.2,Online,Purchase,1685.23,Completed
TXN00003307,ACC0000241,2021-12-05,9:04:00,Interest,14157.43,Branch,Investment,1685.23,Pending
TXN00003830,ACC0000241,2022-01-09,15:07:00,Transfer,14094.34,Mobile,Transfer,1685.23,Pending
TXN00002104,ACC0000241,2022-04-19,11:46:00,Debit,1131.78,POS,Rent,553.45,Completed
TXN00004655,ACC0000241,2022-05-27,15:44:00,Credit,10993.64,Branch,Salary,11547.09,Completed
TXN00002205,ACC0000241,2022-05-27,8:10:00,ATM Withdrawal,12538.6,ATM,Utility,553.45,Pending
TXN00002960,ACC0000241,2022-08-12,20:00:00,Interest,11662.34,Branch,Investment,11547.09,Failed
TXN00001103,ACC0000241,2022-11-11,8:50:00,Fee,6633.9,Online,Utility,11547.09,Pending
TXN00004175,ACC0000242,2022-05-16,17:56:00,Interest,487.55,Branch,Investment,7057.36,Pending
TXN00003467,ACC0000242,2022-11-19,18:47:00,Debit,5094.07,POS,Purchase,7057.36,Failed
TXN00001497,ACC0000242,2022-12-09,13:01:00,ATM Withdrawal,12910.91,ATM,Utility,7057.36,Pending
TXN00001246,ACC0000242,2023-01-23,16:54:00,ATM Withdrawal,8838.88,ATM,Rent,7057.36,Failed
TXN00002287,ACC0000242,2023-07-20,21:36:00,Interest,5400.66,Online,Investment,7057.36,Failed
TXN00000296,ACC0000242,2023-09-29,13:17:00,Credit,3704.36,Online,Salary,7057.36,Pending
TXN00004303,ACC0000242,2024-05-07,10:59:00,Credit,1883.38,Branch,Investment,7057.36,Pending
TXN00002576,ACC0000242,2024-06-10,15:32:00,Credit,1128.28,Online,Salary,7057.36,Failed
TXN00001890,ACC0000242,2024-12-14,12:56:00,Transfer,6419.65,Wire Transfer,Transfer,7057.36,Failed
TXN00002447,ACC0000243,2024-05-15,12:33:00,Interest,520.37,Online,Investment,8922.47,Completed
TXN00004048,ACC0000243,2024-06-12,21:51:00,Fee,6963.97,Online,Utility,8922.47,Pending
TXN00004630,ACC0000243,2024-07-29,9:14:00,Interest,4317.91,Online,Investment,8922.47,Failed
TXN00004137,ACC0000243,2024-09-06,8:10:00,Interest,1166.52,Online,Investment,8922.47,Failed
TXN00001697,ACC0000243,2024-10-16,18:07:00,Transfer,12727.27,Online,Rent,8922.47,Failed
TXN00004622,ACC0000243,2024-12-04,10:17:00,ATM Withdrawal,6134.23,ATM,Utility,2788.24,Completed
TXN00004136,ACC0000244,2022-04-01,22:26:00,Debit,6654.91,Mobile,Utility,17660.8,Completed
TXN00000241,ACC0000244,2022-06-30,8:45:00,Transfer,4867.06,Wire Transfer,Rent,12793.74,Completed
TXN00003743,ACC0000244,2022-08-04,8:06:00,Transfer,1029.4,Online,Rent,12793.74,Failed
TXN00000433,ACC0000244,2022-09-03,22:39:00,Fee,1222.49,Online,Utility,11571.25,Completed
TXN00000892,ACC0000244,2022-10-20,8:33:00,Transfer,7400.79,Mobile,Transfer,11571.25,Pending
TXN00003480,ACC0000244,2023-01-24,17:01:00,Transfer,994.16,Wire Transfer,Transfer,11571.25,Failed
TXN00000282,ACC0000244,2023-03-05,12:03:00,Interest,11285.72,Branch,Investment,11571.25,Failed
TXN00003474,ACC0000244,2023-06-24,14:43:00,Credit,9668.65,Mobile,Salary,11571.25,Pending
TXN00003158,ACC0000244,2024-04-03,15:31:00,Interest,11109.34,Online,Investment,11571.25,Failed
TXN00002017,ACC0000245,2021-11-20,18:22:00,Debit,9315.51,POS,Utility,6288.71,Pending
TXN00004810,ACC0000245,2021-12-21,13:09:00,ATM Withdrawal,1099.16,ATM,Rent,6288.71,Failed
TXN00000446,ACC0000245,2022-03-18,9:23:00,ATM Withdrawal,5283.61,ATM,Purchase,6288.71,Pending
TXN00001908,ACC0000245,2022-03-27,21:56:00,Transfer,13609.15,Mobile,Investment,6288.71,Failed
TXN00004187,ACC0000245,2022-04-10,10:13:00,Fee,1089.97,Branch,Utility,6288.71,Failed
TXN00000954,ACC0000245,2022-05-17,9:41:00,ATM Withdrawal,2228.98,ATM,Utility,6288.71,Pending
TXN00001686,ACC0000245,2022-06-05,16:35:00,ATM Withdrawal,2768.85,ATM,Utility,3519.86,Completed
TXN00002284,ACC0000246,2022-03-01,11:13:00,ATM Withdrawal,7435.93,ATM,Purchase,0.0,Completed
TXN00000309,ACC0000246,2022-04-30,10:50:00,Fee,322.79,Online,Utility,0.0,Pending
TXN00001625,ACC0000246,2023-04-18,17:41:00,Transfer,5079.81,Wire Transfer,Transfer,0.0,Pending
TXN00001132,ACC0000246,2024-03-13,15:48:00,Fee,7780.63,Online,Utility,0.0,Failed
TXN00003353,ACC0000246,2024-03-15,15:13:00,Interest,9322.75,Branch,Investment,9322.75,Completed
TXN00000858,ACC0000246,2024-04-09,18:31:00,Interest,6762.71,Online,Investment,9322.75,Failed
TXN00004047,ACC0000246,2024-08-28,13:20:00,Transfer,7331.16,Branch,Transfer,1991.59,Completed
TXN00000877,ACC0000246,2024-09-11,18:55:00,Interest,5390.5,Online,Investment,7382.09,Completed
TXN00003801,ACC0000247,2022-10-20,21:55:00,Debit,11559.93,Online,Utility,42500.23,Failed
TXN00001726,ACC0000247,2022-12-27,16:57:00,Debit,10056.89,POS,Purchase,42500.23,Pending
TXN00001848,ACC0000247,2024-01-18,12:46:00,Interest,13633.81,Branch,Investment,42500.23,Failed
TXN00003204,ACC0000247,2024-02-19,8:59:00,Interest,1594.03,Online,Investment,42500.23,Failed
TXN00003227,ACC0000247,2024-05-16,8:58:00,ATM Withdrawal,1373.23,ATM,Utility,42500.23,Failed
TXN00000074,ACC0000247,2024-08-20,11:42:00,Transfer,733.58,Online,Rent,41766.65,Completed
TXN00003890,ACC0000248,2022-01-31,12:07:00,ATM Withdrawal,12581.09,ATM,Utility,16773.66,Pending
TXN00002952,ACC0000248,2022-02-12,8:30:00,Debit,9378.44,POS,Rent,7395.22,Completed
TXN00003640,ACC0000248,2022-03-08,14:20:00,Fee,14472.67,Mobile,Utility,7395.22,Failed
TXN00001614,ACC0000248,2022-05-15,19:22:00,Credit,5749.38,Branch,Refund,7395.22,Failed
TXN00004005,ACC0000248,2023-05-29,18:47:00,Fee,7273.95,Branch,Utility,7395.22,Failed
TXN00003815,ACC0000248,2023-07-06,9:07:00,ATM Withdrawal,161.15,ATM,Rent,7395.22,Pending
TXN00003693,ACC0000248,2023-07-28,20:25:00,ATM Withdrawal,13558.75,ATM,Purchase,7395.22,Failed
TXN00004995,ACC0000248,2023-10-01,12:26:00,Interest,5658.47,Branch,Investment,13053.69,Completed
TXN00004135,ACC0000248,2023-10-10,15:14:00,Transfer,8291.02,Mobile,Rent,4762.67,Completed
TXN00000921,ACC0000248,2024-03-29,10:01:00,Debit,5668.05,Mobile,Purchase,4762.67,Failed
TXN00003487,ACC0000248,2024-11-07,10:11:00,Debit,730.05,Mobile,Purchase,4032.62,Completed
TXN00003519,ACC0000248,2024-12-25,19:32:00,Interest,6589.56,Online,Investment,4032.62,Pending
TXN00002829,ACC0000249,2023-02-12,9:16:00,Fee,3997.95,Branch,Utility,1350.69,Failed
TXN00004241,ACC0000249,2023-03-11,13:22:00,Credit,5600.57,Mobile,Investment,1350.69,Failed
TXN00002713,ACC0000249,2023-05-25,11:32:00,Credit,7689.31,Branch,Investment,1350.69,Pending
TXN00000939,ACC0000249,2024-03-20,22:48:00,Debit,3561.54,Mobile,Rent,1350.69,Pending
TXN00002516,ACC0000249,2024-08-09,8:12:00,Debit,679.09,POS,Utility,1350.69,Pending
TXN00000267,ACC0000249,2024-10-26,22:10:00,Debit,559.16,POS,Purchase,791.53,Completed
TXN00000498,ACC0000249,2024-11-24,18:12:00,Fee,363.58,Branch,Utility,427.95,Completed
TXN00004974,ACC0000250,2022-02-27,16:46:00,ATM Withdrawal,1449.88,ATM,Utility,21872.38,Pending
TXN00004217,ACC0000250,2022-08-29,8:01:00,Fee,6148.61,Mobile,Utility,15723.77,Completed
TXN00001692,ACC0000250,2023-12-31,15:39:00,Fee,8911.4,Mobile,Utility,15723.77,Failed
TXN00002782,ACC0000250,2024-04-09,12:09:00,ATM Withdrawal,11375.45,ATM,Purchase,4348.32,Completed
TXN00003616,ACC0000250,2024-07-02,12:49:00,Interest,10268.66,Online,Investment,14616.98,Completed
TXN00002436,ACC0000250,2024-10-30,18:23:00,Fee,1168.37,Mobile,Utility,14616.98,Pending
TXN00003240,ACC0000250,2024-11-29,12:43:00,Interest,11668.74,Branch,Investment,26285.72,Completed
TXN00002414,ACC0000251,2022-02-10,11:17:00,ATM Withdrawal,4578.53,ATM,Utility,12128.63,Failed
TXN00002671,ACC0000251,2022-07-08,15:04:00,Fee,1817.36,Branch,Utility,12128.63,Failed
TXN00001650,ACC0000251,2023-04-29,22:07:00,Credit,11429.39,Online,Refund,23558.02,Completed
TXN00002870,ACC0000251,2023-10-21,20:19:00,ATM Withdrawal,12267.84,ATM,Purchase,23558.02,Pending
TXN00003822,ACC0000252,2022-08-27,8:55:00,Debit,14801.61,POS,Purchase,6031.32,Pending
TXN00002096,ACC0000252,2023-01-26,14:51:00,Transfer,2516.79,Mobile,Rent,3514.53,Completed
TXN00000113,ACC0000252,2023-03-07,9:50:00,Debit,12630.71,Mobile,Purchase,3514.53,Pending
TXN00000867,ACC0000252,2024-05-08,9:39:00,Credit,5942.2,Mobile,Refund,3514.53,Pending
TXN00002077,ACC0000252,2024-06-13,12:05:00,ATM Withdrawal,3549.6,ATM,Utility,3514.53,Pending
TXN00003605,ACC0000253,2022-08-11,16:58:00,Debit,12941.89,Mobile,Utility,58212.51,Pending
TXN00004604,ACC0000253,2023-04-07,22:30:00,Credit,13609.81,Mobile,Investment,71822.32,Completed
TXN00000408,ACC0000253,2023-08-29,8:06:00,Debit,9389.85,Online,Purchase,71822.32,Pending
TXN00003318,ACC0000253,2023-11-27,14:51:00,Credit,6630.81,Branch,Salary,71822.32,Pending
TXN00002122,ACC0000253,2023-11-29,19:29:00,Debit,255.64,Mobile,Rent,71822.32,Failed
TXN00004725,ACC0000254,2022-02-06,13:44:00,Transfer,2247.48,Online,Rent,36173.63,Completed
TXN00001841,ACC0000254,2022-02-21,13:07:00,ATM Withdrawal,9613.27,ATM,Purchase,26560.36,Completed
TXN00003177,ACC0000254,2022-04-26,16:33:00,ATM Withdrawal,5856.53,ATM,Utility,26560.36,Pending
TXN00004571,ACC0000254,2022-12-24,12:59:00,Debit,5527.02,Mobile,Purchase,26560.36,Pending
TXN00004419,ACC0000254,2023-02-20,19:48:00,ATM Withdrawal,11567.09,ATM,Utility,26560.36,Failed
TXN00000528,ACC0000254,2023-04-24,14:47:00,Interest,3056.14,Branch,Investment,29616.5,Completed
TXN00004589,ACC0000254,2023-06-30,14:19:00,Fee,12679.3,Mobile,Utility,29616.5,Failed
TXN00002424,ACC0000254,2023-11-01,22:08:00,Transfer,6870.24,Mobile,Investment,22746.26,Completed
TXN00001197,ACC0000255,2022-10-26,12:44:00,Debit,2986.56,Mobile,Purchase,12523.79,Completed
TXN00004279,ACC0000255,2024-01-02,11:17:00,ATM Withdrawal,9819.9,ATM,Utility,2703.89,Completed
TXN00002082,ACC0000256,2022-03-21,11:56:00,ATM Withdrawal,8699.16,ATM,Rent,33119.08,Pending
TXN00002396,ACC0000256,2022-08-17,18:54:00,Debit,10599.98,Online,Purchase,33119.08,Failed
TXN00000754,ACC0000256,2023-01-04,15:10:00,Debit,7899.97,Online,Rent,33119.08,Pending
TXN00003319,ACC0000256,2023-01-05,12:39:00,Fee,245.7,Branch,Utility,32873.38,Completed
TXN00002740,ACC0000256,2023-01-18,11:33:00,Interest,7157.31,Online,Investment,40030.69,Completed
TXN00002270,ACC0000256,2023-03-30,14:01:00,Debit,10853.39,POS,Rent,40030.69,Failed
TXN00004444,ACC0000256,2023-06-28,20:11:00,Interest,3077.58,Online,Investment,43108.27,Completed
TXN00000033,ACC0000257,2022-01-04,13:32:00,Credit,2865.34,Branch,Salary,6659.01,Pending
TXN00002962,ACC0000257,2022-04-26,15:15:00,Fee,8658.16,Branch,Utility,6659.01,Pending
TXN00000844,ACC0000257,2022-11-03,8:30:00,Debit,2900.93,Mobile,Purchase,3758.08,Completed
TXN00002868,ACC0000257,2023-07-06,13:33:00,Debit,2818.66,Mobile,Purchase,939.42,Completed
TXN00003766,ACC0000257,2024-01-30,13:26:00,Transfer,6824.22,Branch,Rent,939.42,Pending
TXN00003771,ACC0000257,2024-05-03,15:08:00,Transfer,538.19,Branch,Rent,401.23,Completed
TXN00000910,ACC0000257,2024-07-31,9:50:00,Debit,272.72,POS,Utility,128.51,Completed
TXN00000586,ACC0000257,2024-10-14,18:26:00,Credit,4175.26,Online,Refund,128.51,Pending
TXN00001676,ACC0000258,2022-12-10,11:27:00,ATM Withdrawal,2669.07,ATM,Utility,15634.75,Completed
TXN00002299,ACC0000258,2022-12-28,11:27:00,Interest,8772.55,Online,Investment,24407.3,Completed
TXN00000611,ACC0000258,2023-05-20,15:42:00,Credit,9949.54,Branch,Salary,24407.3,Failed
TXN00004184,ACC0000258,2023-08-29,16:15:00,ATM Withdrawal,4270.21,ATM,Rent,20137.09,Completed
TXN00002337,ACC0000258,2023-12-03,13:36:00,ATM Withdrawal,6836.67,ATM,Purchase,20137.09,Pending
TXN00001566,ACC0000259,2022-03-22,18:00:00,Transfer,8462.46,Wire Transfer,Transfer,7636.75,Failed
TXN00004391,ACC0000259,2022-04-05,20:06:00,Credit,2544.24,Mobile,Salary,7636.75,Pending
TXN00000020,ACC0000259,2022-07-10,17:30:00,Fee,6849.25,Mobile,Utility,7636.75,Failed
TXN00000400,ACC0000259,2022-08-27,14:08:00,Transfer,14151.82,Branch,Transfer,7636.75,Failed
TXN00003222,ACC0000259,2023-04-25,13:07:00,Credit,9741.83,Mobile,Investment,17378.58,Completed
TXN00003458,ACC0000259,2023-09-03,10:00:00,Interest,5838.25,Branch,Investment,17378.58,Pending
TXN00001980,ACC0000259,2023-11-24,12:46:00,Transfer,5073.7,Wire Transfer,Rent,17378.58,Failed
TXN00002454,ACC0000259,2024-04-29,16:04:00,Transfer,3557.92,Online,Rent,17378.58,Failed
TXN00003782,ACC0000259,2024-06-29,9:59:00,Interest,13949.81,Online,Investment,17378.58,Pending
TXN00001969,ACC0000259,2024-07-30,11:47:00,ATM Withdrawal,1238.43,ATM,Utility,17378.58,Failed
TXN00000925,ACC0000259,2024-09-14,10:25:00,Interest,7352.37,Online,Investment,24730.95,Completed
TXN00000649,ACC0000259,2024-10-09,17:48:00,Interest,8533.51,Branch,Investment,24730.95,Pending
TXN00000047,ACC0000260,2022-02-21,9:38:00,Credit,5576.92,Branch,Investment,13359.82,Completed
TXN00002438,ACC0000260,2023-09-05,18:53:00,Interest,885.75,Branch,Investment,14245.57,Completed
TXN00002084,ACC0000260,2023-11-13,12:08:00,Interest,12947.91,Online,Investment,14245.57,Pending
TXN00000793,ACC0000260,2024-01-01,22:20:00,Credit,7938.95,Branch,Investment,14245.57,Failed
TXN00003888,ACC0000261,2022-01-09,15:50:00,ATM Withdrawal,11250.32,ATM,Rent,19336.68,Completed
TXN00004580,ACC0000261,2023-10-04,16:15:00,ATM Withdrawal,8728.2,ATM,Rent,10608.48,Completed
TXN00004057,ACC0000261,2024-04-12,19:47:00,Credit,467.05,Online,Salary,10608.48,Pending
TXN00002685,ACC0000261,2024-08-06,18:44:00,Fee,14772.95,Mobile,Utility,10608.48,Failed
TXN00003739,ACC0000261,2024-12-29,22:13:00,Credit,10041.5,Branch,Refund,10608.48,Failed
TXN00002430,ACC0000262,2022-03-24,11:06:00,ATM Withdrawal,11862.69,ATM,Utility,0.0,Completed
TXN00001619,ACC0000262,2023-06-03,16:59:00,Debit,9130.23,POS,Utility,0.0,Pending
TXN00004111,ACC0000262,2024-01-11,8:19:00,Fee,2842.81,Mobile,Utility,0.0,Failed
TXN00004745,ACC0000263,2023-08-28,20:26:00,Transfer,8804.41,Online,Transfer,17969.19,Completed
TXN00001999,ACC0000263,2024-01-11,10:48:00,Debit,5597.81,Mobile,Utility,17969.19,Pending
TXN00000486,ACC0000263,2024-02-10,12:43:00,Interest,563.38,Online,Investment,17969.19,Failed
TXN00002469,ACC0000263,2024-02-15,9:54:00,Debit,2540.41,Mobile,Rent,15428.78,Completed
TXN00000940,ACC0000263,2024-03-30,19:52:00,Fee,4811.1,Online,Utility,10617.68,Completed
TXN00004967,ACC0000263,2024-04-28,9:57:00,ATM Withdrawal,9547.01,ATM,Rent,1070.67,Completed
TXN00000082,ACC0000263,2024-05-01,15:42:00,Interest,13386.6,Online,Investment,1070.67,Pending
TXN00001271,ACC0000263,2024-05-09,12:23:00,Transfer,575.07,Branch,Investment,495.6,Completed
TXN00001771,ACC0000263,2024-07-07,17:23:00,Interest,13632.0,Branch,Investment,495.6,Failed
TXN00004350,ACC0000263,2024-11-27,14:09:00,Debit,10209.86,Mobile,Purchase,495.6,Pending
TXN00004567,ACC0000264,2022-08-26,13:04:00,Transfer,12108.77,Mobile,Investment,55809.46,Failed
TXN00000167,ACC0000264,2022-09-29,22:30:00,Transfer,10243.83,Mobile,Investment,45565.63,Completed
TXN00000758,ACC0000264,2023-04-13,18:46:00,Fee,7934.89,Mobile,Utility,45565.63,Failed
TXN00000727,ACC0000264,2024-03-05,22:32:00,Transfer,14937.94,Wire Transfer,Investment,45565.63,Pending
TXN00004290,ACC0000264,2024-05-22,14:50:00,Interest,14701.73,Branch,Investment,45565.63,Failed
TXN00000341,ACC0000264,2024-07-03,12:10:00,Fee,4692.17,Branch,Utility,45565.63,Failed
TXN00001892,ACC0000265,2022-11-09,17:00:00,ATM Withdrawal,609.21,ATM,Purchase,33360.18,Failed
TXN00001135,ACC0000265,2023-02-04,15:47:00,ATM Withdrawal,8590.17,ATM,Utility,24770.01,Completed
TXN00002919,ACC0000265,2023-07-28,10:36:00,ATM Withdrawal,3487.21,ATM,Rent,24770.01,Failed
TXN00001481,ACC0000265,2024-03-13,13:26:00,Credit,8225.12,Online,Investment,24770.01,Pending
TXN00004277,ACC0000265,2024-08-11,19:40:00,Debit,14606.55,Mobile,Utility,24770.01,Failed
TXN00003673,ACC0000265,2024-12-24,14:42:00,Fee,11274.28,Branch,Utility,13495.73,Completed
TXN00000046,ACC0000266,2023-09-30,21:00:00,Credit,10762.09,Mobile,Salary,53602.77,Completed
TXN00000006,ACC0000266,2023-11-05,16:20:00,Interest,4354.3,Branch,Investment,53602.77,Pending
TXN00000335,ACC0000266,2023-12-23,19:51:00,Transfer,11486.77,Online,Rent,53602.77,Failed
TXN00003591,ACC0000266,2024-03-10,16:42:00,Transfer,9685.34,Branch,Rent,43917.43,Completed
TXN00000441,ACC0000266,2024-03-15,11:33:00,Interest,1642.02,Online,Investment,43917.43,Failed
TXN00002468,ACC0000266,2024-04-25,10:09:00,Interest,3445.87,Branch,Investment,43917.43,Failed
TXN00001911,ACC0000266,2024-11-14,16:05:00,ATM Withdrawal,5153.8,ATM,Utility,43917.43,Pending
TXN00000233,ACC0000266,2024-11-28,12:09:00,ATM Withdrawal,2197.75,ATM,Purchase,43917.43,Pending
TXN00002397,ACC0000266,2024-11-30,11:16:00,ATM Withdrawal,88.05,ATM,Purchase,43829.38,Completed
TXN00004386,ACC0000266,2024-12-14,10:32:00,Interest,6976.61,Online,Investment,50805.99,Completed
TXN00002766,ACC0000267,2024-01-06,11:50:00,Interest,4910.64,Branch,Investment,15576.1,Failed
TXN00004814,ACC0000267,2024-03-07,14:52:00,Credit,10742.67,Online,Refund,15576.1,Failed
TXN00003086,ACC0000267,2024-06-21,17:22:00,Interest,10463.91,Online,Investment,15576.1,Failed
TXN00001683,ACC0000267,2024-08-14,12:21:00,Fee,6448.19,Mobile,Utility,15576.1,Pending
TXN00001981,ACC0000267,2024-09-15,17:01:00,Debit,5523.76,Online,Rent,15576.1,Failed
TXN00001983,ACC0000268,2022-08-28,12:01:00,Fee,9975.25,Online,Utility,57584.93,Pending
TXN00001663,ACC0000268,2023-06-22,21:33:00,Transfer,7585.9,Mobile,Transfer,57584.93,Failed
TXN00000425,ACC0000268,2024-02-05,22:01:00,ATM Withdrawal,13110.51,ATM,Utility,44474.42,Completed
TXN00004802,ACC0000268,2024-03-01,11:21:00,Interest,1415.27,Online,Investment,45889.69,Completed
TXN00000540,ACC0000268,2024-03-06,11:18:00,Fee,2840.55,Branch,Utility,45889.69,Pending
TXN00003882,ACC0000268,2024-05-05,10:04:00,Transfer,4657.73,Online,Investment,45889.69,Failed
TXN00004772,ACC0000268,2024-07-28,16:19:00,Debit,2134.48,POS,Utility,45889.69,Failed
TXN00002391,ACC0000268,2024-10-20,19:30:00,Transfer,3847.49,Branch,Investment,45889.69,Failed
TXN00002924,ACC0000268,2024-11-24,18:32:00,Credit,4144.22,Branch,Investment,45889.69,Pending
TXN00000780,ACC0000269,2022-07-08,19:54:00,Transfer,12972.44,Online,Rent,27093.7,Pending
TXN00004297,ACC0000269,2022-07-28,19:12:00,Transfer,13499.76,Wire Transfer,Investment,13593.94,Completed
TXN00002259,ACC0000269,2023-03-19,17:40:00,Transfer,11483.7,Wire Transfer,Investment,2110.24,Completed
TXN00004671,ACC0000269,2023-04-17,12:56:00,Debit,1320.4,Online,Purchase,789.84,Completed
TXN00004453,ACC0000269,2023-07-24,20:16:00,Transfer,5317.11,Branch,Investment,789.84,Pending
TXN00001782,ACC0000270,2023-02-19,18:20:00,Fee,2688.72,Mobile,Utility,31751.88,Pending
TXN00002861,ACC0000270,2023-06-08,10:03:00,Interest,6031.29,Branch,Investment,31751.88,Failed
TXN00001233,ACC0000270,2023-07-04,11:57:00,Fee,11252.12,Online,Utility,31751.88,Failed
TXN00001721,ACC0000270,2023-08-24,16:30:00,Interest,13465.65,Branch,Investment,31751.88,Failed
TXN00000251,ACC0000270,2023-08-31,11:16:00,Credit,1157.9,Online,Investment,31751.88,Failed
TXN00001952,ACC0000270,2024-11-13,9:45:00,Debit,2975.25,POS,Purchase,31751.88,Failed
TXN00002852,ACC0000270,2024-11-30,15:18:00,Interest,4324.53,Branch,Investment,31751.88,Pending
TXN00002944,ACC0000271,2022-03-18,12:55:00,Fee,10077.01,Mobile,Utility,40267.94,Failed
TXN00001654,ACC0000271,2022-10-25,16:52:00,Credit,6909.89,Branch,Investment,47177.83,Completed
TXN00004526,ACC0000271,2024-06-28,14:25:00,Fee,6488.72,Branch,Utility,47177.83,Pending
TXN00003959,ACC0000271,2024-09-25,12:38:00,Transfer,2391.51,Wire Transfer,Rent,47177.83,Failed
TXN00001019,ACC0000271,2024-10-26,22:14:00,Transfer,5493.25,Online,Investment,47177.83,Failed
TXN00004515,ACC0000271,2024-12-26,18:13:00,Fee,5445.66,Online,Utility,47177.83,Failed
TXN00004227,ACC0000272,2022-07-02,10:44:00,Transfer,8281.05,Mobile,Rent,20150.49,Pending
TXN00004098,ACC0000272,2023-03-14,11:34:00,Credit,5194.53,Mobile,Investment,25345.02,Completed
TXN00003764,ACC0000272,2023-08-23,18:05:00,Debit,14496.03,Mobile,Rent,25345.02,Pending
TXN00000818,ACC0000272,2023-10-02,10:57:00,Credit,10325.13,Mobile,Investment,25345.02,Failed
TXN00001586,ACC0000272,2023-12-15,13:17:00,Credit,13731.18,Mobile,Salary,25345.02,Pending
TXN00002651,ACC0000272,2024-01-09,11:19:00,Fee,1928.0,Branch,Utility,23417.02,Completed
TXN00004442,ACC0000272,2024-01-21,15:54:00,Debit,2670.35,Mobile,Purchase,20746.67,Completed
TXN00003103,ACC0000272,2024-10-13,14:09:00,Interest,2088.05,Branch,Investment,22834.72,Completed
TXN00002939,ACC0000273,2022-01-31,14:50:00,ATM Withdrawal,12253.54,ATM,Utility,45287.46,Pending
TXN00002827,ACC0000273,2022-03-09,20:52:00,Transfer,9706.11,Online,Rent,45287.46,Pending
TXN00001099,ACC0000273,2022-04-05,21:52:00,Debit,3415.47,POS,Purchase,45287.46,Pending
TXN00002715,ACC0000273,2022-07-22,12:11:00,Debit,3196.2,Online,Purchase,42091.26,Completed
TXN00004896,ACC0000273,2022-08-05,18:39:00,Credit,10469.04,Branch,Refund,42091.26,Failed
TXN00000828,ACC0000273,2023-09-24,20:01:00,Transfer,2423.66,Wire Transfer,Rent,42091.26,Failed
TXN00002427,ACC0000273,2023-10-30,22:24:00,Debit,4817.72,Online,Rent,42091.26,Failed
TXN00000853,ACC0000273,2024-06-16,17:24:00,Debit,14235.52,Online,Rent,42091.26,Failed
TXN00002457,ACC0000273,2024-11-03,17:52:00,ATM Withdrawal,4540.51,ATM,Utility,42091.26,Failed
TXN00001162,ACC0000274,2022-07-30,21:34:00,Transfer,324.42,Wire Transfer,Transfer,4523.13,Failed
TXN00000865,ACC0000274,2023-03-18,9:21:00,Debit,7827.4,Online,Rent,4523.13,Pending
TXN00004917,ACC0000274,2023-06-04,20:40:00,Transfer,13645.58,Mobile,Rent,4523.13,Failed
TXN00000416,ACC0000274,2024-07-15,17:47:00,ATM Withdrawal,7446.88,ATM,Rent,4523.13,Pending
TXN00004390,ACC0000274,2024-07-15,8:14:00,Fee,4730.0,Online,Utility,4523.13,Pending
TXN00004980,ACC0000275,2022-02-12,12:14:00,Debit,805.55,Mobile,Utility,45560.64,Pending
TXN00001976,ACC0000275,2022-05-05,8:47:00,Interest,12608.39,Branch,Investment,58169.03,Completed
TXN00001277,ACC0000275,2022-05-27,10:03:00,Credit,8217.79,Online,Investment,66386.82,Completed
TXN00003067,ACC0000275,2022-10-16,13:35:00,Fee,122.91,Online,Utility,66386.82,Pending
TXN00003860,ACC0000275,2022-11-29,11:18:00,ATM Withdrawal,1295.13,ATM,Rent,66386.82,Pending
TXN00001591,ACC0000275,2022-12-14,16:03:00,Interest,13137.8,Online,Investment,66386.82,Pending
TXN00001242,ACC0000275,2023-01-21,20:46:00,ATM Withdrawal,1849.82,ATM,Purchase,66386.82,Pending
TXN00000709,ACC0000275,2023-02-16,19:10:00,Interest,8082.62,Online,Investment,66386.82,Pending
TXN00004703,ACC0000275,2023-05-16,14:42:00,Debit,1104.57,POS,Rent,66386.82,Pending
TXN00000644,ACC0000275,2023-07-20,20:21:00,Credit,1702.46,Mobile,Investment,68089.28,Completed
TXN00004686,ACC0000275,2023-08-06,19:21:00,Interest,8134.93,Branch,Investment,68089.28,Pending
TXN00004519,ACC0000275,2024-02-23,12:00:00,ATM Withdrawal,7104.53,ATM,Utility,68089.28,Failed
TXN00000843,ACC0000275,2024-07-03,16:14:00,Debit,1317.65,Online,Rent,68089.28,Pending
TXN00002674,ACC0000276,2022-04-08,16:46:00,Interest,6237.87,Online,Investment,5735.52,Failed
TXN00002811,ACC0000276,2022-04-27,18:50:00,Transfer,11827.86,Wire Transfer,Investment,5735.52,Pending
TXN00004483,ACC0000276,2022-08-29,15:40:00,ATM Withdrawal,1219.83,ATM,Utility,4515.69,Completed
TXN00001372,ACC0000276,2022-09-03,8:48:00,Credit,9549.48,Mobile,Refund,4515.69,Pending
TXN00004531,ACC0000276,2023-01-29,20:49:00,Credit,2122.97,Mobile,Refund,4515.69,Failed
TXN00000277,ACC0000276,2023-03-02,9:36:00,Interest,9831.1,Branch,Investment,4515.69,Pending
TXN00004553,ACC0000276,2023-03-03,15:53:00,ATM Withdrawal,3682.79,ATM,Rent,832.9,Completed
TXN00001867,ACC0000276,2024-06-26,14:27:00,ATM Withdrawal,437.97,ATM,Rent,394.93,Completed
TXN00000312,ACC0000276,2024-07-08,13:04:00,Interest,12647.6,Branch,Investment,394.93,Pending
TXN00003138,ACC0000276,2024-08-24,14:50:00,Interest,12029.6,Online,Investment,394.93,Pending
TXN00002260,ACC0000276,2024-08-29,12:56:00,ATM Withdrawal,8893.37,ATM,Rent,394.93,Failed
TXN00004883,ACC0000276,2024-11-15,13:05:00,ATM Withdrawal,4538.13,ATM,Rent,394.93,Pending
TXN00000058,ACC0000277,2023-08-04,9:12:00,ATM Withdrawal,3619.23,ATM,Rent,8612.94,Completed
TXN00003243,ACC0000277,2023-08-11,21:03:00,Credit,13500.92,Branch,Investment,22113.86,Completed
TXN00000956,ACC0000277,2023-09-17,9:49:00,Fee,4155.49,Mobile,Utility,22113.86,Pending
TXN00003985,ACC0000277,2023-11-14,18:22:00,ATM Withdrawal,2942.72,ATM,Rent,22113.86,Pending
TXN00004777,ACC0000277,2024-06-11,19:07:00,Transfer,7668.1,Mobile,Investment,22113.86,Failed
TXN00000333,ACC0000277,2024-06-19,9:59:00,Transfer,12175.57,Wire Transfer,Investment,22113.86,Pending
TXN00003328,ACC0000278,2022-12-24,12:35:00,Debit,7117.35,Mobile,Rent,4783.68,Failed
TXN00001236,ACC0000278,2023-01-08,13:24:00,Interest,197.47,Branch,Investment,4783.68,Failed
TXN00004827,ACC0000278,2023-01-31,18:51:00,Debit,14790.71,POS,Utility,4783.68,Pending
TXN00004143,ACC0000278,2024-01-09,10:24:00,Interest,3658.83,Online,Investment,4783.68,Pending
TXN00003641,ACC0000278,2024-03-25,15:46:00,Interest,3553.89,Branch,Investment,4783.68,Pending
TXN00004592,ACC0000278,2024-08-03,21:50:00,Interest,11792.72,Branch,Investment,16576.4,Completed
TXN00002174,ACC0000278,2024-09-18,12:57:00,ATM Withdrawal,11928.83,ATM,Purchase,16576.4,Failed
TXN00001764,ACC0000278,2024-10-31,18:52:00,Transfer,4068.63,Branch,Investment,16576.4,Pending
TXN00002932,ACC0000278,2024-11-12,12:46:00,Credit,206.15,Online,Salary,16576.4,Pending
TXN00004999,ACC0000278,2024-11-17,9:25:00,Credit,2881.4,Online,Refund,19457.8,Completed
TXN00002761,ACC0000279,2022-01-22,16:20:00,Debit,4471.0,POS,Rent,10768.79,Failed
TXN00003617,ACC0000279,2022-04-19,18:47:00,Interest,9238.58,Branch,Investment,10768.79,Failed
TXN00003466,ACC0000279,2022-06-02,8:33:00,Credit,13873.71,Mobile,Investment,24642.5,Completed
TXN00000831,ACC0000279,2022-11-02,21:59:00,Credit,10379.31,Mobile,Refund,24642.5,Failed
TXN00003024,ACC0000279,2023-07-29,15:43:00,Credit,1648.72,Mobile,Refund,24642.5,Failed
TXN00002574,ACC0000279,2023-11-09,11:49:00,ATM Withdrawal,13115.89,ATM,Rent,11526.61,Completed
TXN00004882,ACC0000279,2023-12-10,17:29:00,Fee,12345.07,Branch,Utility,11526.61,Failed
TXN00000802,ACC0000279,2024-01-23,9:02:00,Interest,14268.35,Branch,Investment,25794.96,Completed
TXN00000833,ACC0000279,2024-03-29,8:57:00,Transfer,14972.32,Branch,Rent,25794.96,Pending
TXN00000276,ACC0000279,2024-05-24,16:32:00,Transfer,12583.24,Branch,Investment,13211.72,Completed
TXN00004330,ACC0000279,2024-07-06,21:08:00,Credit,14371.84,Branch,Salary,27583.56,Completed
TXN00002838,ACC0000279,2024-11-06,13:06:00,Interest,12244.63,Online,Investment,27583.56,Failed
TXN00004871,ACC0000280,2023-01-24,21:15:00,Debit,7079.44,Mobile,Utility,18185.16,Failed
TXN00001751,ACC0000280,2023-03-13,18:48:00,Transfer,10163.62,Branch,Rent,8021.54,Completed
TXN00000105,ACC0000280,2023-07-01,18:01:00,ATM Withdrawal,13480.13,ATM,Rent,8021.54,Failed
TXN00003691,ACC0000280,2023-07-16,11:50:00,Debit,472.23,Online,Utility,8021.54,Failed
TXN00003054,ACC0000280,2024-04-26,20:57:00,ATM Withdrawal,6158.39,ATM,Purchase,8021.54,Failed
TXN00003152,ACC0000280,2024-05-12,14:44:00,Fee,3548.24,Mobile,Utility,4473.3,Completed
TXN00001169,ACC0000280,2024-06-22,10:28:00,Debit,2502.2,Mobile,Purchase,1971.1,Completed
TXN00001779,ACC0000280,2024-07-05,9:32:00,Fee,9164.32,Online,Utility,1971.1,Failed
TXN00001107,ACC0000280,2024-10-29,12:40:00,ATM Withdrawal,4124.34,ATM,Purchase,1971.1,Pending
TXN00002784,ACC0000281,2017-08-24,16:19:00,Interest,8820.08,Online,Investment,13658.91,Failed
TXN00004800,ACC0000281,2017-12-03,21:41:00,Debit,7418.32,Mobile,Purchase,13658.91,Failed
TXN00001332,ACC0000281,2017-12-09,10:35:00,Debit,371.98,Mobile,Rent,13286.93,Completed
TXN00001936,ACC0000281,2018-02-14,14:14:00,Debit,2162.49,POS,Rent,13286.93,Failed
TXN00001670,ACC0000281,2019-03-26,10:47:00,Debit,6492.95,Online,Rent,6793.98,Completed
TXN00002001,ACC0000281,2019-06-12,22:58:00,Interest,12755.85,Online,Investment,19549.83,Completed
TXN00004240,ACC0000281,2020-03-01,9:59:00,Fee,14624.63,Online,Utility,4925.2,Completed
TXN00003685,ACC0000281,2020-09-04,17:33:00,Interest,13914.19,Branch,Investment,4925.2,Pending
TXN00000343,ACC0000281,2020-10-11,16:33:00,Fee,4488.5,Online,Utility,436.7,Completed
TXN00003285,ACC0000281,2021-06-02,14:29:00,Credit,906.7,Branch,Investment,436.7,Pending
TXN00001861,ACC0000281,2021-12-04,17:31:00,Transfer,13265.22,Branch,Rent,436.7,Pending
TXN00001718,ACC0000281,2022-06-16,10:49:00,Fee,3439.92,Mobile,Utility,436.7,Pending
TXN00001658,ACC0000281,2022-06-27,22:57:00,Transfer,13473.73,Wire Transfer,Investment,436.7,Failed
TXN00003831,ACC0000282,2022-01-24,22:16:00,Fee,9988.7,Mobile,Utility,8205.32,Completed
TXN00001155,ACC0000282,2022-05-10,8:14:00,Transfer,3266.68,Branch,Rent,4938.64,Completed
TXN00003733,ACC0000282,2022-10-21,17:45:00,Debit,4933.64,POS,Rent,5.0,Completed
TXN00003214,ACC0000282,2022-11-07,10:28:00,Interest,4855.68,Online,Investment,5.0,Pending
TXN00000794,ACC0000282,2023-06-02,8:23:00,Interest,11894.15,Online,Investment,5.0,Pending
TXN00000707,ACC0000282,2023-06-07,21:42:00,Fee,14979.56,Online,Utility,5.0,Failed
TXN00000154,ACC0000282,2023-09-06,12:36:00,ATM Withdrawal,13118.46,ATM,Rent,5.0,Pending
TXN00001960,ACC0000282,2024-03-24,18:05:00,Debit,3534.67,Mobile,Purchase,5.0,Failed
TXN00004423,ACC0000282,2024-07-07,10:33:00,Interest,892.57,Branch,Investment,5.0,Failed
TXN00000842,ACC0000282,2024-11-14,20:27:00,Fee,2662.22,Online,Utility,5.0,Pending
TXN00004211,ACC0000283,2022-01-30,18:26:00,Fee,8456.83,Mobile,Utility,10567.08,Failed
TXN00004690,ACC0000283,2022-02-05,10:46:00,Credit,11868.44,Online,Investment,22435.52,Completed
TXN00001507,ACC0000283,2022-02-16,14:45:00,ATM Withdrawal,10419.7,ATM,Purchase,22435.52,Failed
TXN00003935,ACC0000283,2022-03-01,9:50:00,Credit,7647.21,Online,Investment,30082.73,Completed
TXN00002388,ACC0000283,2023-10-22,15:15:00,Credit,9699.88,Online,Refund,30082.73,Failed
TXN00004264,ACC0000283,2024-06-16,18:17:00,Fee,11620.16,Mobile,Utility,18462.57,Completed
TXN00003573,ACC0000284,2022-10-22,16:33:00,ATM Withdrawal,14440.34,ATM,Utility,36653.08,Completed
TXN00003552,ACC0000284,2022-11-20,21:02:00,Debit,2549.12,Online,Utility,34103.96,Completed
TXN00001437,ACC0000284,2023-01-13,16:16:00,Transfer,1369.48,Wire Transfer,Investment,32734.48,Completed
TXN00004335,ACC0000284,2023-01-27,12:26:00,Fee,1136.78,Online,Utility,31597.7,Completed
TXN00004823,ACC0000284,2023-03-18,9:00:00,Debit,10927.55,Online,Rent,31597.7,Failed
TXN00000182,ACC0000284,2023-03-27,9:19:00,Transfer,13031.63,Wire Transfer,Rent,31597.7,Pending
TXN00001966,ACC0000284,2023-04-23,11:49:00,Debit,7079.25,Online,Rent,31597.7,Pending
TXN00002184,ACC0000284,2023-06-13,15:16:00,Transfer,4024.04,Mobile,Transfer,27573.66,Completed
TXN00003279,ACC0000284,2023-07-20,19:52:00,Fee,14247.02,Mobile,Utility,27573.66,Failed
TXN00002938,ACC0000284,2023-12-07,15:52:00,Credit,910.23,Online,Salary,28483.89,Completed
TXN00000530,ACC0000284,2023-12-31,11:16:00,Credit,8554.8,Mobile,Refund,37038.69,Completed
TXN00004749,ACC0000284,2024-05-20,19:41:00,Credit,9119.14,Branch,Investment,37038.69,Failed
TXN00000217,ACC0000285,2022-01-16,9:56:00,Fee,9869.7,Online,Utility,53202.1,Pending
TXN00001955,ACC0000285,2022-02-11,22:50:00,Credit,9082.09,Mobile,Salary,53202.1,Failed
TXN00003769,ACC0000285,2022-08-04,15:48:00,Debit,10207.93,Mobile,Rent,42994.17,Completed
TXN00002533,ACC0000285,2022-10-17,14:00:00,ATM Withdrawal,5329.2,ATM,Purchase,42994.17,Pending
TXN00001462,ACC0000285,2024-05-09,13:32:00,Credit,3312.12,Mobile,Refund,42994.17,Failed
TXN00003444,ACC0000286,2022-01-01,15:47:00,Transfer,10054.45,Online,Investment,1732.67,Completed
TXN00003625,ACC0000286,2022-04-18,15:55:00,Interest,2773.86,Branch,Investment,1732.67,Failed
TXN00003914,ACC0000286,2022-05-07,8:47:00,Credit,5706.05,Branch,Salary,1732.67,Pending
TXN00002246,ACC0000286,2022-12-12,8:11:00,Transfer,14578.3,Wire Transfer,Investment,1732.67,Failed
TXN00001601,ACC0000286,2023-09-14,20:11:00,ATM Withdrawal,1546.2,ATM,Rent,186.47,Completed
TXN00003151,ACC0000286,2024-06-26,8:46:00,ATM Withdrawal,5177.76,ATM,Utility,186.47,Pending
TXN00004626,ACC0000286,2024-09-25,20:33:00,Fee,181.47,Mobile,Utility,5.0,Completed
TXN00003654,ACC0000287,2022-10-30,12:34:00,Credit,11824.71,Online,Refund,5014.59,Pending
TXN00001922,ACC0000287,2024-02-26,19:46:00,Transfer,2520.4,Wire Transfer,Investment,2494.19,Completed
TXN00001054,ACC0000287,2024-04-24,18:26:00,Debit,2222.09,POS,Purchase,272.1,Completed
TXN00000747,ACC0000287,2024-04-27,19:16:00,Fee,189.56,Online,Utility,82.54,Completed
TXN00004117,ACC0000287,2024-05-26,22:00:00,Transfer,3390.0,Online,Investment,82.54,Failed
TXN00002492,ACC0000288,2016-02-06,9:44:00,Credit,2220.65,Mobile,Salary,5280.71,Pending
TXN00000807,ACC0000288,2016-05-20,17:33:00,Interest,2118.31,Branch,Investment,7399.02,Completed
TXN00004866,ACC0000288,2019-05-04,9:07:00,Debit,481.94,Online,Utility,6917.08,Completed
TXN00001321,ACC0000288,2022-02-17,15:36:00,Credit,10422.05,Online,Refund,6917.08,Pending
TXN00003675,ACC0000288,2022-02-23,16:39:00,Interest,11189.22,Branch,Investment,6917.08,Failed
TXN00002775,ACC0000289,2022-10-09,17:58:00,Transfer,5403.95,Mobile,Transfer,5695.43,Completed
TXN00001213,ACC0000289,2023-07-12,17:19:00,Transfer,4807.47,Branch,Rent,887.96,Completed
TXN00003711,ACC0000289,2024-05-29,16:27:00,Credit,3831.48,Branch,Refund,887.96,Failed
TXN00003777,ACC0000290,2022-01-06,14:09:00,Interest,11191.64,Branch,Investment,10372.1,Failed
TXN00001490,ACC0000290,2022-05-15,21:44:00,ATM Withdrawal,9260.73,ATM,Rent,1111.37,Completed
TXN00003726,ACC0000290,2023-03-26,18:12:00,Interest,7873.19,Branch,Investment,1111.37,Pending
TXN00000693,ACC0000290,2023-08-02,9:59:00,Transfer,6626.12,Mobile,Investment,1111.37,Failed
TXN00004309,ACC0000290,2023-08-03,13:33:00,ATM Withdrawal,5523.55,ATM,Purchase,1111.37,Pending
TXN00004270,ACC0000290,2023-08-30,21:23:00,Debit,3964.6,Online,Purchase,1111.37,Pending
TXN00003799,ACC0000290,2023-09-09,19:02:00,Fee,658.92,Mobile,Utility,1111.37,Failed
TXN00000838,ACC0000290,2024-04-07,11:23:00,ATM Withdrawal,14575.65,ATM,Utility,1111.37,Pending
TXN00003534,ACC0000291,2023-05-22,18:50:00,Debit,8202.16,POS,Purchase,5613.38,Completed
TXN00001578,ACC0000291,2023-06-24,10:57:00,Credit,13008.11,Branch,Salary,5613.38,Failed
TXN00000664,ACC0000291,2023-08-03,9:29:00,Credit,6470.36,Branch,Investment,5613.38,Failed
TXN00000656,ACC0000291,2024-09-08,16:50:00,Transfer,4811.1,Mobile,Rent,802.28,Completed
TXN00004210,ACC0000291,2024-11-22,11:47:00,Interest,3436.2,Branch,Investment,802.28,Failed
TXN00000031,ACC0000292,2023-08-22,13:16:00,ATM Withdrawal,12176.63,ATM,Rent,8010.76,Pending
TXN00000107,ACC0000292,2023-08-25,11:52:00,Transfer,12358.44,Mobile,Rent,8010.76,Pending
TXN00003620,ACC0000292,2023-11-25,21:36:00,Fee,5819.8,Online,Utility,8010.76,Pending
TXN00002358,ACC0000292,2024-02-28,16:24:00,Interest,1722.4,Branch,Investment,8010.76,Pending
TXN00004548,ACC0000292,2024-10-09,21:02:00,ATM Withdrawal,12284.82,ATM,Rent,8010.76,Pending
TXN00002854,ACC0000292,2024-10-30,10:41:00,Credit,12216.02,Online,Refund,8010.76,Failed
TXN00001077,ACC0000293,2024-01-28,9:16:00,Interest,2504.35,Branch,Investment,50165.9,Pending
TXN00000890,ACC0000293,2024-03-21,16:42:00,Debit,14780.07,POS,Purchase,50165.9,Pending
TXN00000759,ACC0000293,2024-04-18,22:21:00,Debit,10175.48,POS,Utility,39990.42,Completed
TXN00000941,ACC0000294,2022-09-07,12:45:00,ATM Withdrawal,14213.49,ATM,Purchase,21953.81,Failed
TXN00003623,ACC0000294,2022-10-03,14:35:00,Interest,5580.79,Branch,Investment,27534.6,Completed
TXN00002544,ACC0000294,2023-03-15,18:47:00,Fee,8173.77,Online,Utility,27534.6,Failed
TXN00000904,ACC0000294,2023-07-09,17:44:00,Transfer,8491.48,Branch,Investment,19043.12,Completed
TXN00003753,ACC0000294,2023-11-21,22:45:00,Fee,12210.2,Branch,Utility,6832.92,Completed
TXN00002456,ACC0000295,2022-06-20,20:13:00,Transfer,516.57,Wire Transfer,Rent,13536.04,Completed
TXN00001247,ACC0000295,2022-07-16,17:34:00,Debit,9156.48,POS,Utility,13536.04,Pending
TXN00003991,ACC0000295,2023-01-16,14:27:00,Transfer,11891.64,Branch,Transfer,13536.04,Pending
TXN00003049,ACC0000295,2024-05-21,8:28:00,ATM Withdrawal,13059.82,ATM,Utility,13536.04,Failed
TXN00004727,ACC0000295,2024-08-15,20:52:00,Fee,3655.77,Online,Utility,13536.04,Failed
TXN00003370,ACC0000296,2022-03-02,14:09:00,ATM Withdrawal,2139.99,ATM,Rent,52345.65,Completed
TXN00002272,ACC0000296,2022-07-15,12:10:00,Transfer,4816.14,Online,Rent,47529.51,Completed
TXN00002845,ACC0000296,2023-02-19,17:10:00,Debit,12715.22,Mobile,Utility,47529.51,Pending
TXN00003546,ACC0000296,2023-08-31,18:27:00,Debit,852.86,Online,Purchase,47529.51,Pending
TXN00000980,ACC0000296,2023-11-27,10:14:00,Fee,14820.93,Mobile,Utility,32708.58,Completed
TXN00003381,ACC0000296,2024-03-18,11:24:00,ATM Withdrawal,5392.65,ATM,Utility,32708.58,Pending
TXN00003127,ACC0000296,2024-10-22,11:36:00,Credit,5194.74,Mobile,Refund,32708.58,Failed
TXN00001369,ACC0000296,2024-11-13,20:45:00,Debit,409.73,POS,Purchase,32298.85,Completed
TXN00002130,ACC0000296,2024-12-08,13:01:00,Transfer,14709.61,Mobile,Rent,32298.85,Pending
TXN00004661,ACC0000297,2022-06-26,9:13:00,Interest,9661.77,Online,Investment,2922.55,Failed
TXN00003907,ACC0000297,2022-07-09,10:57:00,Transfer,6202.45,Branch,Rent,2922.55,Pending
TXN00003446,ACC0000297,2022-10-01,22:49:00,Transfer,14829.09,Online,Transfer,2922.55,Failed
TXN00000839,ACC0000297,2022-11-27,11:00:00,Interest,728.7,Online,Investment,2922.55,Pending
TXN00000418,ACC0000297,2023-06-18,10:40:00,ATM Withdrawal,1680.18,ATM,Rent,1242.37,Completed
TXN00000817,ACC0000297,2023-06-28,20:11:00,Transfer,572.15,Branch,Transfer,670.22,Completed
TXN00000924,ACC0000297,2023-07-11,22:03:00,Transfer,5100.43,Wire Transfer,Rent,670.22,Pending
TXN00004381,ACC0000297,2024-04-24,17:54:00,Credit,3350.86,Branch,Salary,670.22,Failed
TXN00003173,ACC0000297,2024-12-12,10:47:00,Fee,2500.42,Branch,Utility,670.22,Pending
TXN00000613,ACC0000298,2022-09-03,12:02:00,Transfer,5921.94,Online,Rent,30506.16,Failed
TXN00003364,ACC0000298,2022-12-12,18:35:00,Fee,9925.87,Mobile,Utility,20580.29,Completed
TXN00004609,ACC0000298,2023-04-18,16:41:00,Credit,6442.69,Online,Refund,20580.29,Failed
TXN00002370,ACC0000298,2023-07-04,14:31:00,ATM Withdrawal,8978.34,ATM,Purchase,20580.29,Failed
TXN00001432,ACC0000298,2023-08-31,12:34:00,Interest,8314.8,Branch,Investment,20580.29,Pending
TXN00003748,ACC0000298,2023-09-30,22:44:00,ATM Withdrawal,8660.73,ATM,Utility,11919.56,Completed
TXN00000391,ACC0000299,2022-08-04,12:42:00,Transfer,737.31,Online,Investment,5069.78,Completed
TXN00004791,ACC0000299,2022-08-16,19:55:00,Transfer,6445.64,Wire Transfer,Transfer,5069.78,Failed
TXN00002081,ACC0000299,2023-01-12,8:04:00,Fee,2663.48,Branch,Utility,2406.3,Completed
TXN00000827,ACC0000299,2023-04-03,8:58:00,Transfer,1527.78,Wire Transfer,Rent,878.52,Completed
TXN00002984,ACC0000299,2023-04-07,15:09:00,Debit,9312.12,Online,Purchase,878.52,Pending
TXN00004825,ACC0000299,2023-07-15,19:08:00,ATM Withdrawal,4178.73,ATM,Utility,878.52,Pending
TXN00002585,ACC0000299,2023-09-16,19:46:00,Interest,14787.01,Branch,Investment,15665.53,Completed
TXN00004102,ACC0000299,2024-01-17,22:12:00,Credit,3038.41,Online,Investment,15665.53,Pending
TXN00001201,ACC0000299,2024-01-24,22:10:00,Credit,1010.29,Online,Investment,15665.53,Pending
TXN00002581,ACC0000299,2024-08-29,13:22:00,Transfer,10349.14,Online,Transfer,15665.53,Pending
TXN00002569,ACC0000299,2024-09-28,9:05:00,ATM Withdrawal,3804.06,ATM,Utility,15665.53,Failed
TXN00002917,ACC0000299,2024-11-07,22:51:00,Fee,13211.05,Branch,Utility,2454.48,Completed
TXN00003948,ACC0000300,2022-02-02,19:23:00,Credit,1321.61,Mobile,Refund,12418.71,Pending
TXN00002914,ACC0000300,2022-05-04,10:30:00,Interest,672.2,Branch,Investment,12418.71,Failed
TXN00002216,ACC0000300,2022-06-24,21:15:00,Interest,11556.2,Online,Investment,12418.71,Failed
TXN00000066,ACC0000300,2022-08-31,13:12:00,ATM Withdrawal,2166.34,ATM,Rent,10252.37,Completed
TXN00001045,ACC0000300,2022-09-17,9:43:00,ATM Withdrawal,4715.13,ATM,Purchase,10252.37,Pending
TXN00003131,ACC0000300,2022-11-23,20:00:00,Debit,12484.65,POS,Rent,10252.37,Failed
TXN00003125,ACC0000300,2023-02-07,21:54:00,Credit,2981.61,Branch,Investment,13233.98,Completed
TXN00002967,ACC0000300,2024-04-15,13:01:00,Fee,2220.81,Branch,Utility,13233.98,Failed
TXN00001337,ACC0000300,2024-08-01,21:20:00,Credit,14895.01,Online,Salary,13233.98,Failed
TXN00004659,ACC0000300,2024-08-18,14:32:00,ATM Withdrawal,5017.99,ATM,Rent,13233.98,Pending
TXN00003701,ACC0000300,2024-09-04,18:53:00,Interest,8474.78,Branch,Investment,21708.76,Completed
TXN00004053,ACC0000301,2022-10-14,19:48:00,Debit,5323.71,Mobile,Utility,9630.82,Completed
TXN00004219,ACC0000301,2023-07-21,11:41:00,Debit,8185.31,Online,Utility,1445.51,Completed
TXN00002151,ACC0000301,2024-05-14,10:06:00,ATM Withdrawal,1262.51,ATM,Utility,183.0,Completed
TXN00002996,ACC0000301,2024-05-31,22:56:00,Interest,11768.14,Online,Investment,183.0,Failed
TXN00000554,ACC0000301,2024-09-21,20:14:00,Fee,73.9,Mobile,Utility,109.1,Completed
TXN00003919,ACC0000301,2024-12-15,11:39:00,ATM Withdrawal,501.58,ATM,Utility,109.1,Pending
TXN00000126,ACC0000302,2022-01-23,11:39:00,Credit,10952.89,Branch,Refund,65158.13,Completed
TXN00002532,ACC0000302,2022-09-26,15:01:00,Credit,10397.78,Mobile,Refund,65158.13,Failed
TXN00001145,ACC0000302,2022-12-01,21:43:00,Debit,9609.82,Online,Rent,65158.13,Pending
TXN00002734,ACC0000302,2023-04-06,17:14:00,Transfer,187.24,Online,Rent,65158.13,Failed
TXN00001081,ACC0000302,2024-05-03,11:12:00,Debit,10693.77,Mobile,Rent,54464.36,Completed
TXN00000501,ACC0000302,2024-09-01,19:42:00,Fee,800.81,Branch,Utility,54464.36,Failed
TXN00000494,ACC0000302,2024-09-29,13:39:00,Credit,11717.61,Mobile,Salary,66181.97,Completed
TXN00004378,ACC0000302,2024-11-20,21:42:00,ATM Withdrawal,4361.92,ATM,Purchase,66181.97,Failed
TXN00004623,ACC0000303,2023-10-31,13:44:00,Fee,11327.21,Mobile,Utility,6727.16,Completed
TXN00003179,ACC0000303,2024-03-03,13:56:00,Debit,12111.18,Online,Rent,6727.16,Pending
TXN00004479,ACC0000303,2024-04-02,20:17:00,Transfer,666.33,Wire Transfer,Transfer,6727.16,Failed
TXN00004491,ACC0000303,2024-04-20,17:40:00,Transfer,6277.89,Wire Transfer,Rent,449.27,Completed
TXN00002891,ACC0000303,2024-05-16,13:34:00,Credit,8810.08,Mobile,Salary,9259.35,Completed
TXN00002181,ACC0000303,2024-11-03,20:12:00,Interest,767.68,Online,Investment,10027.03,Completed
TXN00003176,ACC0000304,2023-03-16,9:16:00,Interest,11688.4,Branch,Investment,90111.79,Completed
TXN00002207,ACC0000304,2023-05-19,20:57:00,Debit,5721.23,Online,Rent,90111.79,Pending
TXN00004427,ACC0000304,2023-08-30,12:08:00,Debit,6118.8,Online,Purchase,83992.99,Completed
TXN00004691,ACC0000304,2023-11-15,9:20:00,Credit,13990.24,Online,Refund,83992.99,Failed
TXN00004284,ACC0000304,2024-02-21,21:11:00,Transfer,625.67,Online,Investment,83992.99,Failed
TXN00004520,ACC0000304,2024-08-23,22:12:00,Transfer,12051.56,Online,Investment,83992.99,Failed
TXN00003999,ACC0000305,2022-04-16,15:52:00,ATM Withdrawal,2823.7,ATM,Utility,13248.56,Completed
TXN00000068,ACC0000305,2023-04-01,12:23:00,Debit,14097.47,Mobile,Utility,13248.56,Failed
TXN00001552,ACC0000305,2023-04-22,11:04:00,Transfer,3344.57,Wire Transfer,Transfer,9903.99,Completed
TXN00003976,ACC0000305,2023-08-22,17:14:00,Transfer,12392.55,Online,Rent,9903.99,Pending
TXN00002188,ACC0000305,2023-11-17,10:08:00,Transfer,6630.86,Wire Transfer,Investment,9903.99,Pending
TXN00004959,ACC0000305,2024-05-31,19:51:00,ATM Withdrawal,8006.94,ATM,Rent,9903.99,Pending
TXN00001479,ACC0000305,2024-07-31,8:04:00,Transfer,5389.09,Online,Investment,9903.99,Failed
TXN00002504,ACC0000306,2020-11-19,21:32:00,Debit,139.75,POS,Purchase,4077.16,Pending
TXN00002836,ACC0000306,2021-06-24,19:44:00,Fee,2855.2,Branch,Utility,4077.16,Pending
TXN00001315,ACC0000306,2022-06-08,14:17:00,Transfer,4917.34,Online,Transfer,4077.16,Failed
TXN00003396,ACC0000306,2023-05-10,13:16:00,Interest,12329.95,Online,Investment,4077.16,Pending
TXN00002147,ACC0000307,2023-05-26,20:38:00,Transfer,5942.33,Branch,Rent,5550.06,Pending
TXN00000466,ACC0000307,2023-06-24,17:11:00,Credit,2726.54,Branch,Salary,5550.06,Pending
TXN00002295,ACC0000307,2023-07-27,12:52:00,Credit,14987.16,Branch,Refund,20537.22,Completed
TXN00004108,ACC0000307,2024-02-04,22:45:00,Debit,14528.32,POS,Rent,20537.22,Failed
TXN00000181,ACC0000307,2024-05-29,10:00:00,Debit,4680.45,Online,Purchase,20537.22,Pending
TXN00001701,ACC0000307,2024-12-03,19:16:00,Credit,10713.87,Branch,Salary,31251.09,Completed
TXN00003167,ACC0000308,2022-07-07,14:58:00,ATM Withdrawal,11004.95,ATM,Rent,27190.68,Failed
TXN00002387,ACC0000308,2023-05-08,15:49:00,Credit,6824.81,Mobile,Investment,27190.68,Failed
TXN00003531,ACC0000308,2023-08-21,10:44:00,ATM Withdrawal,10253.5,ATM,Rent,27190.68,Failed
TXN00001533,ACC0000308,2023-08-26,15:24:00,Credit,14699.47,Branch,Refund,41890.15,Completed
TXN00002040,ACC0000308,2023-09-28,19:07:00,Transfer,9152.43,Online,Investment,41890.15,Pending
TXN00004619,ACC0000309,2022-05-25,17:47:00,Fee,10467.77,Mobile,Utility,18155.35,Pending
TXN00002892,ACC0000309,2023-01-07,13:44:00,Transfer,1454.94,Online,Rent,18155.35,Failed
TXN00002545,ACC0000309,2023-07-10,19:56:00,ATM Withdrawal,6363.72,ATM,Purchase,11791.63,Completed
TXN00004092,ACC0000309,2023-07-28,9:50:00,Fee,11568.33,Mobile,Utility,11791.63,Failed
TXN00002923,ACC0000309,2024-01-09,12:54:00,Debit,12871.33,POS,Purchase,11791.63,Failed
TXN00004344,ACC0000309,2024-07-06,15:38:00,ATM Withdrawal,4215.47,ATM,Utility,11791.63,Pending
TXN00000829,ACC0000309,2024-09-29,11:30:00,Transfer,3937.35,Wire Transfer,Investment,11791.63,Pending
TXN00000050,ACC0000310,2022-01-26,13:54:00,ATM Withdrawal,12211.39,ATM,Utility,44559.87,Pending
TXN00000660,ACC0000310,2022-06-08,20:21:00,Credit,13012.21,Mobile,Refund,44559.87,Pending
TXN00001550,ACC0000310,2022-12-05,11:53:00,Fee,7840.72,Branch,Utility,44559.87,Pending
TXN00002331,ACC0000310,2023-01-16,9:14:00,ATM Withdrawal,7757.15,ATM,Utility,36802.72,Completed
TXN00001590,ACC0000310,2023-07-24,16:39:00,Fee,692.22,Branch,Utility,36110.5,Completed
TXN00003220,ACC0000310,2024-02-01,17:54:00,Interest,7512.7,Online,Investment,36110.5,Pending
TXN00004544,ACC0000310,2024-08-02,8:13:00,ATM Withdrawal,4383.82,ATM,Rent,31726.68,Completed
TXN00003184,ACC0000311,2022-04-18,13:50:00,ATM Withdrawal,2603.14,ATM,Purchase,25924.93,Completed
TXN00002773,ACC0000311,2023-02-23,15:33:00,Credit,11654.65,Online,Investment,25924.93,Failed
TXN00000849,ACC0000311,2024-01-10,8:27:00,Fee,3004.76,Branch,Utility,25924.93,Pending
TXN00002063,ACC0000311,2024-06-03,21:51:00,Transfer,14173.17,Online,Transfer,11751.76,Completed
TXN00004361,ACC0000312,2024-06-08,21:26:00,Interest,13103.79,Online,Investment,3435.21,Pending
TXN00003031,ACC0000312,2024-06-22,20:37:00,Credit,5153.76,Branch,Salary,8588.97,Completed
TXN00000076,ACC0000312,2024-06-26,18:17:00,Transfer,5848.32,Branch,Rent,2740.65,Completed
TXN00001472,ACC0000312,2024-09-17,10:13:00,Transfer,170.45,Mobile,Investment,2740.65,Pending
TXN00002691,ACC0000312,2024-10-25,8:45:00,Debit,10899.72,POS,Purchase,2740.65,Pending
TXN00004497,ACC0000313,2022-03-14,21:01:00,Debit,6289.26,Mobile,Purchase,2861.57,Pending
TXN00004232,ACC0000313,2022-07-03,17:22:00,Debit,1801.58,Online,Purchase,1059.99,Completed
TXN00004013,ACC0000313,2022-07-25,16:38:00,ATM Withdrawal,7232.72,ATM,Purchase,1059.99,Pending
TXN00000129,ACC0000313,2022-08-05,22:12:00,Interest,1199.02,Branch,Investment,1059.99,Failed
TXN00002819,ACC0000313,2022-08-07,15:48:00,Transfer,553.48,Branch,Investment,506.51,Completed
TXN00004846,ACC0000313,2022-11-22,9:17:00,Transfer,13124.27,Mobile,Rent,506.51,Failed
TXN00004712,ACC0000313,2024-03-15,12:17:00,Debit,236.0,Mobile,Utility,270.51,Completed
TXN00003061,ACC0000313,2024-05-18,14:06:00,Debit,12514.35,POS,Utility,270.51,Failed
TXN00003908,ACC0000313,2024-09-12,13:56:00,Fee,9089.02,Branch,Utility,270.51,Failed
TXN00004925,ACC0000313,2024-10-28,18:11:00,Fee,12197.76,Online,Utility,270.51,Failed
TXN00001346,ACC0000314,2022-03-03,11:23:00,Interest,14197.1,Branch,Investment,5839.17,Pending
TXN00003709,ACC0000314,2022-07-05,22:59:00,Credit,8471.61,Branch,Salary,5839.17,Failed
TXN00000157,ACC0000314,2023-11-02,20:00:00,ATM Withdrawal,10221.93,ATM,Purchase,5839.17,Failed
TXN00003896,ACC0000314,2024-02-22,11:56:00,Credit,3604.3,Mobile,Refund,5839.17,Pending
TXN00000783,ACC0000315,2022-01-28,13:07:00,Fee,8819.41,Branch,Utility,1600.69,Failed
TXN00000367,ACC0000315,2022-03-21,10:54:00,Transfer,12618.77,Online,Transfer,1600.69,Failed
TXN00001924,ACC0000315,2022-12-17,18:05:00,ATM Withdrawal,10789.63,ATM,Purchase,1600.69,Pending
TXN00004796,ACC0000315,2023-01-31,13:42:00,Credit,11272.08,Branch,Refund,1600.69,Pending
TXN00001114,ACC0000315,2023-02-21,19:07:00,Transfer,11423.4,Wire Transfer,Investment,1600.69,Failed
TXN00001304,ACC0000315,2023-10-15,8:52:00,Debit,14617.25,Online,Utility,1600.69,Pending
TXN00004085,ACC0000315,2023-11-25,19:48:00,Interest,7727.99,Online,Investment,1600.69,Pending
TXN00003971,ACC0000315,2024-11-06,12:32:00,Credit,12779.87,Mobile,Refund,1600.69,Pending
TXN00004168,ACC0000316,2022-10-26,18:05:00,Transfer,13316.93,Online,Investment,6378.13,Failed
TXN00000989,ACC0000316,2023-09-14,9:48:00,ATM Withdrawal,3735.6,ATM,Purchase,2642.53,Completed
TXN00000295,ACC0000316,2023-12-17,11:27:00,Transfer,2427.43,Online,Rent,215.1,Completed
TXN00004831,ACC0000316,2024-01-20,10:12:00,Debit,10608.7,Mobile,Utility,215.1,Failed
TXN00004542,ACC0000316,2024-09-29,17:19:00,ATM Withdrawal,10754.54,ATM,Purchase,215.1,Pending
TXN00000067,ACC0000316,2024-10-08,12:41:00,Interest,8027.39,Branch,Investment,8242.49,Completed
TXN00001310,ACC0000316,2024-10-09,13:18:00,Debit,3473.28,POS,Rent,4769.21,Completed
TXN00004880,ACC0000317,2022-11-30,20:04:00,Fee,1982.76,Branch,Utility,38174.87,Completed
TXN00004107,ACC0000317,2022-12-19,15:18:00,Fee,6987.56,Online,Utility,38174.87,Pending
TXN00001611,ACC0000317,2023-03-09,21:47:00,Credit,12374.29,Branch,Investment,38174.87,Pending
TXN00002649,ACC0000317,2023-10-19,20:58:00,Transfer,2603.68,Online,Transfer,35571.19,Completed
TXN00001988,ACC0000317,2023-11-30,21:04:00,Credit,6645.49,Branch,Salary,42216.68,Completed
TXN00000383,ACC0000317,2024-02-14,14:22:00,Interest,3971.35,Branch,Investment,42216.68,Pending
TXN00002624,ACC0000317,2024-08-26,10:48:00,ATM Withdrawal,13744.56,ATM,Utility,28472.12,Completed
TXN00002600,ACC0000318,2024-01-26,9:26:00,Credit,13902.29,Mobile,Investment,31576.12,Pending
TXN00001781,ACC0000318,2024-04-04,16:30:00,Debit,373.36,Mobile,Utility,31202.76,Completed
TXN00003506,ACC0000318,2024-05-01,11:01:00,Transfer,3039.72,Wire Transfer,Investment,28163.04,Completed
TXN00000862,ACC0000318,2024-05-08,14:23:00,Transfer,8511.54,Branch,Rent,28163.04,Pending
TXN00002999,ACC0000318,2024-06-12,8:23:00,Debit,13525.79,Online,Utility,28163.04,Failed
TXN00003730,ACC0000318,2024-06-16,22:03:00,Interest,685.54,Branch,Investment,28163.04,Pending
TXN00003651,ACC0000318,2024-07-07,21:28:00,Credit,496.8,Online,Salary,28659.84,Completed
TXN00003622,ACC0000318,2024-08-21,18:47:00,Interest,2992.57,Online,Investment,28659.84,Failed
TXN00003258,ACC0000318,2024-10-24,10:16:00,Credit,1909.81,Online,Refund,28659.84,Pending
TXN00002832,ACC0000318,2024-11-25,16:39:00,ATM Withdrawal,11432.1,ATM,Utility,17227.74,Completed
TXN00003666,ACC0000319,2022-03-02,14:19:00,Transfer,3604.9,Wire Transfer,Rent,15430.4,Failed
TXN00002848,ACC0000319,2022-11-03,12:25:00,Debit,11691.54,Online,Rent,15430.4,Pending
TXN00000097,ACC0000319,2023-02-23,14:41:00,Transfer,5740.35,Branch,Transfer,15430.4,Pending
TXN00004257,ACC0000319,2024-03-09,13:28:00,Fee,7922.34,Online,Utility,15430.4,Failed
TXN00004648,ACC0000319,2024-06-11,15:14:00,ATM Withdrawal,12907.97,ATM,Purchase,15430.4,Failed
TXN00004729,ACC0000320,2022-04-22,16:37:00,Fee,1497.92,Mobile,Utility,7214.29,Pending
TXN00001773,ACC0000320,2022-08-20,18:18:00,Debit,11239.28,Mobile,Rent,7214.29,Pending
TXN00000720,ACC0000320,2023-06-14,22:10:00,Debit,12052.87,POS,Purchase,7214.29,Failed
TXN00002364,ACC0000320,2023-09-16,17:19:00,Credit,6129.0,Branch,Refund,13343.29,Completed
TXN00000659,ACC0000320,2023-11-05,14:40:00,Credit,13532.74,Branch,Investment,13343.29,Failed
TXN00000830,ACC0000320,2024-08-16,20:24:00,Interest,4288.4,Branch,Investment,17631.69,Completed
TXN00003547,ACC0000320,2024-09-20,8:07:00,Transfer,12980.4,Mobile,Rent,17631.69,Failed
TXN00001519,ACC0000320,2024-10-19,8:35:00,ATM Withdrawal,467.3,ATM,Utility,17631.69,Failed
TXN00000594,ACC0000321,2022-07-06,18:33:00,Transfer,9017.35,Online,Investment,2643.26,Failed
TXN00004615,ACC0000321,2022-07-24,16:04:00,Fee,1527.17,Mobile,Utility,1116.09,Completed
TXN00003341,ACC0000321,2022-12-04,10:05:00,Debit,2495.23,POS,Purchase,1116.09,Failed
TXN00004327,ACC0000321,2024-03-23,22:21:00,ATM Withdrawal,764.9,ATM,Rent,351.19,Completed
TXN00002531,ACC0000321,2024-06-03,19:42:00,Credit,14387.8,Branch,Investment,351.19,Failed
TXN00002407,ACC0000321,2024-07-01,14:52:00,ATM Withdrawal,14495.2,ATM,Purchase,351.19,Failed
TXN00000996,ACC0000321,2024-11-27,13:30:00,Interest,11842.22,Online,Investment,351.19,Failed
TXN00001727,ACC0000322,2022-01-12,10:26:00,Transfer,9971.49,Branch,Transfer,25213.09,Completed
TXN00004969,ACC0000322,2022-08-13,16:25:00,Transfer,14273.41,Branch,Transfer,10939.68,Completed
TXN00000388,ACC0000322,2022-08-23,22:00:00,Debit,10702.72,Online,Utility,236.96,Completed
TXN00002170,ACC0000322,2023-12-12,19:18:00,Transfer,10943.71,Mobile,Transfer,236.96,Failed
TXN00002497,ACC0000322,2023-12-26,11:03:00,Credit,4734.11,Online,Refund,236.96,Failed
TXN00002250,ACC0000322,2024-03-01,22:33:00,Fee,12694.08,Mobile,Utility,236.96,Pending
TXN00004952,ACC0000322,2024-10-23,14:48:00,Fee,186.41,Branch,Utility,50.55,Completed
TXN00004148,ACC0000323,2022-02-07,21:42:00,Fee,10844.02,Online,Utility,48804.76,Failed
TXN00002459,ACC0000323,2023-07-17,16:14:00,Credit,1011.13,Mobile,Investment,48804.76,Failed
TXN00003047,ACC0000323,2023-09-20,16:59:00,Interest,10981.69,Branch,Investment,48804.76,Pending
TXN00000962,ACC0000323,2023-09-22,11:51:00,Interest,10428.47,Online,Investment,48804.76,Pending
TXN00000409,ACC0000324,2022-01-04,22:00:00,Credit,14742.05,Branch,Investment,14669.58,Pending
TXN00004979,ACC0000324,2022-09-07,14:52:00,Transfer,1482.87,Branch,Investment,13186.71,Completed
TXN00001480,ACC0000324,2022-10-31,8:38:00,ATM Withdrawal,10018.15,ATM,Utility,3168.56,Completed
TXN00002539,ACC0000324,2022-11-08,14:34:00,Interest,10558.3,Online,Investment,13726.86,Completed
TXN00001464,ACC0000324,2024-01-03,9:37:00,Debit,5357.82,Online,Purchase,8369.04,Completed
TXN00001126,ACC0000324,2024-03-17,16:08:00,ATM Withdrawal,14198.31,ATM,Utility,8369.04,Pending
TXN00000048,ACC0000324,2024-03-27,20:25:00,Debit,5783.76,POS,Utility,8369.04,Failed
TXN00001280,ACC0000324,2024-04-11,22:51:00,Credit,10980.97,Online,Refund,8369.04,Failed
TXN00001540,ACC0000324,2024-04-20,21:07:00,Fee,2007.92,Online,Utility,8369.04,Failed
TXN00000444,ACC0000324,2024-05-30,20:51:00,Fee,384.23,Online,Utility,7984.81,Completed
TXN00003314,ACC0000325,2023-10-19,15:06:00,ATM Withdrawal,7604.94,ATM,Rent,35714.35,Failed
TXN00002245,ACC0000325,2023-12-12,17:38:00,ATM Withdrawal,8448.24,ATM,Purchase,27266.11,Completed
TXN00004190,ACC0000325,2024-03-01,12:44:00,Credit,12490.81,Mobile,Salary,39756.92,Completed
TXN00004397,ACC0000325,2024-09-10,21:05:00,Credit,9354.72,Online,Salary,49111.64,Completed
TXN00001013,ACC0000325,2024-09-18,17:33:00,Transfer,8421.0,Mobile,Transfer,49111.64,Failed
TXN00004452,ACC0000325,2024-09-20,21:01:00,Credit,1968.95,Branch,Refund,49111.64,Pending
TXN00000356,ACC0000325,2024-10-18,16:23:00,Debit,7512.57,Mobile,Utility,49111.64,Failed
TXN00003121,ACC0000325,2024-11-14,16:22:00,Fee,14768.73,Mobile,Utility,34342.91,Completed
TXN00001260,ACC0000325,2024-12-23,13:35:00,Debit,10553.32,Mobile,Rent,23789.59,Completed
TXN00002570,ACC0000326,2022-03-30,11:56:00,Debit,10342.9,Online,Rent,59041.64,Completed
TXN00002043,ACC0000326,2023-01-03,14:26:00,Debit,3386.65,Online,Utility,59041.64,Failed
TXN00001795,ACC0000326,2023-07-27,9:12:00,Credit,5274.4,Branch,Refund,59041.64,Pending
TXN00002144,ACC0000326,2023-11-13,20:45:00,Transfer,11209.5,Wire Transfer,Transfer,59041.64,Failed
TXN00002825,ACC0000326,2023-12-12,19:30:00,Debit,6750.48,Online,Purchase,52291.16,Completed
TXN00002214,ACC0000326,2023-12-18,17:21:00,Fee,2476.05,Branch,Utility,49815.11,Completed
TXN00001887,ACC0000326,2023-12-29,19:46:00,Debit,14939.91,Online,Purchase,49815.11,Failed
TXN00001166,ACC0000326,2024-12-10,12:27:00,Debit,13768.15,Mobile,Rent,36046.96,Completed
TXN00001985,ACC0000327,2022-08-30,8:28:00,Fee,11181.8,Mobile,Utility,44306.9,Failed
TXN00003224,ACC0000327,2023-01-10,14:24:00,ATM Withdrawal,14160.47,ATM,Rent,30146.43,Completed
TXN00001859,ACC0000327,2023-03-27,13:02:00,Transfer,11614.66,Wire Transfer,Investment,18531.77,Completed
TXN00001284,ACC0000327,2023-05-09,11:31:00,Fee,14800.51,Branch,Utility,3731.26,Completed
TXN00003010,ACC0000327,2023-07-08,22:20:00,Interest,3671.12,Online,Investment,7402.38,Completed
TXN00002240,ACC0000327,2024-05-19,15:19:00,Fee,14615.69,Mobile,Utility,7402.38,Pending
TXN00001850,ACC0000327,2024-08-31,13:41:00,ATM Withdrawal,10651.84,ATM,Utility,7402.38,Failed
TXN00001799,ACC0000328,2022-04-03,22:36:00,Interest,12458.06,Branch,Investment,24532.1,Completed
TXN00003098,ACC0000328,2023-12-31,16:20:00,Credit,1452.55,Mobile,Refund,24532.1,Failed
TXN00001038,ACC0000328,2024-04-26,16:30:00,Credit,14912.57,Online,Investment,24532.1,Pending
TXN00004043,ACC0000328,2024-05-29,19:15:00,ATM Withdrawal,13209.61,ATM,Utility,24532.1,Failed
TXN00004056,ACC0000328,2024-06-06,22:39:00,Debit,4789.77,Online,Rent,24532.1,Pending
TXN00000227,ACC0000328,2024-06-19,17:46:00,Credit,11375.77,Mobile,Refund,24532.1,Pending
TXN00000248,ACC0000328,2024-12-26,13:33:00,Debit,7272.46,POS,Utility,17259.64,Completed
TXN00004363,ACC0000329,2023-03-07,11:28:00,Fee,12660.05,Branch,Utility,20100.89,Completed
TXN00004130,ACC0000329,2023-05-01,22:07:00,Transfer,10414.45,Wire Transfer,Transfer,20100.89,Failed
TXN00000692,ACC0000329,2023-11-20,20:33:00,Debit,8636.02,Mobile,Rent,20100.89,Failed
TXN00004821,ACC0000329,2024-07-25,13:41:00,Credit,5889.35,Mobile,Investment,20100.89,Pending
TXN00004319,ACC0000329,2024-09-25,13:57:00,Credit,10808.75,Online,Investment,30909.64,Completed
TXN00000144,ACC0000329,2024-09-30,22:06:00,Interest,4118.52,Online,Investment,30909.64,Failed
TXN00004742,ACC0000330,2022-07-15,13:01:00,Transfer,12828.44,Branch,Investment,16559.79,Pending
TXN00000888,ACC0000330,2022-09-20,9:05:00,Fee,5580.55,Branch,Utility,16559.79,Pending
TXN00003048,ACC0000330,2023-12-29,18:26:00,Fee,14596.73,Online,Utility,16559.79,Failed
TXN00004569,ACC0000330,2024-01-31,18:43:00,Debit,1463.64,Mobile,Rent,15096.15,Completed
TXN00002479,ACC0000330,2024-03-08,8:39:00,Credit,9510.77,Mobile,Investment,15096.15,Pending
TXN00002373,ACC0000330,2024-11-03,12:05:00,Interest,8467.68,Online,Investment,15096.15,Failed
TXN00000852,ACC0000331,2022-08-30,19:45:00,Transfer,1767.08,Online,Investment,0.0,Completed
TXN00003900,ACC0000331,2022-11-02,18:43:00,Interest,6835.28,Branch,Investment,6835.28,Completed
TXN00002460,ACC0000331,2022-11-17,13:07:00,Transfer,14433.38,Wire Transfer,Rent,6835.28,Pending
TXN00003821,ACC0000331,2023-01-17,14:17:00,ATM Withdrawal,2781.37,ATM,Utility,6835.28,Pending
TXN00002808,ACC0000331,2023-06-08,11:07:00,Transfer,4140.61,Wire Transfer,Investment,2694.67,Completed
TXN00000909,ACC0000331,2023-07-10,19:08:00,Transfer,1616.79,Mobile,Transfer,1077.88,Completed
TXN00002709,ACC0000331,2023-09-17,19:44:00,Fee,5517.44,Mobile,Utility,1077.88,Failed
TXN00000906,ACC0000332,2022-04-17,20:46:00,ATM Withdrawal,929.09,ATM,Utility,59571.44,Failed
TXN00002583,ACC0000332,2022-06-14,10:47:00,Transfer,13567.73,Online,Rent,59571.44,Failed
TXN00004537,ACC0000332,2022-07-15,15:05:00,Fee,4603.49,Mobile,Utility,54967.95,Completed
TXN00003084,ACC0000332,2023-01-04,13:03:00,Fee,14043.82,Online,Utility,54967.95,Failed
TXN00003687,ACC0000332,2023-02-19,16:25:00,Fee,5642.96,Branch,Utility,49324.99,Completed
TXN00003221,ACC0000332,2023-05-01,12:59:00,Debit,14012.13,Online,Purchase,35312.86,Completed
TXN00001413,ACC0000332,2023-11-26,10:30:00,Debit,2077.31,POS,Rent,33235.55,Completed
TXN00004120,ACC0000332,2024-06-14,13:59:00,ATM Withdrawal,1218.15,ATM,Purchase,33235.55,Pending
TXN00003014,ACC0000333,2022-01-17,16:39:00,Fee,5326.82,Mobile,Utility,3675.82,Failed
TXN00002851,ACC0000333,2022-08-27,21:20:00,ATM Withdrawal,3434.98,ATM,Utility,240.84,Completed
TXN00001509,ACC0000333,2023-03-27,17:37:00,Credit,11274.78,Online,Refund,240.84,Failed
TXN00001648,ACC0000333,2024-11-19,20:51:00,Credit,13590.71,Branch,Salary,240.84,Failed
TXN00000430,ACC0000334,2022-03-16,18:10:00,Credit,14988.72,Mobile,Investment,75094.95,Failed
TXN00004400,ACC0000334,2022-04-26,21:22:00,Debit,5825.98,POS,Purchase,75094.95,Failed
TXN00002718,ACC0000334,2022-10-05,11:34:00,Debit,6799.37,POS,Rent,75094.95,Failed
TXN00001465,ACC0000334,2023-09-13,10:49:00,Debit,9098.25,Mobile,Rent,65996.7,Completed
TXN00002749,ACC0000334,2023-11-01,12:28:00,Credit,10011.23,Branch,Refund,65996.7,Pending
TXN00002048,ACC0000334,2024-09-18,10:04:00,Transfer,7220.1,Wire Transfer,Rent,65996.7,Pending
TXN00002269,ACC0000334,2024-12-23,11:08:00,Credit,11942.96,Online,Refund,77939.66,Completed
TXN00000641,ACC0000335,2023-10-06,18:32:00,Fee,9740.72,Mobile,Utility,28861.99,Pending
TXN00003211,ACC0000335,2024-01-09,11:58:00,Debit,14431.11,POS,Rent,28861.99,Failed
TXN00003451,ACC0000335,2024-06-20,13:22:00,Fee,13775.45,Branch,Utility,15086.54,Completed
TXN00003108,ACC0000335,2024-09-21,20:28:00,ATM Withdrawal,1615.46,ATM,Purchase,13471.08,Completed
TXN00004581,ACC0000335,2024-11-14,15:33:00,Interest,1333.04,Online,Investment,13471.08,Pending
TXN00001385,ACC0000335,2024-11-21,21:37:00,ATM Withdrawal,816.81,ATM,Purchase,13471.08,Failed
TXN00000801,ACC0000335,2024-11-24,11:06:00,Credit,14236.36,Online,Salary,13471.08,Failed
TXN00003627,ACC0000335,2024-12-19,21:22:00,ATM Withdrawal,9737.2,ATM,Utility,13471.08,Pending
TXN00000869,ACC0000335,2024-12-24,15:18:00,Credit,1699.22,Branch,Investment,15170.3,Completed
TXN00004560,ACC0000336,2022-03-22,21:20:00,Fee,714.11,Branch,Utility,14342.68,Failed
TXN00001408,ACC0000336,2022-09-24,11:50:00,Credit,728.53,Branch,Investment,14342.68,Pending
TXN00001171,ACC0000336,2023-11-01,22:40:00,Fee,10076.52,Branch,Utility,4266.16,Completed
TXN00001000,ACC0000336,2024-07-25,20:24:00,Transfer,3135.21,Wire Transfer,Investment,4266.16,Pending
TXN00000492,ACC0000337,2023-04-15,17:35:00,Debit,5952.59,POS,Rent,39804.26,Failed
TXN00003366,ACC0000337,2023-06-11,18:44:00,Credit,3599.26,Branch,Salary,39804.26,Failed
TXN00004498,ACC0000337,2023-10-03,8:41:00,Debit,14527.57,Online,Rent,39804.26,Pending
TXN00000321,ACC0000337,2023-11-12,13:55:00,Transfer,7597.39,Mobile,Investment,39804.26,Pending
TXN00004728,ACC0000337,2024-05-08,18:21:00,Interest,3349.96,Online,Investment,43154.22,Completed
TXN00000186,ACC0000337,2024-07-09,22:01:00,Debit,12392.68,Online,Rent,43154.22,Failed
TXN00004231,ACC0000338,2022-01-05,14:01:00,ATM Withdrawal,11887.6,ATM,Purchase,214.23,Failed
TXN00003932,ACC0000338,2022-01-18,9:14:00,Debit,8035.98,POS,Utility,214.23,Pending
TXN00004294,ACC0000338,2022-02-26,10:53:00,Fee,3797.13,Online,Utility,214.23,Failed
TXN00003000,ACC0000338,2022-04-29,22:08:00,Credit,9411.75,Online,Investment,214.23,Pending
TXN00001775,ACC0000338,2023-06-20,16:49:00,Transfer,199.09,Branch,Rent,15.14,Completed
TXN00001411,ACC0000338,2023-07-18,18:53:00,Interest,3080.94,Online,Investment,15.14,Pending
TXN00004617,ACC0000338,2023-08-24,22:44:00,Interest,3525.72,Online,Investment,15.14,Pending
TXN00002908,ACC0000338,2023-11-29,8:05:00,Debit,11797.18,Mobile,Purchase,15.14,Failed
TXN00001604,ACC0000338,2024-01-12,15:19:00,ATM Withdrawal,11337.73,ATM,Utility,15.14,Failed
TXN00002886,ACC0000339,2022-12-29,18:48:00,Interest,7547.89,Branch,Investment,82562.91,Completed
TXN00003027,ACC0000339,2023-09-29,9:21:00,ATM Withdrawal,6277.62,ATM,Purchase,82562.91,Pending
TXN00000439,ACC0000339,2023-12-24,22:01:00,Fee,2140.31,Branch,Utility,80422.6,Completed
TXN00004296,ACC0000339,2023-12-26,22:34:00,Debit,920.65,Online,Utility,80422.6,Pending
TXN00003838,ACC0000340,2024-03-06,17:27:00,Transfer,537.49,Branch,Investment,33291.37,Pending
TXN00000410,ACC0000340,2024-03-10,10:24:00,Transfer,6614.35,Online,Transfer,33291.37,Pending
TXN00000180,ACC0000340,2024-04-14,14:52:00,Debit,9871.73,Online,Purchase,23419.64,Completed
TXN00003828,ACC0000340,2024-06-28,11:00:00,Fee,7748.75,Mobile,Utility,15670.89,Completed
TXN00001801,ACC0000340,2024-07-14,9:19:00,Transfer,12620.47,Mobile,Investment,15670.89,Pending
TXN00000453,ACC0000340,2024-07-18,17:37:00,Debit,5023.38,Mobile,Utility,10647.51,Completed
TXN00001634,ACC0000340,2024-09-28,20:23:00,Debit,8105.97,POS,Purchase,10647.51,Failed
TXN00000678,ACC0000340,2024-11-30,12:03:00,Transfer,9031.04,Mobile,Rent,10647.51,Failed
TXN00004019,ACC0000341,2022-08-27,16:24:00,Transfer,6547.52,Wire Transfer,Rent,8375.49,Pending
TXN00001821,ACC0000341,2022-12-22,16:11:00,Fee,803.82,Online,Utility,8375.49,Failed
TXN00001793,ACC0000341,2023-01-27,11:52:00,Fee,8663.29,Branch,Utility,8375.49,Failed
TXN00003536,ACC0000341,2023-05-26,17:29:00,Interest,9775.34,Branch,Investment,8375.49,Pending
TXN00001882,ACC0000341,2023-06-24,15:46:00,Credit,10243.51,Online,Salary,8375.49,Failed
TXN00004828,ACC0000341,2023-08-11,17:02:00,Credit,3109.57,Mobile,Investment,8375.49,Pending
TXN00004202,ACC0000341,2023-09-17,9:54:00,Debit,13229.52,POS,Purchase,8375.49,Failed
TXN00004762,ACC0000341,2024-01-26,22:53:00,ATM Withdrawal,6959.63,ATM,Rent,8375.49,Pending
TXN00002594,ACC0000341,2024-07-20,21:45:00,Fee,3373.36,Online,Utility,8375.49,Failed
TXN00000223,ACC0000342,2021-06-12,13:25:00,Credit,13947.16,Mobile,Investment,72664.58,Completed
TXN00000211,ACC0000342,2023-01-01,13:39:00,Credit,662.41,Online,Investment,72664.58,Failed
TXN00000162,ACC0000342,2023-01-11,16:42:00,Credit,9932.34,Branch,Refund,72664.58,Pending
TXN00001151,ACC0000342,2023-10-06,10:41:00,ATM Withdrawal,3084.8,ATM,Purchase,72664.58,Failed
TXN00003949,ACC0000342,2023-11-24,15:35:00,Transfer,3628.81,Wire Transfer,Rent,72664.58,Failed
TXN00003336,ACC0000342,2024-04-05,15:52:00,Fee,8140.08,Branch,Utility,72664.58,Pending
TXN00000326,ACC0000343,2023-02-21,22:54:00,ATM Withdrawal,9215.75,ATM,Rent,34116.62,Failed
TXN00003088,ACC0000343,2023-12-04,11:51:00,ATM Withdrawal,12204.99,ATM,Rent,21911.63,Completed
TXN00003469,ACC0000343,2024-02-07,18:06:00,Debit,6617.81,Mobile,Purchase,21911.63,Pending
TXN00002737,ACC0000343,2024-05-29,17:04:00,ATM Withdrawal,2844.34,ATM,Rent,21911.63,Pending
TXN00004590,ACC0000343,2024-12-15,22:42:00,Fee,8128.16,Online,Utility,21911.63,Failed
TXN00004863,ACC0000344,2022-03-15,16:48:00,ATM Withdrawal,8743.19,ATM,Utility,39439.17,Failed
TXN00001047,ACC0000344,2022-05-13,19:51:00,ATM Withdrawal,11752.61,ATM,Purchase,39439.17,Failed
TXN00002226,ACC0000344,2022-09-23,11:18:00,Fee,11101.22,Online,Utility,28337.95,Completed
TXN00004816,ACC0000344,2022-10-13,9:50:00,Debit,7080.27,Mobile,Purchase,28337.95,Failed
TXN00001134,ACC0000344,2023-07-17,20:06:00,Interest,13334.31,Branch,Investment,41672.26,Completed
TXN00003863,ACC0000344,2023-11-28,15:26:00,Transfer,1161.13,Wire Transfer,Transfer,40511.13,Completed
TXN00004101,ACC0000344,2024-01-13,12:56:00,Interest,5039.22,Online,Investment,40511.13,Failed
TXN00004771,ACC0000344,2024-05-12,17:08:00,Interest,6890.15,Branch,Investment,47401.28,Completed
TXN00004668,ACC0000345,2022-10-09,14:14:00,Transfer,12157.11,Online,Rent,72993.28,Pending
TXN00001846,ACC0000345,2023-04-06,18:28:00,Interest,5813.43,Online,Investment,72993.28,Pending
TXN00001115,ACC0000345,2023-05-30,10:21:00,Interest,11880.42,Online,Investment,84873.7,Completed
TXN00002844,ACC0000346,2023-03-26,15:13:00,ATM Withdrawal,3833.02,ATM,Rent,6537.24,Pending
TXN00001208,ACC0000346,2024-01-14,9:31:00,ATM Withdrawal,3520.17,ATM,Rent,3017.07,Completed
TXN00002717,ACC0000347,2022-10-17,18:31:00,ATM Withdrawal,6227.96,ATM,Purchase,14471.34,Completed
TXN00001189,ACC0000347,2023-01-08,14:59:00,Debit,6282.82,POS,Utility,8188.52,Completed
TXN00004876,ACC0000347,2023-04-19,13:12:00,Transfer,10472.29,Online,Investment,8188.52,Failed
TXN00000089,ACC0000347,2023-10-27,11:29:00,Interest,14695.09,Online,Investment,22883.61,Completed
TXN00000936,ACC0000348,2022-04-21,21:07:00,Debit,12595.1,Online,Utility,6444.08,Failed
TXN00000436,ACC0000348,2022-06-14,22:23:00,Fee,12679.09,Online,Utility,6444.08,Pending
TXN00001043,ACC0000348,2023-04-13,12:06:00,Fee,6210.93,Branch,Utility,6444.08,Pending
TXN00003096,ACC0000348,2023-07-31,18:36:00,Interest,1661.53,Online,Investment,8105.61,Completed
TXN00001117,ACC0000348,2023-10-27,8:25:00,Transfer,1147.37,Online,Rent,8105.61,Failed
TXN00002872,ACC0000348,2024-02-19,18:35:00,Fee,9168.33,Branch,Utility,8105.61,Failed
TXN00003003,ACC0000348,2024-07-29,17:47:00,Interest,13067.47,Branch,Investment,8105.61,Failed
TXN00001423,ACC0000348,2024-12-15,21:17:00,Credit,7901.14,Branch,Salary,16006.75,Completed
TXN00002187,ACC0000349,2023-04-25,13:45:00,Fee,5941.86,Mobile,Utility,8828.49,Failed
TXN00004150,ACC0000349,2023-04-27,21:18:00,Credit,8453.55,Branch,Investment,8828.49,Failed
TXN00003114,ACC0000349,2023-08-27,9:54:00,Interest,13290.72,Online,Investment,8828.49,Pending
TXN00000650,ACC0000349,2023-10-06,11:45:00,Fee,5945.87,Branch,Utility,2882.62,Completed
TXN00004632,ACC0000349,2023-11-01,16:33:00,Debit,10661.96,Online,Rent,2882.62,Failed
TXN00000618,ACC0000349,2024-02-18,15:10:00,Interest,2929.49,Branch,Investment,2882.62,Failed
TXN00004045,ACC0000349,2024-12-24,22:53:00,Debit,7754.35,Mobile,Rent,2882.62,Pending
TXN00002703,ACC0000350,2022-09-14,9:14:00,Debit,6894.7,POS,Utility,3151.99,Pending
TXN00003181,ACC0000350,2023-01-04,14:16:00,ATM Withdrawal,8396.18,ATM,Purchase,3151.99,Failed
TXN00003903,ACC0000350,2023-04-16,21:18:00,Fee,8337.22,Online,Utility,3151.99,Pending
TXN00002992,ACC0000350,2023-11-19,22:36:00,Credit,2113.29,Mobile,Refund,3151.99,Pending
TXN00004600,ACC0000350,2024-07-23,18:28:00,Debit,5432.86,POS,Utility,3151.99,Pending
TXN00004066,ACC0000351,2022-02-02,20:37:00,ATM Withdrawal,10586.42,ATM,Purchase,39257.43,Pending
TXN00002350,ACC0000351,2022-03-28,14:13:00,Credit,7451.99,Branch,Salary,39257.43,Pending
TXN00003783,ACC0000351,2022-09-15,17:48:00,ATM Withdrawal,321.79,ATM,Utility,39257.43,Pending
TXN00000900,ACC0000351,2023-05-14,13:24:00,Interest,557.81,Branch,Investment,39257.43,Pending
TXN00004017,ACC0000351,2023-11-04,16:52:00,ATM Withdrawal,8165.95,ATM,Purchase,39257.43,Pending
TXN00002553,ACC0000351,2024-01-30,13:02:00,Transfer,8679.93,Branch,Investment,30577.5,Completed
TXN00001893,ACC0000351,2024-07-20,21:01:00,Credit,14888.72,Online,Refund,45466.22,Completed
TXN00003996,ACC0000352,2022-08-09,12:56:00,Debit,4362.1,POS,Utility,31495.77,Failed
TXN00000786,ACC0000352,2022-12-07,14:51:00,Credit,11811.94,Branch,Refund,31495.77,Pending
TXN00004262,ACC0000352,2023-01-06,13:39:00,Transfer,691.17,Mobile,Investment,31495.77,Pending
TXN00002910,ACC0000352,2023-02-27,13:25:00,Transfer,1280.32,Mobile,Transfer,31495.77,Pending
TXN00000495,ACC0000352,2023-03-08,18:19:00,Credit,13061.19,Online,Investment,44556.96,Completed
TXN00002258,ACC0000352,2023-06-23,9:57:00,Transfer,5813.06,Branch,Transfer,44556.96,Pending
TXN00001510,ACC0000352,2023-08-07,15:23:00,ATM Withdrawal,8643.43,ATM,Utility,44556.96,Pending
TXN00004543,ACC0000352,2024-02-23,22:37:00,ATM Withdrawal,3764.84,ATM,Utility,44556.96,Pending
TXN00003422,ACC0000352,2024-06-26,9:50:00,Fee,10225.58,Online,Utility,44556.96,Pending
TXN00001278,ACC0000352,2024-06-30,12:31:00,Credit,7788.38,Mobile,Salary,52345.34,Completed
TXN00002329,ACC0000352,2024-11-05,15:17:00,ATM Withdrawal,6596.28,ATM,Rent,52345.34,Failed
TXN00003095,ACC0000353,2022-02-23,16:46:00,Transfer,4805.73,Online,Investment,26499.62,Pending
TXN00001537,ACC0000353,2022-07-23,22:59:00,Transfer,11250.2,Wire Transfer,Rent,26499.62,Pending
TXN00004260,ACC0000353,2022-08-10,13:41:00,ATM Withdrawal,6794.61,ATM,Purchase,26499.62,Failed
TXN00003461,ACC0000353,2023-01-31,22:08:00,Interest,780.86,Online,Investment,26499.62,Pending
TXN00004493,ACC0000353,2023-03-14,13:52:00,Interest,4723.75,Online,Investment,31223.37,Completed
TXN00000009,ACC0000354,2022-10-05,10:06:00,Transfer,10254.48,Online,Rent,30609.17,Completed
TXN00003058,ACC0000354,2023-06-24,10:20:00,Interest,652.64,Online,Investment,30609.17,Failed
TXN00000790,ACC0000354,2023-09-11,8:45:00,Transfer,13790.12,Wire Transfer,Rent,30609.17,Pending
TXN00003649,ACC0000354,2023-10-27,14:46:00,Debit,14078.01,Mobile,Rent,30609.17,Pending
TXN00001767,ACC0000354,2024-01-01,21:53:00,Fee,10676.06,Branch,Utility,19933.11,Completed
TXN00000847,ACC0000354,2024-05-11,8:32:00,Debit,2791.99,Online,Rent,19933.11,Failed
TXN00001501,ACC0000354,2024-07-16,11:01:00,Fee,10002.89,Mobile,Utility,19933.11,Failed
TXN00001254,ACC0000354,2024-12-14,15:12:00,Credit,226.59,Online,Refund,19933.11,Failed
TXN00004517,ACC0000355,2023-12-22,19:10:00,Interest,2043.16,Branch,Investment,25637.83,Failed
TXN00003820,ACC0000355,2024-06-28,16:16:00,Debit,2487.02,Online,Utility,25637.83,Failed
TXN00002401,ACC0000355,2024-08-31,17:12:00,Debit,8342.38,POS,Utility,25637.83,Failed
TXN00000749,ACC0000355,2024-10-04,17:14:00,Credit,14025.46,Online,Refund,39663.29,Completed
TXN00001154,ACC0000356,2022-08-04,11:43:00,Interest,10794.34,Online,Investment,13174.06,Completed
TXN00004922,ACC0000356,2022-08-07,14:27:00,Transfer,2972.13,Branch,Investment,13174.06,Pending
TXN00001118,ACC0000356,2023-12-14,16:11:00,Transfer,11249.82,Wire Transfer,Investment,1924.24,Completed
TXN00003915,ACC0000356,2024-03-03,14:33:00,Transfer,13164.16,Branch,Rent,1924.24,Failed
TXN00001912,ACC0000357,2022-09-02,13:22:00,Credit,3902.67,Mobile,Salary,29224.02,Pending
TXN00004929,ACC0000357,2022-10-26,16:32:00,Interest,8834.51,Online,Investment,38058.53,Completed
TXN00002794,ACC0000357,2023-12-20,17:11:00,Credit,9092.17,Online,Salary,47150.7,Completed
TXN00002604,ACC0000357,2024-11-01,16:48:00,Fee,7493.84,Online,Utility,47150.7,Pending
TXN00002277,ACC0000358,2022-04-27,18:36:00,Credit,9381.19,Online,Investment,14353.28,Pending
TXN00000221,ACC0000358,2022-05-17,20:29:00,ATM Withdrawal,13300.98,ATM,Utility,14353.28,Failed
TXN00004273,ACC0000358,2022-10-01,22:52:00,Debit,13939.25,Online,Purchase,14353.28,Pending
TXN00004905,ACC0000358,2022-12-02,18:55:00,Interest,13618.57,Online,Investment,27971.85,Completed
TXN00001760,ACC0000358,2023-11-23,13:52:00,ATM Withdrawal,14013.23,ATM,Rent,27971.85,Failed
TXN00004629,ACC0000358,2024-06-22,11:13:00,Credit,1604.91,Online,Investment,29576.76,Completed
TXN00002548,ACC0000358,2024-07-09,22:36:00,ATM Withdrawal,6915.48,ATM,Rent,29576.76,Pending
TXN00000373,ACC0000358,2024-09-24,14:22:00,Credit,1237.18,Branch,Refund,29576.76,Failed
TXN00000710,ACC0000359,2022-01-19,18:38:00,Credit,7959.96,Mobile,Refund,27723.67,Pending
TXN00002957,ACC0000359,2022-03-03,9:24:00,Fee,8375.94,Mobile,Utility,27723.67,Failed
TXN00004688,ACC0000359,2022-11-06,8:49:00,Fee,1485.28,Online,Utility,27723.67,Failed
TXN00003445,ACC0000359,2022-11-25,21:15:00,Interest,13303.94,Online,Investment,27723.67,Failed
TXN00001655,ACC0000359,2022-12-17,17:20:00,Fee,14818.99,Online,Utility,27723.67,Pending
TXN00003688,ACC0000359,2023-04-29,13:06:00,ATM Withdrawal,2256.32,ATM,Utility,25467.35,Completed
TXN00001065,ACC0000359,2023-11-02,21:21:00,Credit,5973.23,Mobile,Refund,25467.35,Failed
TXN00004669,ACC0000359,2024-07-12,17:20:00,Debit,5072.28,Mobile,Rent,20395.07,Completed
TXN00002927,ACC0000359,2024-12-15,12:58:00,Debit,2278.58,Mobile,Rent,20395.07,Pending
TXN00003611,ACC0000360,2023-06-28,17:39:00,ATM Withdrawal,7066.65,ATM,Utility,36877.96,Failed
TXN00002074,ACC0000360,2023-07-11,9:39:00,Fee,5479.49,Branch,Utility,36877.96,Pending
TXN00000850,ACC0000360,2024-05-07,19:26:00,ATM Withdrawal,13163.63,ATM,Purchase,36877.96,Pending
TXN00003660,ACC0000360,2024-07-28,15:08:00,Interest,10523.72,Branch,Investment,36877.96,Failed
TXN00000517,ACC0000360,2024-09-23,16:13:00,Credit,12404.41,Branch,Salary,49282.37,Completed
TXN00004181,ACC0000361,2022-04-09,11:22:00,Fee,6030.47,Online,Utility,591.51,Completed
TXN00004715,ACC0000361,2022-04-20,11:20:00,ATM Withdrawal,465.49,ATM,Rent,591.51,Failed
TXN00000132,ACC0000361,2022-05-01,11:23:00,Debit,5997.54,Mobile,Purchase,591.51,Pending
TXN00001188,ACC0000361,2022-09-24,14:48:00,Fee,13578.8,Online,Utility,591.51,Pending
TXN00001341,ACC0000361,2023-04-15,9:16:00,Interest,1632.11,Online,Investment,2223.62,Completed
TXN00001500,ACC0000361,2023-12-09,22:37:00,Interest,4641.72,Online,Investment,2223.62,Failed
TXN00000478,ACC0000361,2024-11-06,12:34:00,ATM Withdrawal,385.56,ATM,Purchase,1838.06,Completed
TXN00001069,ACC0000361,2024-11-17,12:17:00,Credit,13597.44,Branch,Salary,1838.06,Failed
TXN00003107,ACC0000362,2023-03-14,17:50:00,Interest,9130.91,Online,Investment,13114.57,Completed
TXN00003142,ACC0000362,2024-04-10,14:06:00,Interest,6935.37,Branch,Investment,13114.57,Failed
TXN00000619,ACC0000362,2024-06-18,10:53:00,ATM Withdrawal,6673.68,ATM,Rent,13114.57,Pending
TXN00001825,ACC0000363,2022-08-16,10:38:00,Debit,10852.2,POS,Rent,53046.97,Failed
TXN00004945,ACC0000363,2023-04-07,19:22:00,ATM Withdrawal,12855.57,ATM,Purchase,40191.4,Completed
TXN00004751,ACC0000363,2023-11-14,21:29:00,Transfer,6011.64,Branch,Rent,40191.4,Pending
TXN00002023,ACC0000363,2024-05-17,9:46:00,Transfer,13196.13,Online,Transfer,40191.4,Failed
TXN00000859,ACC0000364,2022-11-11,15:33:00,Fee,103.32,Mobile,Utility,34315.3,Completed
TXN00003498,ACC0000364,2023-01-14,13:14:00,ATM Withdrawal,12966.92,ATM,Purchase,34315.3,Failed
TXN00000714,ACC0000364,2023-04-15,18:31:00,Interest,10660.42,Branch,Investment,34315.3,Pending
TXN00004300,ACC0000364,2023-11-16,19:16:00,Fee,583.15,Online,Utility,34315.3,Failed
TXN00004968,ACC0000364,2024-06-19,9:34:00,Interest,7443.28,Online,Investment,41758.58,Completed
TXN00001528,ACC0000364,2024-07-12,16:00:00,Transfer,7385.04,Mobile,Rent,34373.54,Completed
TXN00003479,ACC0000364,2024-07-24,16:50:00,Debit,961.05,Online,Rent,34373.54,Pending
TXN00001947,ACC0000364,2024-12-28,16:19:00,Credit,13883.78,Online,Salary,34373.54,Pending
TXN00000265,ACC0000365,2023-06-26,8:42:00,Transfer,6585.74,Mobile,Rent,8868.8,Pending
TXN00000361,ACC0000365,2023-07-24,18:40:00,Transfer,3202.99,Wire Transfer,Transfer,8868.8,Failed
TXN00001978,ACC0000365,2023-12-19,17:44:00,Transfer,13373.6,Branch,Investment,8868.8,Pending
TXN00000543,ACC0000365,2024-03-17,18:55:00,Interest,4607.53,Branch,Investment,8868.8,Failed
TXN00004384,ACC0000365,2024-07-22,12:40:00,Fee,3628.54,Online,Utility,2276.98,Completed
TXN00000196,ACC0000365,2024-07-22,8:42:00,Transfer,2963.28,Wire Transfer,Transfer,5905.52,Completed
TXN00001620,ACC0000365,2024-08-29,8:06:00,ATM Withdrawal,8730.26,ATM,Utility,2276.98,Failed
TXN00001075,ACC0000366,2022-06-30,21:52:00,ATM Withdrawal,3264.72,ATM,Utility,52728.01,Failed
TXN00002769,ACC0000366,2023-02-12,22:11:00,Debit,7551.95,Mobile,Rent,45176.06,Completed
TXN00004462,ACC0000366,2023-05-04,16:13:00,Transfer,10440.77,Online,Rent,34735.29,Completed
TXN00003887,ACC0000366,2023-07-15,9:30:00,Interest,2966.23,Online,Investment,37701.52,Completed
TXN00000427,ACC0000366,2023-07-31,12:14:00,Interest,14377.94,Online,Investment,37701.52,Failed
TXN00002124,ACC0000366,2024-01-05,22:08:00,Transfer,952.18,Wire Transfer,Transfer,37701.52,Failed
TXN00003563,ACC0000366,2024-02-08,16:38:00,Debit,3299.23,Mobile,Rent,37701.52,Failed
TXN00004156,ACC0000366,2024-02-21,16:54:00,Debit,6817.66,POS,Utility,37701.52,Pending
TXN00004797,ACC0000366,2024-05-18,13:54:00,ATM Withdrawal,4880.58,ATM,Rent,37701.52,Pending
TXN00000253,ACC0000366,2024-05-20,16:23:00,Fee,10320.81,Branch,Utility,37701.52,Pending
TXN00001404,ACC0000366,2024-08-11,13:53:00,Interest,1681.87,Branch,Investment,37701.52,Failed
TXN00000730,ACC0000367,2023-11-19,9:28:00,Credit,262.31,Online,Refund,31902.47,Completed
TXN00002523,ACC0000367,2023-12-09,13:50:00,Transfer,13651.99,Mobile,Rent,31902.47,Failed
TXN00001806,ACC0000367,2024-02-07,11:57:00,Transfer,4388.56,Online,Rent,27513.91,Completed
TXN00001079,ACC0000367,2024-07-01,16:23:00,ATM Withdrawal,11730.58,ATM,Utility,27513.91,Pending
TXN00001008,ACC0000367,2024-08-20,17:22:00,ATM Withdrawal,56.48,ATM,Utility,27457.43,Completed
TXN00001580,ACC0000367,2024-08-27,14:29:00,Debit,13898.68,Mobile,Rent,27457.43,Failed
TXN00003539,ACC0000368,2022-09-04,15:23:00,Fee,5482.2,Online,Utility,4874.48,Pending
TXN00002588,ACC0000368,2023-04-03,12:28:00,Debit,2713.44,Online,Rent,2161.04,Completed
TXN00003603,ACC0000368,2023-06-15,17:16:00,ATM Withdrawal,390.54,ATM,Purchase,1770.5,Completed
TXN00004830,ACC0000368,2023-08-31,21:34:00,ATM Withdrawal,229.7,ATM,Utility,1770.5,Failed
TXN00004683,ACC0000368,2023-10-09,10:43:00,ATM Withdrawal,759.23,ATM,Utility,1770.5,Failed
TXN00004243,ACC0000368,2024-01-04,9:29:00,Fee,744.12,Mobile,Utility,1026.38,Completed
TXN00002123,ACC0000368,2024-02-03,10:11:00,Debit,11435.08,Online,Utility,1026.38,Pending
TXN00000902,ACC0000368,2024-03-26,14:09:00,Fee,754.66,Mobile,Utility,271.72,Completed
TXN00004499,ACC0000368,2024-05-04,22:49:00,Credit,12007.78,Mobile,Investment,12279.5,Completed
TXN00001885,ACC0000369,2022-01-17,9:12:00,Debit,3563.02,Online,Rent,21880.54,Completed
TXN00002894,ACC0000369,2022-07-29,16:59:00,Interest,2680.37,Online,Investment,21880.54,Failed
TXN00000077,ACC0000369,2023-10-11,8:08:00,Interest,10610.11,Branch,Investment,32490.65,Completed
TXN00002289,ACC0000369,2024-02-25,10:09:00,Debit,6105.88,Mobile,Rent,26384.77,Completed
TXN00000672,ACC0000369,2024-08-07,15:24:00,Fee,364.9,Mobile,Utility,26019.87,Completed
TXN00000218,ACC0000370,2022-04-11,13:37:00,Debit,6690.61,Mobile,Purchase,42417.5,Completed
TXN00004388,ACC0000370,2023-04-01,10:21:00,Transfer,14621.4,Online,Investment,42417.5,Pending
TXN00000873,ACC0000370,2023-06-19,14:30:00,Interest,2139.89,Branch,Investment,42417.5,Pending
TXN00001461,ACC0000370,2024-03-12,21:06:00,Debit,6823.4,Online,Purchase,42417.5,Pending
TXN00000984,ACC0000370,2024-07-02,22:13:00,Credit,12695.69,Mobile,Salary,42417.5,Failed
TXN00001035,ACC0000370,2024-09-27,10:21:00,Debit,11669.8,Mobile,Utility,42417.5,Pending
TXN00004455,ACC0000370,2024-10-01,18:38:00,Transfer,4701.68,Branch,Rent,42417.5,Pending
TXN00000559,ACC0000370,2024-10-06,18:06:00,Credit,4445.49,Branch,Refund,42417.5,Pending
TXN00002813,ACC0000371,2022-01-01,15:13:00,Transfer,12282.63,Wire Transfer,Rent,14527.51,Pending
TXN00000411,ACC0000371,2023-09-06,12:46:00,Fee,2956.7,Branch,Utility,11570.81,Completed
TXN00003374,ACC0000371,2024-03-28,17:21:00,Transfer,1677.94,Branch,Investment,11570.81,Failed
TXN00001419,ACC0000371,2024-06-23,16:54:00,Debit,7691.91,Mobile,Rent,11570.81,Pending
TXN00001360,ACC0000372,2024-07-20,19:41:00,Credit,6740.34,Mobile,Investment,14607.59,Failed
TXN00001251,ACC0000372,2024-09-24,20:30:00,Credit,6126.96,Branch,Refund,14607.59,Pending
TXN00003722,ACC0000372,2024-12-29,10:19:00,Debit,5302.65,Online,Utility,9304.94,Completed
TXN00002416,ACC0000373,2022-07-22,19:40:00,Interest,4289.96,Online,Investment,48698.39,Completed
TXN00004709,ACC0000373,2023-02-07,18:55:00,Debit,6842.6,Online,Utility,48698.39,Pending
TXN00004050,ACC0000373,2023-11-19,9:40:00,Credit,6816.9,Branch,Refund,48698.39,Failed
TXN00001599,ACC0000373,2023-12-28,21:51:00,Transfer,2518.05,Mobile,Investment,46180.34,Completed
TXN00001546,ACC0000373,2024-03-16,10:28:00,Interest,853.2,Branch,Investment,46180.34,Failed
TXN00001165,ACC0000373,2024-09-17,13:11:00,Credit,507.67,Branch,Salary,46180.34,Failed
TXN00000021,ACC0000374,2022-07-22,9:16:00,Transfer,12295.04,Online,Investment,71917.83,Failed
TXN00002481,ACC0000374,2022-08-09,18:32:00,Transfer,10801.21,Mobile,Rent,71917.83,Pending
TXN00004874,ACC0000374,2023-06-06,16:08:00,Transfer,8339.78,Wire Transfer,Rent,71917.83,Pending
TXN00002219,ACC0000374,2023-07-01,13:31:00,Debit,14949.52,Online,Rent,71917.83,Failed
TXN00004865,ACC0000374,2024-08-17,14:50:00,Fee,8114.53,Mobile,Utility,71917.83,Pending
TXN00004887,ACC0000375,2024-02-15,10:43:00,Interest,6157.59,Online,Investment,34573.34,Failed
TXN00004223,ACC0000375,2024-03-07,18:02:00,Credit,4952.67,Mobile,Refund,34573.34,Pending
TXN00002463,ACC0000375,2024-04-03,20:23:00,Interest,3232.98,Branch,Investment,34573.34,Pending
TXN00002493,ACC0000375,2024-04-29,12:32:00,Credit,4728.12,Mobile,Salary,39301.46,Completed
TXN00001684,ACC0000375,2024-07-24,18:37:00,Debit,4617.26,Online,Rent,34684.2,Completed
TXN00004389,ACC0000375,2024-07-28,9:19:00,Debit,1033.47,POS,Utility,34684.2,Pending
TXN00001071,ACC0000375,2024-08-10,16:11:00,Transfer,9996.97,Branch,Investment,34684.2,Pending
TXN00000232,ACC0000375,2024-09-06,10:54:00,Debit,6053.31,Mobile,Utility,34684.2,Pending
TXN00003992,ACC0000375,2024-10-11,15:14:00,Interest,2461.5,Branch,Investment,34684.2,Failed
TXN00004789,ACC0000375,2024-11-13,14:43:00,Debit,14941.0,Online,Purchase,34684.2,Failed
TXN00001551,ACC0000375,2024-12-20,18:30:00,Debit,13323.75,Mobile,Rent,34684.2,Failed
TXN00003460,ACC0000376,2022-03-22,19:23:00,Fee,4947.98,Online,Utility,2801.67,Pending
TXN00003595,ACC0000376,2024-04-11,12:36:00,Credit,5796.02,Branch,Investment,2801.67,Pending
TXN00002000,ACC0000376,2024-08-02,19:02:00,Fee,1895.26,Online,Utility,906.41,Completed
TXN00003244,ACC0000377,2022-01-21,19:43:00,ATM Withdrawal,11609.75,ATM,Rent,338.37,Failed
TXN00002976,ACC0000377,2022-10-13,14:01:00,Transfer,144.93,Branch,Rent,193.44,Completed
TXN00004059,ACC0000377,2023-01-16,15:06:00,Debit,107.02,Mobile,Rent,86.42,Completed
TXN00004845,ACC0000377,2023-04-08,10:10:00,Fee,12108.64,Branch,Utility,86.42,Failed
TXN00002541,ACC0000377,2023-10-25,16:12:00,Credit,3831.24,Online,Salary,86.42,Pending
TXN00000262,ACC0000377,2024-04-05,16:41:00,Credit,1289.92,Mobile,Investment,86.42,Failed
TXN00003870,ACC0000377,2024-08-09,19:49:00,ATM Withdrawal,2619.9,ATM,Rent,86.42,Failed
TXN00000564,ACC0000378,2022-03-04,18:04:00,Fee,14853.48,Online,Utility,3875.43,Failed
TXN00002495,ACC0000378,2022-04-24,21:34:00,Credit,8960.2,Mobile,Salary,12835.63,Completed
TXN00002518,ACC0000378,2022-07-31,9:33:00,Debit,5921.9,Mobile,Purchase,12835.63,Failed
TXN00000864,ACC0000378,2022-10-09,12:53:00,Debit,2873.14,Online,Utility,12835.63,Pending
TXN00004484,ACC0000378,2023-02-20,17:15:00,ATM Withdrawal,14425.45,ATM,Utility,12835.63,Pending
TXN00000140,ACC0000378,2023-05-29,21:40:00,Interest,502.28,Branch,Investment,12835.63,Pending
TXN00003819,ACC0000378,2023-07-03,20:51:00,ATM Withdrawal,1098.6,ATM,Rent,11737.03,Completed
TXN00002069,ACC0000378,2023-10-13,16:49:00,Fee,10558.0,Mobile,Utility,1179.03,Completed
TXN00001804,ACC0000378,2023-12-07,22:28:00,Debit,2628.81,POS,Rent,1179.03,Failed
TXN00004195,ACC0000378,2024-06-06,15:57:00,ATM Withdrawal,626.96,ATM,Rent,552.07,Completed
TXN00004764,ACC0000379,2022-04-29,14:54:00,Transfer,13142.22,Mobile,Rent,13353.42,Pending
TXN00000860,ACC0000379,2022-05-20,17:53:00,Credit,9696.19,Online,Refund,23049.61,Completed
TXN00002719,ACC0000379,2022-10-11,18:44:00,Transfer,10676.63,Online,Investment,23049.61,Failed
TXN00004804,ACC0000379,2022-11-28,12:16:00,Debit,12206.0,Online,Rent,23049.61,Pending
TXN00002024,ACC0000379,2023-02-06,21:29:00,Fee,3321.91,Online,Utility,23049.61,Pending
TXN00003553,ACC0000379,2023-04-24,12:06:00,Transfer,6405.73,Online,Rent,16643.88,Completed
TXN00000635,ACC0000379,2024-01-09,15:07:00,Credit,2996.81,Online,Refund,19640.69,Completed
TXN00003561,ACC0000379,2024-02-04,21:25:00,Transfer,2897.91,Mobile,Investment,19640.69,Failed
TXN00000342,ACC0000379,2024-06-25,9:44:00,Interest,11403.22,Branch,Investment,19640.69,Pending
TXN00000523,ACC0000379,2024-11-16,14:51:00,ATM Withdrawal,1711.75,ATM,Rent,17928.94,Completed
TXN00000146,ACC0000380,2022-08-01,21:12:00,Credit,13604.08,Mobile,Investment,17364.41,Completed
TXN00000975,ACC0000380,2023-03-15,20:00:00,Debit,12018.25,Mobile,Purchase,17364.41,Pending
TXN00001485,ACC0000380,2023-05-21,17:48:00,Debit,1001.78,Mobile,Rent,16362.63,Completed
TXN00004201,ACC0000380,2023-05-31,18:01:00,ATM Withdrawal,6235.06,ATM,Utility,10127.57,Completed
TXN00002213,ACC0000380,2023-10-29,14:01:00,Credit,10490.68,Online,Refund,20618.25,Completed
TXN00002121,ACC0000380,2023-12-04,11:35:00,Debit,14797.7,Online,Purchase,5820.55,Completed
TXN00004914,ACC0000380,2024-11-09,10:37:00,Debit,2152.18,Online,Utility,5820.55,Pending
TXN00001899,ACC0000381,2022-03-14,17:59:00,Debit,11556.13,Online,Rent,58856.54,Failed
TXN00003509,ACC0000381,2022-04-27,20:57:00,Debit,7633.9,POS,Utility,58856.54,Failed
TXN00000266,ACC0000381,2022-08-19,14:00:00,Credit,11376.53,Mobile,Salary,58856.54,Pending
TXN00000717,ACC0000381,2022-08-28,19:07:00,Credit,12228.57,Online,Refund,71085.11,Completed
TXN00002297,ACC0000381,2022-08-29,18:44:00,Debit,12242.99,Mobile,Purchase,58842.12,Completed
TXN00002676,ACC0000381,2022-11-16,14:11:00,Fee,1763.05,Mobile,Utility,58842.12,Pending
TXN00003869,ACC0000381,2022-12-31,21:10:00,Debit,12103.04,POS,Purchase,58842.12,Failed
TXN00002807,ACC0000381,2023-01-06,21:21:00,Transfer,14411.02,Mobile,Investment,44431.1,Completed
TXN00000944,ACC0000381,2023-11-25,11:05:00,Fee,2385.08,Online,Utility,44431.1,Pending
TXN00000541,ACC0000381,2023-12-10,19:40:00,Interest,12831.57,Branch,Investment,44431.1,Pending
TXN00003520,ACC0000381,2024-01-19,8:02:00,Credit,13296.06,Online,Refund,57727.16,Completed
TXN00002420,ACC0000381,2024-06-11,16:59:00,ATM Withdrawal,8890.55,ATM,Purchase,48836.61,Completed
TXN00002584,ACC0000382,2023-04-02,10:47:00,Fee,11548.71,Mobile,Utility,39609.21,Completed
TXN00003028,ACC0000382,2023-06-10,14:48:00,Fee,2720.06,Online,Utility,36889.15,Completed
TXN00004375,ACC0000382,2023-08-16,22:52:00,Fee,376.5,Online,Utility,36889.15,Failed
TXN00003238,ACC0000382,2023-08-28,22:29:00,Debit,13089.19,Online,Purchase,23799.96,Completed
TXN00002704,ACC0000382,2023-09-01,10:05:00,Fee,5069.37,Online,Utility,23799.96,Failed
TXN00001380,ACC0000382,2023-10-11,12:48:00,Interest,13516.31,Branch,Investment,37316.27,Completed
TXN00002496,ACC0000382,2024-02-04,9:22:00,ATM Withdrawal,1892.27,ATM,Purchase,37316.27,Failed
TXN00003590,ACC0000382,2024-07-19,8:54:00,Credit,7635.59,Branch,Refund,44951.86,Completed
TXN00003019,ACC0000382,2024-09-18,22:18:00,Credit,6773.75,Online,Salary,51725.61,Completed
TXN00002942,ACC0000383,2022-01-20,22:11:00,Debit,5042.94,Mobile,Utility,21824.36,Pending
TXN00004783,ACC0000383,2022-02-07,19:06:00,Transfer,10649.1,Wire Transfer,Investment,21824.36,Pending
TXN00002359,ACC0000383,2023-01-01,10:53:00,Transfer,11915.88,Mobile,Transfer,9908.48,Completed
TXN00002885,ACC0000383,2023-01-25,22:50:00,Credit,6046.7,Branch,Refund,9908.48,Pending
TXN00003378,ACC0000383,2023-02-05,17:38:00,Fee,10074.5,Mobile,Utility,9908.48,Pending
TXN00003494,ACC0000383,2023-07-12,20:32:00,Debit,4647.48,Mobile,Rent,9908.48,Pending
TXN00001734,ACC0000383,2024-07-29,14:11:00,ATM Withdrawal,4753.02,ATM,Rent,5155.46,Completed
TXN00001989,ACC0000383,2024-11-08,16:19:00,Debit,9323.67,Online,Rent,5155.46,Pending
TXN00003218,ACC0000384,2022-09-13,22:36:00,Interest,12013.71,Online,Investment,17022.1,Failed
TXN00001593,ACC0000384,2022-09-27,21:40:00,Fee,3504.95,Branch,Utility,13517.15,Completed
TXN00003170,ACC0000384,2023-03-22,17:56:00,Transfer,9796.62,Wire Transfer,Rent,13517.15,Failed
TXN00000191,ACC0000384,2024-03-02,8:54:00,Fee,13102.68,Branch,Utility,13517.15,Pending
TXN00002392,ACC0000384,2024-12-22,22:36:00,ATM Withdrawal,13995.49,ATM,Utility,13517.15,Failed
TXN00002476,ACC0000385,2022-06-05,20:57:00,Fee,4566.33,Branch,Utility,28127.39,Pending
TXN00003713,ACC0000385,2022-09-08,19:19:00,Transfer,808.12,Wire Transfer,Investment,28127.39,Pending
TXN00000697,ACC0000385,2022-10-05,11:13:00,Interest,4628.9,Online,Investment,32756.29,Completed
TXN00004322,ACC0000385,2022-12-13,10:21:00,Debit,3403.18,POS,Utility,29353.11,Completed
TXN00000185,ACC0000385,2023-02-01,14:40:00,Credit,3218.75,Mobile,Salary,29353.11,Failed
TXN00001783,ACC0000385,2023-03-05,21:43:00,Debit,9473.62,Online,Utility,19879.49,Completed
TXN00000756,ACC0000385,2023-05-13,18:41:00,Fee,2167.96,Online,Utility,17711.53,Completed
TXN00003377,ACC0000385,2023-08-20,9:51:00,Debit,8978.31,Online,Purchase,17711.53,Pending
TXN00003579,ACC0000385,2023-08-28,9:08:00,Transfer,1806.86,Branch,Investment,15904.67,Completed
TXN00002152,ACC0000386,2022-02-10,15:38:00,Debit,3246.03,Mobile,Rent,0.0,Completed
TXN00003385,ACC0000386,2022-07-20,15:09:00,Fee,8433.16,Online,Utility,0.0,Failed
TXN00003898,ACC0000386,2022-12-26,21:05:00,Debit,9091.36,Mobile,Rent,0.0,Failed
TXN00004436,ACC0000386,2023-09-14,9:17:00,Interest,8815.3,Branch,Investment,8815.3,Completed
TXN00000809,ACC0000387,2022-04-19,16:57:00,Interest,14817.9,Branch,Investment,70871.95,Pending
TXN00001276,ACC0000387,2023-03-28,22:29:00,Credit,8328.04,Branch,Investment,79199.99,Completed
TXN00003311,ACC0000387,2023-06-23,16:40:00,ATM Withdrawal,10526.54,ATM,Purchase,79199.99,Failed
TXN00000228,ACC0000387,2023-07-11,21:37:00,Debit,6532.89,POS,Rent,79199.99,Pending
TXN00003350,ACC0000387,2023-09-26,8:21:00,Transfer,4624.24,Branch,Transfer,74575.75,Completed
TXN00002248,ACC0000387,2024-02-29,16:05:00,Interest,14518.2,Online,Investment,89093.95,Completed
TXN00000510,ACC0000387,2024-09-03,13:33:00,Credit,14444.94,Branch,Salary,103538.89,Completed
TXN00003986,ACC0000388,2022-06-17,19:02:00,Credit,14124.95,Mobile,Refund,20352.69,Pending
TXN00001181,ACC0000388,2022-07-09,16:20:00,Credit,13892.3,Online,Investment,34244.99,Completed
TXN00004568,ACC0000388,2023-01-31,14:49:00,Fee,557.89,Mobile,Utility,34244.99,Pending
TXN00002563,ACC0000388,2023-04-02,8:50:00,Transfer,10879.58,Mobile,Rent,34244.99,Pending
TXN00000854,ACC0000388,2023-09-05,9:06:00,Debit,12112.2,Mobile,Utility,22132.79,Completed
TXN00004226,ACC0000388,2024-01-19,11:47:00,Credit,3248.17,Branch,Salary,22132.79,Pending
TXN00003208,ACC0000388,2024-03-26,11:12:00,ATM Withdrawal,3877.96,ATM,Rent,22132.79,Pending
TXN00002252,ACC0000388,2024-07-22,15:20:00,Credit,11084.93,Branch,Salary,22132.79,Failed
TXN00002281,ACC0000388,2024-08-12,21:05:00,ATM Withdrawal,6957.22,ATM,Utility,15175.57,Completed
TXN00002321,ACC0000389,2018-11-29,13:40:00,Debit,9675.13,Mobile,Utility,67352.52,Completed
TXN00000686,ACC0000389,2019-11-04,18:43:00,Debit,2965.17,Online,Purchase,67352.52,Failed
TXN00002645,ACC0000389,2020-01-11,22:20:00,Fee,8143.59,Mobile,Utility,59208.93,Completed
TXN00002688,ACC0000389,2021-03-22,16:53:00,Interest,8295.09,Online,Investment,59208.93,Failed
TXN00002850,ACC0000389,2021-08-11,10:45:00,Interest,13867.08,Branch,Investment,73076.01,Completed
TXN00000567,ACC0000390,2023-01-13,8:28:00,Transfer,3296.24,Online,Investment,28632.9,Completed
TXN00001584,ACC0000390,2023-01-27,19:28:00,Transfer,549.43,Online,Investment,28632.9,Pending
TXN00003657,ACC0000390,2023-02-26,17:02:00,ATM Withdrawal,11091.41,ATM,Rent,28632.9,Pending
TXN00000633,ACC0000390,2023-07-17,18:34:00,Interest,6112.86,Online,Investment,28632.9,Pending
TXN00000798,ACC0000390,2024-01-10,15:58:00,Interest,10360.55,Online,Investment,38993.45,Completed
TXN00001253,ACC0000390,2024-06-10,16:44:00,Interest,4110.47,Online,Investment,38993.45,Failed
TXN00000060,ACC0000390,2024-06-15,20:37:00,Debit,12101.74,POS,Utility,38993.45,Failed
TXN00004851,ACC0000390,2024-09-15,9:20:00,Fee,11035.79,Mobile,Utility,38993.45,Pending
TXN00000863,ACC0000391,2022-01-29,8:43:00,Interest,7593.34,Online,Investment,14994.28,Completed
TXN00003457,ACC0000391,2022-02-25,21:23:00,Interest,3194.08,Online,Investment,18188.36,Completed
TXN00001717,ACC0000391,2022-05-06,21:07:00,Fee,2413.76,Branch,Utility,15774.6,Completed
TXN00003583,ACC0000391,2023-04-21,19:57:00,Fee,13698.78,Branch,Utility,2075.82,Completed
TXN00001802,ACC0000391,2023-06-13,18:40:00,Fee,1389.14,Online,Utility,686.68,Completed
TXN00000875,ACC0000391,2024-05-28,22:19:00,Interest,6271.48,Online,Investment,686.68,Pending
TXN00004934,ACC0000391,2024-11-14,19:49:00,Fee,5968.99,Mobile,Utility,686.68,Failed
TXN00002788,ACC0000392,2022-09-18,22:30:00,Fee,1267.41,Mobile,Utility,25548.77,Failed
TXN00001694,ACC0000392,2023-02-17,18:43:00,Fee,468.44,Online,Utility,25548.77,Failed
TXN00002665,ACC0000392,2023-05-12,8:38:00,Credit,3402.4,Branch,Refund,25548.77,Failed
TXN00000318,ACC0000393,2022-12-07,13:26:00,ATM Withdrawal,6258.47,ATM,Utility,14415.84,Failed
TXN00000690,ACC0000393,2023-03-27,12:24:00,Debit,3338.85,POS,Utility,11076.99,Completed
TXN00000095,ACC0000393,2023-10-23,19:13:00,Transfer,3836.07,Wire Transfer,Transfer,11076.99,Pending
TXN00002735,ACC0000393,2023-11-06,15:38:00,Transfer,4412.58,Branch,Transfer,6664.41,Completed
TXN00002878,ACC0000393,2023-11-09,21:43:00,Credit,14109.57,Branch,Salary,6664.41,Pending
TXN00003488,ACC0000393,2024-05-05,19:08:00,ATM Withdrawal,2008.03,ATM,Purchase,6664.41,Pending
TXN00004170,ACC0000393,2024-08-26,17:46:00,Interest,11788.63,Online,Investment,6664.41,Failed
TXN00003044,ACC0000393,2024-09-17,18:16:00,Transfer,9952.92,Branch,Rent,6664.41,Pending
TXN00001905,ACC0000394,2022-04-02,21:00:00,Fee,4531.64,Online,Utility,50790.38,Completed
TXN00004099,ACC0000394,2022-07-22,17:14:00,Interest,11495.25,Online,Investment,50790.38,Pending
TXN00004758,ACC0000394,2022-11-28,11:13:00,Fee,12045.92,Branch,Utility,50790.38,Failed
TXN00002590,ACC0000394,2023-02-06,11:50:00,Interest,7768.11,Branch,Investment,58558.49,Completed
TXN00004878,ACC0000394,2023-04-22,22:07:00,Credit,6690.8,Mobile,Refund,65249.29,Completed
TXN00002271,ACC0000394,2024-01-10,8:12:00,Debit,9536.35,Mobile,Rent,65249.29,Pending
TXN00000763,ACC0000394,2024-05-25,12:43:00,ATM Withdrawal,5370.37,ATM,Purchase,65249.29,Pending
TXN00000655,ACC0000394,2024-09-24,11:13:00,Credit,2211.72,Mobile,Refund,67461.01,Completed
TXN00000299,ACC0000395,2022-03-06,17:59:00,ATM Withdrawal,2074.45,ATM,Purchase,36659.75,Pending
TXN00003482,ACC0000395,2022-07-23,19:47:00,ATM Withdrawal,13159.61,ATM,Rent,36659.75,Failed
TXN00002236,ACC0000395,2022-08-15,13:16:00,Debit,3454.47,POS,Purchase,36659.75,Failed
TXN00004083,ACC0000395,2022-11-07,14:03:00,Interest,5348.39,Branch,Investment,36659.75,Failed
TXN00003522,ACC0000395,2022-11-16,20:53:00,Transfer,8838.63,Mobile,Rent,36659.75,Failed
TXN00001142,ACC0000396,2023-01-14,10:16:00,ATM Withdrawal,1186.67,ATM,Purchase,38593.73,Pending
TXN00000184,ACC0000396,2023-03-01,15:22:00,Credit,2200.62,Online,Investment,40794.35,Completed
TXN00003808,ACC0000396,2023-04-07,9:10:00,Interest,11434.02,Online,Investment,40794.35,Pending
TXN00003128,ACC0000396,2023-06-28,12:35:00,Debit,1318.25,Mobile,Purchase,40794.35,Pending
TXN00001499,ACC0000396,2023-08-17,11:07:00,Transfer,7541.82,Wire Transfer,Transfer,33252.53,Completed
TXN00002785,ACC0000396,2024-04-11,11:03:00,Transfer,6205.0,Branch,Investment,33252.53,Pending
TXN00003395,ACC0000396,2024-08-13,18:03:00,Interest,14024.19,Online,Investment,47276.72,Completed
TXN00003030,ACC0000397,2022-07-21,18:29:00,Fee,11300.68,Mobile,Utility,5034.26,Failed
TXN00001917,ACC0000397,2022-07-24,20:38:00,ATM Withdrawal,4742.82,ATM,Purchase,291.44,Completed
TXN00000907,ACC0000397,2022-11-07,14:42:00,ATM Withdrawal,3751.23,ATM,Purchase,291.44,Failed
TXN00001429,ACC0000397,2023-05-15,9:40:00,Transfer,11464.12,Wire Transfer,Transfer,291.44,Pending
TXN00003051,ACC0000397,2023-06-14,16:00:00,Credit,8362.38,Online,Investment,8653.82,Completed
TXN00004477,ACC0000397,2023-07-10,9:48:00,Credit,13162.55,Mobile,Investment,21816.37,Completed
TXN00004936,ACC0000397,2023-11-19,18:54:00,ATM Withdrawal,98.58,ATM,Utility,21717.79,Completed
TXN00004644,ACC0000398,2019-08-17,14:18:00,ATM Withdrawal,11471.08,ATM,Utility,23575.88,Pending
TXN00000885,ACC0000398,2022-02-13,21:29:00,Fee,5157.97,Branch,Utility,23575.88,Failed
TXN00000434,ACC0000398,2022-02-21,17:45:00,Credit,12774.54,Mobile,Investment,23575.88,Failed
TXN00000681,ACC0000398,2022-03-12,13:58:00,Credit,12097.19,Branch,Investment,35673.07,Completed
TXN00004008,ACC0000398,2022-05-29,11:19:00,Credit,14928.44,Online,Refund,35673.07,Pending
TXN00002527,ACC0000398,2022-07-17,12:36:00,ATM Withdrawal,9970.5,ATM,Purchase,25702.57,Completed
TXN00000840,ACC0000398,2022-09-20,16:31:00,Interest,3616.05,Branch,Investment,25702.57,Failed
TXN00004011,ACC0000398,2022-10-14,19:45:00,Credit,14379.52,Online,Salary,40082.09,Completed
TXN00001230,ACC0000398,2022-12-17,22:53:00,Interest,12725.14,Online,Investment,52807.23,Completed
TXN00002736,ACC0000398,2023-02-09,13:52:00,Interest,2870.94,Branch,Investment,55678.17,Completed
TXN00001790,ACC0000399,2022-03-27,15:42:00,ATM Withdrawal,3922.84,ATM,Rent,6807.13,Completed
TXN00004188,ACC0000399,2022-04-12,16:38:00,Fee,4719.59,Online,Utility,6807.13,Failed
TXN00000115,ACC0000399,2022-06-30,14:59:00,Transfer,676.24,Branch,Transfer,6807.13,Pending
TXN00003190,ACC0000399,2023-04-22,22:43:00,Fee,8780.28,Online,Utility,6807.13,Pending
TXN00003602,ACC0000399,2023-05-24,10:12:00,ATM Withdrawal,3629.09,ATM,Purchase,3178.04,Completed
TXN00000189,ACC0000399,2024-03-23,12:14:00,Debit,12303.12,Online,Rent,3178.04,Failed
TXN00000141,ACC0000400,2022-10-23,13:56:00,Interest,8806.33,Branch,Investment,23944.79,Completed
TXN00002790,ACC0000400,2022-12-07,20:32:00,Fee,5015.61,Mobile,Utility,23944.79,Pending
TXN00001096,ACC0000400,2023-03-31,14:47:00,ATM Withdrawal,3178.78,ATM,Purchase,20766.01,Completed
TXN00001267,ACC0000400,2023-05-21,13:21:00,Debit,7390.71,POS,Purchase,20766.01,Failed
TXN00002609,ACC0000400,2023-08-27,15:55:00,Credit,6966.39,Branch,Salary,20766.01,Failed
TXN00000572,ACC0000400,2023-11-14,11:39:00,Debit,5108.04,Mobile,Purchase,15657.97,Completed
TXN00001830,ACC0000400,2023-12-24,10:27:00,Debit,10316.28,Online,Purchase,15657.97,Failed
TXN00001265,ACC0000400,2024-10-22,12:43:00,Interest,5303.37,Online,Investment,20961.34,Completed
TXN00002253,ACC0000401,2022-03-05,18:42:00,Debit,10443.47,Online,Rent,0.0,Completed
TXN00001757,ACC0000401,2023-01-13,11:00:00,ATM Withdrawal,13697.78,ATM,Purchase,0.0,Pending
TXN00004750,ACC0000401,2023-07-28,17:27:00,Fee,12703.44,Branch,Utility,0.0,Failed
TXN00001656,ACC0000401,2023-12-23,11:18:00,Transfer,5714.11,Mobile,Investment,0.0,Failed
TXN00003259,ACC0000401,2024-03-23,10:49:00,Transfer,3153.86,Branch,Rent,0.0,Failed
TXN00001027,ACC0000401,2024-08-11,18:32:00,Transfer,9886.74,Wire Transfer,Investment,0.0,Failed
TXN00002301,ACC0000401,2024-12-28,8:20:00,Interest,2965.57,Online,Investment,0.0,Failed
TXN00002558,ACC0000402,2023-11-13,8:00:00,Credit,10232.02,Mobile,Salary,64916.18,Completed
TXN00001011,ACC0000402,2024-11-03,15:17:00,Fee,4271.54,Mobile,Utility,64916.18,Pending
TXN00003290,ACC0000403,2022-11-28,21:30:00,Transfer,13363.12,Branch,Rent,54764.95,Pending
TXN00004220,ACC0000403,2023-07-10,13:55:00,Interest,11729.1,Online,Investment,54764.95,Pending
TXN00002065,ACC0000403,2023-08-28,14:21:00,Transfer,11348.81,Mobile,Transfer,54764.95,Failed
TXN00003352,ACC0000403,2024-01-19,11:12:00,ATM Withdrawal,540.46,ATM,Utility,54764.95,Pending
TXN00004847,ACC0000403,2024-04-01,11:34:00,ATM Withdrawal,372.92,ATM,Rent,54764.95,Failed
TXN00000491,ACC0000403,2024-12-13,18:45:00,Transfer,5668.54,Mobile,Rent,54764.95,Failed
TXN00002930,ACC0000404,2022-01-04,12:04:00,Credit,9261.44,Online,Salary,37668.95,Completed
TXN00001266,ACC0000404,2024-07-04,16:28:00,Credit,11261.15,Branch,Refund,37668.95,Pending
TXN00004899,ACC0000404,2024-07-31,16:40:00,ATM Withdrawal,9537.05,ATM,Purchase,37668.95,Failed
TXN00001664,ACC0000404,2024-09-07,10:57:00,Transfer,3937.65,Wire Transfer,Transfer,33731.3,Completed
TXN00004835,ACC0000404,2024-11-10,9:18:00,Interest,13387.33,Online,Investment,47118.63,Completed
TXN00004763,ACC0000405,2022-08-30,14:05:00,Credit,13854.77,Online,Salary,32427.4,Failed
TXN00002573,ACC0000405,2023-03-15,11:21:00,Transfer,9873.63,Wire Transfer,Investment,32427.4,Pending
TXN00000034,ACC0000405,2023-04-01,22:54:00,Fee,13370.16,Branch,Utility,19057.24,Completed
TXN00004711,ACC0000405,2023-05-16,12:07:00,Transfer,8491.04,Online,Investment,19057.24,Pending
TXN00000901,ACC0000405,2023-09-15,14:45:00,Interest,11623.83,Branch,Investment,19057.24,Pending
TXN00003912,ACC0000405,2023-12-29,17:20:00,Fee,7781.7,Branch,Utility,19057.24,Failed
TXN00003580,ACC0000405,2024-03-21,16:16:00,ATM Withdrawal,6381.3,ATM,Rent,19057.24,Failed
TXN00004139,ACC0000405,2024-09-08,14:19:00,Debit,6311.36,Online,Purchase,19057.24,Failed
TXN00001864,ACC0000405,2024-11-28,9:39:00,Transfer,9540.43,Wire Transfer,Transfer,19057.24,Pending
TXN00003292,ACC0000405,2024-12-30,21:21:00,Fee,3087.37,Mobile,Utility,19057.24,Pending
TXN00001881,ACC0000406,2023-08-21,9:35:00,Transfer,4821.93,Mobile,Transfer,34529.97,Pending
TXN00004535,ACC0000406,2023-10-13,22:22:00,Interest,12526.55,Online,Investment,34529.97,Pending
TXN00002647,ACC0000406,2023-10-15,17:19:00,Transfer,9806.45,Online,Investment,24723.52,Completed
TXN00003502,ACC0000406,2023-11-09,20:30:00,Fee,2586.29,Branch,Utility,24723.52,Pending
TXN00001049,ACC0000406,2024-01-05,10:59:00,Debit,11480.94,Mobile,Utility,24723.52,Pending
TXN00002650,ACC0000406,2024-01-31,13:25:00,Transfer,11631.51,Wire Transfer,Investment,24723.52,Pending
TXN00003005,ACC0000406,2024-03-28,9:46:00,ATM Withdrawal,7832.37,ATM,Purchase,24723.52,Failed
TXN00001076,ACC0000406,2024-08-24,14:23:00,Transfer,7831.11,Wire Transfer,Transfer,16892.41,Completed
TXN00002888,ACC0000407,2022-05-03,14:15:00,Fee,5929.31,Branch,Utility,3012.11,Completed
TXN00002448,ACC0000407,2022-07-25,13:16:00,Fee,8162.95,Branch,Utility,3012.11,Failed
TXN00001249,ACC0000407,2023-01-22,20:31:00,Fee,14799.83,Branch,Utility,3012.11,Pending
TXN00000219,ACC0000407,2023-06-07,11:32:00,Transfer,12865.73,Mobile,Rent,3012.11,Pending
TXN00003696,ACC0000407,2023-06-09,17:45:00,Debit,2318.34,Mobile,Utility,693.77,Completed
TXN00004916,ACC0000407,2023-06-26,12:39:00,Interest,14248.89,Online,Investment,14942.66,Completed
TXN00004131,ACC0000407,2023-08-08,17:02:00,Debit,8566.53,Online,Purchase,14942.66,Failed
TXN00000475,ACC0000407,2023-10-15,17:59:00,Debit,9648.87,Mobile,Purchase,5293.79,Completed
TXN00004014,ACC0000407,2024-01-08,11:11:00,Credit,1847.87,Branch,Salary,7141.66,Completed
TXN00003383,ACC0000408,2022-02-03,19:08:00,Debit,8190.22,POS,Purchase,11848.9,Pending
TXN00003835,ACC0000408,2022-03-05,8:19:00,Transfer,5821.38,Branch,Investment,11848.9,Failed
TXN00000815,ACC0000408,2022-12-09,16:58:00,ATM Withdrawal,12479.21,ATM,Rent,11848.9,Pending
TXN00002512,ACC0000408,2023-06-21,8:04:00,Transfer,5082.6,Online,Rent,11848.9,Pending
TXN00004164,ACC0000408,2023-09-26,15:30:00,ATM Withdrawal,13978.9,ATM,Purchase,11848.9,Failed
TXN00001777,ACC0000408,2024-06-23,8:52:00,Fee,11283.48,Online,Utility,11848.9,Pending
TXN00003790,ACC0000409,2022-04-04,9:18:00,Transfer,13004.53,Wire Transfer,Rent,5075.09,Failed
TXN00004663,ACC0000409,2022-06-10,8:57:00,Debit,9002.61,POS,Purchase,5075.09,Failed
TXN00001967,ACC0000409,2022-07-03,10:10:00,Debit,4155.94,Online,Rent,919.15,Completed
TXN00003849,ACC0000409,2022-10-22,19:42:00,Interest,12964.65,Branch,Investment,919.15,Failed
TXN00004414,ACC0000409,2023-02-26,9:25:00,Debit,7064.18,Online,Purchase,919.15,Failed
TXN00000459,ACC0000409,2023-05-27,15:07:00,Interest,4018.8,Online,Investment,919.15,Pending
TXN00000653,ACC0000409,2023-09-07,20:12:00,Fee,11.92,Branch,Utility,919.15,Pending
TXN00004263,ACC0000409,2023-12-20,16:36:00,Credit,1133.38,Mobile,Investment,919.15,Failed
TXN00001340,ACC0000409,2024-04-25,9:10:00,Debit,1492.17,Mobile,Purchase,919.15,Failed
TXN00004333,ACC0000409,2024-11-26,18:21:00,Fee,8190.19,Online,Utility,919.15,Pending
TXN00001844,ACC0000410,2023-06-24,21:47:00,ATM Withdrawal,10368.12,ATM,Utility,42071.08,Failed
TXN00001647,ACC0000410,2023-08-11,10:35:00,Credit,6836.68,Online,Investment,42071.08,Failed
TXN00002474,ACC0000410,2023-10-31,15:25:00,Interest,3011.71,Online,Investment,45082.79,Completed
TXN00001964,ACC0000410,2023-12-04,17:40:00,Credit,8496.54,Mobile,Refund,45082.79,Pending
TXN00004486,ACC0000410,2024-01-26,12:32:00,Transfer,3036.46,Wire Transfer,Rent,42046.33,Completed
TXN00003548,ACC0000410,2024-02-02,19:02:00,Transfer,13044.78,Mobile,Rent,42046.33,Pending
TXN00003883,ACC0000410,2024-02-12,19:31:00,Transfer,8499.86,Branch,Rent,42046.33,Pending
TXN00001137,ACC0000410,2024-04-09,13:05:00,Transfer,12552.54,Wire Transfer,Transfer,42046.33,Failed
TXN00002070,ACC0000410,2024-08-17,15:26:00,Interest,3719.42,Branch,Investment,45765.75,Completed
TXN00002098,ACC0000411,2022-04-13,10:57:00,Fee,11442.56,Online,Utility,1188.98,Failed
TXN00002078,ACC0000411,2022-04-26,8:37:00,ATM Withdrawal,621.28,ATM,Purchase,1188.98,Failed
TXN00002586,ACC0000411,2022-06-05,10:55:00,ATM Withdrawal,13050.95,ATM,Utility,1188.98,Failed
TXN00001463,ACC0000411,2022-07-01,11:49:00,Transfer,5652.34,Online,Rent,1188.98,Pending
TXN00001394,ACC0000411,2023-01-12,22:24:00,Transfer,6736.92,Branch,Transfer,1188.98,Failed
TXN00003006,ACC0000411,2023-04-08,20:42:00,Interest,7613.54,Online,Investment,8802.52,Completed
TXN00004321,ACC0000411,2023-07-17,17:07:00,ATM Withdrawal,4671.5,ATM,Rent,4131.02,Completed
TXN00001547,ACC0000411,2024-01-08,18:38:00,ATM Withdrawal,8917.51,ATM,Rent,4131.02,Failed
TXN00000337,ACC0000411,2024-03-13,9:02:00,Fee,3306.96,Mobile,Utility,824.06,Completed
TXN00001632,ACC0000412,2023-01-13,14:14:00,ATM Withdrawal,8004.76,ATM,Rent,22725.06,Completed
TXN00002032,ACC0000412,2023-10-20,17:44:00,ATM Withdrawal,10625.13,ATM,Rent,22725.06,Failed
TXN00001756,ACC0000412,2024-04-28,9:05:00,Interest,1472.26,Online,Investment,24197.32,Completed
TXN00001476,ACC0000412,2024-04-29,14:05:00,ATM Withdrawal,229.16,ATM,Utility,24197.32,Failed
TXN00000811,ACC0000412,2024-06-08,18:32:00,Debit,11192.33,POS,Rent,24197.32,Pending
TXN00001339,ACC0000412,2024-06-20,20:10:00,Credit,14253.05,Online,Refund,38450.37,Completed
TXN00004306,ACC0000413,2022-11-10,14:45:00,Credit,9468.68,Branch,Salary,1996.16,Pending
TXN00000733,ACC0000413,2023-03-26,8:10:00,Debit,1202.25,Online,Utility,793.91,Completed
TXN00004900,ACC0000414,2022-07-09,14:50:00,Transfer,13715.61,Branch,Transfer,21589.75,Pending
TXN00000948,ACC0000414,2023-01-04,21:21:00,Interest,4304.58,Online,Investment,21589.75,Failed
TXN00000508,ACC0000414,2023-05-01,8:58:00,Fee,14195.73,Online,Utility,21589.75,Pending
TXN00001447,ACC0000414,2024-08-03,13:18:00,Interest,2889.52,Branch,Investment,21589.75,Failed
TXN00003163,ACC0000414,2024-09-17,19:51:00,Debit,13968.39,Mobile,Utility,21589.75,Pending
TXN00002611,ACC0000414,2024-10-03,10:45:00,Transfer,3575.65,Online,Transfer,21589.75,Failed
TXN00001259,ACC0000414,2024-11-06,13:21:00,ATM Withdrawal,222.87,ATM,Rent,21366.88,Completed
TXN00004446,ACC0000414,2024-11-25,14:28:00,Credit,6522.09,Mobile,Refund,27888.97,Completed
TXN00003223,ACC0000415,2022-04-22,19:48:00,Interest,10847.67,Online,Investment,8422.9,Pending
TXN00000553,ACC0000415,2022-12-11,9:41:00,Interest,4145.74,Online,Investment,8422.9,Pending
TXN00003559,ACC0000415,2023-01-26,22:38:00,Credit,11872.01,Mobile,Investment,20294.91,Completed
TXN00004076,ACC0000415,2023-02-07,18:16:00,Credit,5598.87,Mobile,Investment,20294.91,Pending
TXN00002003,ACC0000415,2023-03-20,19:07:00,Fee,12039.33,Mobile,Utility,8255.58,Completed
TXN00004152,ACC0000415,2023-04-01,16:57:00,ATM Withdrawal,4853.95,ATM,Utility,8255.58,Failed
TXN00000015,ACC0000416,2022-01-06,17:35:00,Interest,4938.5,Online,Investment,6773.9,Completed
TXN00002106,ACC0000416,2022-01-07,13:48:00,ATM Withdrawal,5065.31,ATM,Utility,1708.59,Completed
TXN00004203,ACC0000416,2022-06-01,13:48:00,ATM Withdrawal,1278.78,ATM,Rent,429.81,Completed
TXN00002711,ACC0000416,2022-06-14,16:18:00,Debit,9765.67,POS,Utility,429.81,Pending
TXN00004607,ACC0000416,2022-07-03,10:37:00,Credit,14009.53,Online,Refund,429.81,Pending
TXN00000023,ACC0000416,2022-12-19,12:22:00,Credit,9623.39,Branch,Salary,429.81,Pending
TXN00000200,ACC0000416,2023-04-12,17:32:00,ATM Withdrawal,298.58,ATM,Utility,131.23,Completed
TXN00004793,ACC0000416,2023-08-26,9:50:00,Transfer,13112.45,Mobile,Transfer,131.23,Failed
TXN00000216,ACC0000416,2024-03-18,21:21:00,Transfer,11662.58,Mobile,Investment,131.23,Pending
TXN00001536,ACC0000416,2024-10-22,19:08:00,Debit,8731.63,POS,Rent,131.23,Pending
TXN00001820,ACC0000417,2022-07-27,14:03:00,Credit,553.36,Branch,Refund,6589.43,Failed
TXN00003636,ACC0000417,2022-09-03,9:37:00,Fee,6038.56,Online,Utility,6589.43,Failed
TXN00003398,ACC0000417,2023-03-03,17:32:00,Transfer,13673.12,Mobile,Investment,6589.43,Failed
TXN00003551,ACC0000417,2023-07-05,8:43:00,Interest,7439.19,Branch,Investment,6589.43,Failed
TXN00002955,ACC0000418,2022-02-05,19:57:00,Fee,14497.22,Branch,Utility,3417.09,Completed
TXN00004261,ACC0000418,2022-05-19,17:37:00,Debit,8052.65,POS,Rent,3417.09,Failed
TXN00001666,ACC0000418,2023-03-04,10:22:00,Interest,5960.84,Branch,Investment,3417.09,Pending
TXN00001623,ACC0000418,2023-08-26,9:10:00,Debit,37.67,Mobile,Utility,3417.09,Pending
TXN00003958,ACC0000418,2024-02-12,20:47:00,Credit,6265.54,Online,Salary,9682.63,Completed
TXN00004341,ACC0000418,2024-05-27,10:28:00,Fee,4353.89,Mobile,Utility,5328.74,Completed
TXN00002683,ACC0000419,2022-02-09,11:42:00,Debit,1306.65,Mobile,Purchase,8925.51,Completed
TXN00000746,ACC0000419,2022-08-01,13:08:00,Debit,1000.43,POS,Purchase,8925.51,Pending
TXN00004492,ACC0000419,2022-10-08,15:17:00,ATM Withdrawal,14974.24,ATM,Purchase,8925.51,Pending
TXN00000821,ACC0000419,2023-09-27,18:47:00,Interest,108.88,Branch,Investment,9034.39,Completed
TXN00000054,ACC0000420,2023-08-20,16:21:00,Debit,3684.33,POS,Utility,26658.01,Completed
TXN00002437,ACC0000420,2024-01-24,12:05:00,Debit,6050.36,Mobile,Utility,26658.01,Pending
TXN00003489,ACC0000420,2024-10-16,21:16:00,ATM Withdrawal,11414.37,ATM,Purchase,26658.01,Failed
TXN00000070,ACC0000420,2024-11-25,21:23:00,Fee,2562.22,Online,Utility,26658.01,Failed
TXN00001707,ACC0000421,2022-11-14,20:08:00,Interest,1529.87,Branch,Investment,10113.17,Failed
TXN00000721,ACC0000421,2023-02-01,18:25:00,Credit,12356.12,Branch,Salary,22469.29,Completed
TXN00003647,ACC0000421,2023-07-16,13:37:00,Fee,929.62,Online,Utility,22469.29,Pending
TXN00002202,ACC0000421,2023-07-29,9:20:00,Transfer,12509.15,Mobile,Investment,9960.14,Completed
TXN00002339,ACC0000422,2023-05-24,11:38:00,Debit,2511.05,Online,Rent,35358.13,Failed
TXN00003584,ACC0000422,2023-06-23,10:15:00,Credit,4084.37,Online,Salary,35358.13,Failed
TXN00002742,ACC0000422,2023-07-13,10:24:00,Interest,9606.87,Online,Investment,44965.0,Completed
TXN00002567,ACC0000422,2023-08-20,16:49:00,Transfer,13591.11,Branch,Rent,44965.0,Failed
TXN00001343,ACC0000422,2023-09-02,19:02:00,Debit,5635.57,Online,Rent,39329.43,Completed
TXN00001913,ACC0000422,2023-09-27,9:45:00,Credit,9123.98,Mobile,Refund,39329.43,Failed
TXN00002264,ACC0000422,2023-10-19,11:15:00,Transfer,8825.89,Mobile,Investment,39329.43,Failed
TXN00001451,ACC0000422,2023-10-24,15:23:00,Interest,9564.08,Branch,Investment,39329.43,Failed
TXN00001853,ACC0000422,2024-01-10,11:21:00,Transfer,12601.14,Mobile,Investment,39329.43,Pending
TXN00000703,ACC0000422,2024-01-31,14:03:00,Interest,5922.88,Branch,Investment,45252.31,Completed
TXN00001919,ACC0000422,2024-02-06,19:09:00,ATM Withdrawal,302.32,ATM,Rent,45252.31,Pending
TXN00000302,ACC0000422,2024-03-24,22:12:00,Credit,1056.95,Online,Investment,46309.26,Completed
TXN00002265,ACC0000422,2024-04-20,8:38:00,Fee,3222.0,Online,Utility,43087.26,Completed
TXN00001025,ACC0000422,2024-06-12,12:41:00,Transfer,12332.81,Mobile,Investment,43087.26,Pending
TXN00004981,ACC0000422,2024-11-04,16:28:00,Interest,3025.55,Branch,Investment,43087.26,Failed
TXN00000516,ACC0000422,2024-11-28,11:09:00,Interest,7505.64,Online,Investment,50592.9,Completed
TXN00004346,ACC0000422,2024-12-20,21:36:00,Fee,7870.16,Branch,Utility,50592.9,Failed
TXN00002004,ACC0000423,2022-08-25,18:45:00,Transfer,4515.41,Branch,Rent,323.83,Failed
TXN00003020,ACC0000423,2022-10-14,19:19:00,Transfer,278.3,Mobile,Rent,45.53,Completed
TXN00000188,ACC0000423,2022-12-29,18:57:00,Debit,951.59,Mobile,Utility,45.53,Pending
TXN00001728,ACC0000423,2023-01-02,18:40:00,Transfer,5317.85,Branch,Transfer,45.53,Failed
TXN00002777,ACC0000423,2024-03-31,8:39:00,Interest,7589.34,Branch,Investment,7634.87,Completed
TXN00004197,ACC0000423,2024-04-14,22:06:00,ATM Withdrawal,2862.42,ATM,Purchase,7634.87,Pending
TXN00003477,ACC0000423,2024-09-05,8:12:00,Interest,3126.36,Branch,Investment,7634.87,Failed
TXN00004367,ACC0000424,2022-01-18,12:03:00,Debit,14862.35,Online,Purchase,17779.23,Completed
TXN00002559,ACC0000424,2022-11-03,13:08:00,Debit,9184.2,Online,Utility,17779.23,Pending
TXN00002304,ACC0000424,2023-09-19,11:35:00,Fee,6083.05,Online,Utility,17779.23,Failed
TXN00004230,ACC0000424,2023-09-25,20:14:00,Transfer,14421.97,Wire Transfer,Transfer,17779.23,Pending
TXN00002687,ACC0000424,2023-10-28,15:49:00,Credit,4060.85,Online,Investment,17779.23,Failed
TXN00003164,ACC0000424,2024-06-14,22:22:00,Debit,7407.86,POS,Purchase,10371.37,Completed
TXN00001474,ACC0000424,2024-07-12,20:44:00,Transfer,4625.03,Mobile,Transfer,5746.34,Completed
TXN00002638,ACC0000424,2024-07-31,9:25:00,Interest,4401.15,Branch,Investment,10147.49,Completed
TXN00004941,ACC0000424,2024-09-06,20:29:00,Interest,11676.82,Branch,Investment,10147.49,Failed
TXN00003435,ACC0000425,2023-02-05,13:50:00,Credit,4540.87,Branch,Investment,10028.4,Completed
TXN00004356,ACC0000425,2023-08-31,21:13:00,ATM Withdrawal,9472.37,ATM,Purchase,10028.4,Pending
TXN00001817,ACC0000425,2024-05-11,21:12:00,Transfer,5780.66,Mobile,Investment,4247.74,Completed
TXN00001441,ACC0000425,2024-06-29,11:17:00,Interest,14312.09,Online,Investment,4247.74,Failed
TXN00001489,ACC0000425,2024-10-30,20:58:00,ATM Withdrawal,2134.85,ATM,Purchase,2112.89,Completed
TXN00000560,ACC0000426,2022-03-17,22:45:00,Interest,134.21,Online,Investment,17331.81,Completed
TXN00003678,ACC0000426,2022-11-26,12:52:00,Credit,13405.12,Mobile,Investment,17331.81,Pending
TXN00003016,ACC0000426,2022-11-28,18:28:00,Interest,1936.55,Branch,Investment,17331.81,Pending
TXN00004450,ACC0000426,2022-12-23,21:11:00,Interest,11918.49,Online,Investment,17331.81,Pending
TXN00002211,ACC0000426,2023-04-08,18:37:00,Credit,9199.16,Branch,Salary,17331.81,Failed
TXN00000222,ACC0000426,2023-05-21,13:21:00,ATM Withdrawal,10530.18,ATM,Utility,6801.63,Completed
TXN00001814,ACC0000426,2023-08-07,15:23:00,Interest,5305.49,Online,Investment,6801.63,Failed
TXN00001672,ACC0000426,2023-08-11,20:16:00,Debit,6614.61,Online,Rent,187.02,Completed
TXN00002906,ACC0000426,2023-08-12,20:20:00,Credit,8290.1,Branch,Salary,187.02,Pending
TXN00000952,ACC0000426,2023-10-12,20:29:00,ATM Withdrawal,7206.98,ATM,Rent,187.02,Pending
TXN00004753,ACC0000426,2023-11-11,21:00:00,Fee,79.0,Mobile,Utility,108.02,Completed
TXN00001624,ACC0000426,2024-08-29,20:47:00,Debit,10286.92,Mobile,Purchase,108.02,Pending
TXN00003012,ACC0000427,2022-03-05,14:44:00,Transfer,9689.99,Wire Transfer,Transfer,4348.37,Completed
TXN00003430,ACC0000427,2022-07-24,9:06:00,Debit,6914.71,Online,Utility,4348.37,Failed
TXN00001478,ACC0000427,2022-08-02,14:47:00,Interest,7019.08,Branch,Investment,11367.45,Completed
TXN00000156,ACC0000428,2022-01-08,10:01:00,Debit,5812.78,POS,Utility,31628.13,Failed
TXN00004145,ACC0000428,2022-04-09,8:28:00,Debit,1587.48,Online,Utility,30040.65,Completed
TXN00003293,ACC0000428,2022-06-16,16:20:00,Transfer,5602.71,Mobile,Transfer,30040.65,Failed
TXN00004950,ACC0000428,2022-08-22,10:36:00,Fee,2858.31,Branch,Utility,27182.34,Completed
TXN00000527,ACC0000428,2023-01-25,9:53:00,Transfer,1206.92,Mobile,Transfer,27182.34,Pending
TXN00002714,ACC0000428,2023-04-14,20:49:00,Interest,8491.73,Online,Investment,27182.34,Pending
TXN00001902,ACC0000428,2023-04-26,18:51:00,Debit,7655.52,Online,Rent,19526.82,Completed
TXN00003745,ACC0000428,2023-10-07,20:52:00,Interest,14231.11,Branch,Investment,19526.82,Pending
TXN00000215,ACC0000428,2024-10-29,19:15:00,Transfer,11705.96,Mobile,Rent,19526.82,Pending
TXN00003514,ACC0000428,2024-11-18,17:58:00,Interest,9355.23,Online,Investment,19526.82,Pending
TXN00002336,ACC0000429,2022-12-07,8:35:00,Debit,8908.38,POS,Utility,16095.01,Failed
TXN00002193,ACC0000429,2023-02-16,16:44:00,Transfer,7945.8,Wire Transfer,Investment,16095.01,Failed
TXN00001487,ACC0000429,2023-05-09,17:45:00,Interest,1951.19,Branch,Investment,16095.01,Failed
TXN00003434,ACC0000429,2023-10-16,12:15:00,Fee,11432.82,Branch,Utility,16095.01,Pending
TXN00002669,ACC0000429,2023-10-30,13:29:00,ATM Withdrawal,11117.62,ATM,Rent,4977.39,Completed
TXN00002947,ACC0000429,2024-01-30,17:10:00,Fee,8901.03,Mobile,Utility,4977.39,Pending
TXN00001378,ACC0000430,2022-01-29,8:54:00,Fee,11766.96,Online,Utility,20589.06,Failed
TXN00001020,ACC0000430,2022-02-13,21:26:00,Debit,758.51,POS,Rent,20589.06,Pending
TXN00004734,ACC0000430,2022-03-21,17:18:00,Interest,7511.31,Branch,Investment,20589.06,Pending
TXN00003834,ACC0000430,2022-05-05,15:34:00,Debit,1526.57,POS,Utility,19062.49,Completed
TXN00000231,ACC0000430,2022-06-30,19:04:00,Credit,672.2,Online,Refund,19062.49,Failed
TXN00003718,ACC0000430,2024-03-09,22:28:00,Interest,14481.18,Online,Investment,19062.49,Pending
TXN00000369,ACC0000430,2024-11-25,21:13:00,ATM Withdrawal,7186.57,ATM,Purchase,19062.49,Failed
TXN00001073,ACC0000430,2024-11-27,20:54:00,Debit,982.53,POS,Utility,19062.49,Pending
TXN00000203,ACC0000431,2022-01-18,8:16:00,Interest,5929.35,Online,Investment,2436.29,Failed
TXN00003046,ACC0000431,2022-02-09,15:41:00,ATM Withdrawal,584.78,ATM,Purchase,2436.29,Failed
TXN00003728,ACC0000431,2022-08-14,14:45:00,Interest,5191.18,Branch,Investment,7627.47,Completed
TXN00004601,ACC0000431,2022-08-20,16:42:00,Fee,1037.13,Branch,Utility,7627.47,Pending
TXN00004471,ACC0000431,2023-04-21,13:16:00,Fee,5529.85,Branch,Utility,2097.62,Completed
TXN00001021,ACC0000431,2023-04-25,8:21:00,Debit,11851.09,Online,Purchase,2097.62,Failed
TXN00004767,ACC0000431,2023-10-08,19:12:00,ATM Withdrawal,302.47,ATM,Rent,1795.15,Completed
TXN00000604,ACC0000431,2023-11-09,17:49:00,Interest,7593.93,Branch,Investment,9389.08,Completed
TXN00004908,ACC0000431,2024-03-22,19:57:00,Transfer,7339.06,Online,Rent,9389.08,Pending
TXN00001092,ACC0000431,2024-06-12,15:14:00,Credit,7395.91,Mobile,Salary,9389.08,Pending
TXN00002881,ACC0000432,2022-05-09,18:54:00,Fee,13045.92,Branch,Utility,15584.29,Pending
TXN00001443,ACC0000432,2022-06-24,20:09:00,Debit,8777.46,POS,Purchase,6806.83,Completed
TXN00003264,ACC0000432,2023-01-26,8:43:00,Interest,2975.36,Online,Investment,6806.83,Pending
TXN00001469,ACC0000432,2023-12-30,17:43:00,Fee,2719.78,Branch,Utility,6806.83,Failed
TXN00000825,ACC0000432,2024-06-09,14:34:00,Interest,3087.91,Branch,Investment,6806.83,Pending
TXN00000236,ACC0000432,2024-11-08,11:25:00,Transfer,9525.49,Wire Transfer,Investment,6806.83,Pending
TXN00000696,ACC0000432,2024-12-02,16:34:00,Credit,10137.8,Mobile,Investment,6806.83,Failed
TXN00002026,ACC0000433,2022-01-09,11:19:00,Debit,14434.74,POS,Utility,17007.41,Failed
TXN00002410,ACC0000433,2022-07-18,20:13:00,Debit,10336.59,Online,Rent,6670.82,Completed
TXN00004064,ACC0000433,2022-11-13,9:07:00,Credit,6745.3,Branch,Investment,13416.12,Completed
TXN00001815,ACC0000433,2022-11-16,9:48:00,Interest,9960.92,Online,Investment,13416.12,Failed
TXN00001028,ACC0000433,2023-02-01,8:58:00,Credit,6856.86,Branch,Investment,13416.12,Pending
TXN00001192,ACC0000433,2023-02-24,15:53:00,Fee,11282.54,Online,Utility,13416.12,Pending
TXN00003906,ACC0000433,2023-04-14,16:08:00,Transfer,13283.79,Branch,Investment,13416.12,Pending
TXN00003035,ACC0000433,2023-07-10,15:32:00,Interest,1039.79,Branch,Investment,13416.12,Pending
TXN00003944,ACC0000433,2023-09-29,8:40:00,Credit,9594.68,Branch,Investment,23010.8,Completed
TXN00004939,ACC0000433,2023-11-17,17:26:00,Fee,7924.16,Branch,Utility,15086.64,Completed
TXN00000800,ACC0000433,2023-11-23,14:45:00,ATM Withdrawal,14144.42,ATM,Utility,15086.64,Failed
TXN00000992,ACC0000433,2024-05-03,13:36:00,Debit,3345.32,Mobile,Utility,15086.64,Pending
TXN00004505,ACC0000433,2024-05-28,10:33:00,Interest,8927.85,Branch,Investment,15086.64,Pending
TXN00003765,ACC0000433,2024-06-26,9:59:00,Fee,6571.2,Branch,Utility,8515.44,Completed
TXN00001333,ACC0000433,2024-11-29,15:59:00,Fee,5318.19,Online,Utility,3197.25,Completed
TXN00000138,ACC0000433,2024-12-13,13:20:00,Debit,14649.67,POS,Rent,3197.25,Failed
TXN00004859,ACC0000434,2023-08-18,20:45:00,Debit,13656.76,Mobile,Rent,9020.67,Failed
TXN00004119,ACC0000434,2023-09-21,21:11:00,Fee,6969.91,Mobile,Utility,2050.76,Completed
TXN00000123,ACC0000434,2024-03-09,21:38:00,Debit,5508.44,Mobile,Rent,2050.76,Pending
TXN00002887,ACC0000434,2024-04-28,18:51:00,ATM Withdrawal,839.01,ATM,Rent,1211.75,Completed
TXN00001709,ACC0000434,2024-05-09,12:56:00,Transfer,825.99,Wire Transfer,Investment,385.76,Completed
TXN00001475,ACC0000434,2024-10-19,20:56:00,Fee,12037.26,Mobile,Utility,385.76,Pending
TXN00000546,ACC0000434,2024-10-25,12:26:00,ATM Withdrawal,2698.04,ATM,Rent,385.76,Pending
TXN00001998,ACC0000435,2022-02-01,18:48:00,Credit,7980.7,Online,Investment,14435.47,Pending
TXN00001033,ACC0000435,2022-08-08,12:23:00,Interest,3860.84,Online,Investment,18296.31,Completed
TXN00003316,ACC0000435,2022-08-31,8:38:00,Debit,2046.59,POS,Utility,16249.72,Completed
TXN00003300,ACC0000435,2024-01-20,12:15:00,Interest,13018.39,Branch,Investment,29268.11,Completed
TXN00000407,ACC0000435,2024-07-16,22:11:00,Transfer,3887.36,Wire Transfer,Investment,29268.11,Pending
TXN00002928,ACC0000435,2024-08-17,11:58:00,Debit,8048.2,Online,Utility,29268.11,Pending
TXN00001024,ACC0000436,2022-08-12,11:46:00,Debit,476.95,Mobile,Rent,15935.05,Pending
TXN00003984,ACC0000436,2023-01-18,10:28:00,Debit,11157.97,Online,Purchase,15935.05,Pending
TXN00004123,ACC0000436,2024-04-17,10:29:00,ATM Withdrawal,2745.37,ATM,Utility,15935.05,Failed
TXN00000795,ACC0000437,2023-04-01,8:09:00,Credit,1113.54,Branch,Refund,14729.82,Pending
TXN00001454,ACC0000437,2023-06-04,22:22:00,Transfer,14335.79,Mobile,Transfer,394.03,Completed
TXN00002223,ACC0000437,2023-06-05,21:13:00,Interest,3624.27,Branch,Investment,394.03,Failed
TXN00001029,ACC0000437,2023-09-21,12:10:00,Transfer,2481.63,Wire Transfer,Rent,394.03,Failed
TXN00001057,ACC0000437,2024-08-30,18:01:00,ATM Withdrawal,9752.71,ATM,Purchase,394.03,Pending
TXN00003367,ACC0000438,2022-02-03,21:26:00,Credit,8664.98,Mobile,Investment,29250.3,Pending
TXN00001565,ACC0000438,2022-08-09,15:32:00,Interest,8524.57,Branch,Investment,37774.87,Completed
TXN00004385,ACC0000438,2022-11-27,22:52:00,Transfer,5282.86,Wire Transfer,Transfer,37774.87,Failed
TXN00000275,ACC0000439,2023-06-15,14:31:00,Fee,14664.39,Online,Utility,6919.78,Completed
TXN00003450,ACC0000439,2024-01-02,10:02:00,Debit,2994.26,Mobile,Purchase,3925.52,Completed
TXN00000934,ACC0000439,2024-06-07,15:24:00,Fee,12158.99,Online,Utility,3925.52,Failed
TXN00002215,ACC0000439,2024-07-26,15:23:00,ATM Withdrawal,3920.52,ATM,Rent,5.0,Completed
TXN00001272,ACC0000440,2022-05-13,20:53:00,Interest,6281.18,Online,Investment,5016.52,Pending
TXN00003277,ACC0000440,2022-06-17,15:42:00,Interest,9769.72,Branch,Investment,14786.24,Completed
TXN00003416,ACC0000440,2023-01-01,17:16:00,Credit,714.53,Online,Refund,14786.24,Failed
TXN00003025,ACC0000440,2023-11-04,8:04:00,Fee,785.3,Mobile,Utility,14000.94,Completed
TXN00004990,ACC0000440,2023-12-08,22:20:00,Credit,1090.0,Mobile,Refund,14000.94,Pending
TXN00000889,ACC0000440,2024-05-22,10:39:00,Credit,3118.76,Branch,Refund,14000.94,Pending
TXN00004904,ACC0000441,2022-01-15,8:57:00,Debit,14378.88,Online,Purchase,33189.1,Failed
TXN00002519,ACC0000441,2022-07-10,19:45:00,Transfer,2842.74,Mobile,Transfer,33189.1,Pending
TXN00002860,ACC0000441,2022-07-11,13:18:00,Interest,14033.42,Branch,Investment,47222.52,Completed
TXN00000742,ACC0000441,2022-08-02,16:49:00,Interest,2748.63,Branch,Investment,47222.52,Failed
TXN00004337,ACC0000441,2022-11-30,20:29:00,ATM Withdrawal,8809.44,ATM,Purchase,47222.52,Failed
TXN00003729,ACC0000441,2023-01-30,15:20:00,ATM Withdrawal,10502.39,ATM,Rent,47222.52,Pending
TXN00004780,ACC0000441,2023-08-16,11:15:00,Transfer,10967.66,Online,Investment,36254.86,Completed
TXN00004051,ACC0000441,2023-09-19,15:03:00,Debit,11076.74,Mobile,Rent,36254.86,Pending
TXN00004511,ACC0000441,2023-10-25,21:44:00,Fee,7147.42,Branch,Utility,29107.44,Completed
TXN00004480,ACC0000441,2023-12-04,21:43:00,ATM Withdrawal,900.11,ATM,Purchase,28207.33,Completed
TXN00004445,ACC0000441,2023-12-25,13:25:00,Interest,13000.32,Online,Investment,28207.33,Pending
TXN00000841,ACC0000441,2024-03-18,19:06:00,Credit,8306.38,Mobile,Salary,28207.33,Pending
TXN00004393,ACC0000441,2024-11-04,20:05:00,Fee,9522.55,Online,Utility,18684.78,Completed
TXN00003323,ACC0000442,2023-07-19,20:58:00,ATM Withdrawal,3344.64,ATM,Rent,98.86,Completed
TXN00001754,ACC0000442,2023-08-11,9:01:00,Debit,3953.66,POS,Utility,98.86,Pending
TXN00001838,ACC0000442,2023-11-14,22:11:00,Debit,6221.25,Mobile,Purchase,98.86,Failed
TXN00002958,ACC0000442,2024-01-06,20:25:00,ATM Withdrawal,49.02,ATM,Purchase,49.84,Completed
TXN00002731,ACC0000442,2024-03-12,16:39:00,Fee,11440.37,Branch,Utility,49.84,Pending
TXN00004503,ACC0000442,2024-03-25,13:21:00,Fee,12514.07,Mobile,Utility,49.84,Failed
TXN00004325,ACC0000442,2024-10-03,13:06:00,Credit,12818.62,Online,Investment,49.84,Failed
TXN00001691,ACC0000443,2024-05-01,14:57:00,ATM Withdrawal,8317.88,ATM,Utility,9015.9,Pending
TXN00003954,ACC0000443,2024-05-21,9:57:00,Credit,10518.46,Mobile,Salary,19534.36,Completed
TXN00004928,ACC0000443,2024-06-16,13:51:00,Debit,6174.41,POS,Rent,19534.36,Failed
TXN00003558,ACC0000443,2024-08-05,11:00:00,Debit,4516.78,Online,Utility,15017.58,Completed
TXN00000472,ACC0000443,2024-08-11,9:55:00,Fee,6099.45,Mobile,Utility,15017.58,Failed
TXN00001678,ACC0000443,2024-11-15,9:49:00,Credit,8392.66,Mobile,Investment,23410.24,Completed
TXN00001745,ACC0000444,2023-08-26,22:45:00,Debit,5083.76,Mobile,Rent,5490.48,Pending
TXN00003317,ACC0000444,2023-10-23,20:34:00,Debit,6588.92,POS,Rent,5490.48,Failed
TXN00003527,ACC0000444,2023-11-17,17:53:00,Debit,8458.79,Mobile,Purchase,5490.48,Pending
TXN00001130,ACC0000444,2024-02-29,20:00:00,Credit,3287.19,Mobile,Salary,8777.67,Completed
TXN00003230,ACC0000444,2024-07-18,13:40:00,ATM Withdrawal,7136.05,ATM,Utility,8777.67,Failed
TXN00001331,ACC0000445,2022-08-03,13:36:00,ATM Withdrawal,14810.07,ATM,Purchase,6393.82,Completed
TXN00002753,ACC0000445,2022-11-25,19:11:00,Transfer,11534.16,Mobile,Transfer,6393.82,Failed
TXN00004465,ACC0000445,2023-06-17,14:34:00,Transfer,9437.18,Wire Transfer,Transfer,6393.82,Failed
TXN00002030,ACC0000445,2024-03-23,14:56:00,Credit,14555.25,Online,Salary,6393.82,Failed
TXN00004877,ACC0000445,2024-06-27,8:01:00,Credit,12480.74,Branch,Salary,6393.82,Failed
TXN00004115,ACC0000445,2024-08-08,21:55:00,ATM Withdrawal,6388.82,ATM,Purchase,5.0,Completed
TXN00001573,ACC0000446,2022-05-17,9:39:00,Fee,5765.38,Online,Utility,26338.56,Failed
TXN00003734,ACC0000446,2022-12-19,15:45:00,Interest,1029.29,Branch,Investment,26338.56,Failed
TXN00001630,ACC0000446,2023-05-04,20:30:00,ATM Withdrawal,7578.12,ATM,Utility,18760.44,Completed
TXN00000474,ACC0000446,2023-11-02,9:35:00,Fee,5755.51,Online,Utility,18760.44,Pending
TXN00004955,ACC0000446,2023-11-20,13:17:00,Transfer,13931.94,Wire Transfer,Transfer,18760.44,Failed
TXN00004582,ACC0000446,2024-03-03,19:58:00,Transfer,7309.09,Mobile,Investment,18760.44,Failed
TXN00002052,ACC0000446,2024-07-11,12:06:00,Debit,458.32,POS,Utility,18302.12,Completed
TXN00003082,ACC0000446,2024-12-16,17:12:00,Debit,12932.73,POS,Utility,18302.12,Failed
TXN00002708,ACC0000447,2023-12-08,8:41:00,ATM Withdrawal,8482.24,ATM,Rent,3317.75,Pending
TXN00004238,ACC0000447,2023-12-21,18:02:00,Credit,12988.94,Online,Refund,16306.69,Completed
TXN00002643,ACC0000447,2024-01-25,20:08:00,Interest,2689.25,Online,Investment,16306.69,Failed
TXN00000100,ACC0000447,2024-03-08,13:34:00,Fee,1101.53,Branch,Utility,16306.69,Pending
TXN00003723,ACC0000447,2024-06-01,8:34:00,Transfer,11796.92,Mobile,Rent,16306.69,Failed
TXN00000127,ACC0000447,2024-12-20,13:58:00,Debit,4053.87,POS,Purchase,12252.82,Completed
TXN00002789,ACC0000448,2022-02-03,21:15:00,ATM Withdrawal,1754.18,ATM,Utility,44454.84,Pending
TXN00003867,ACC0000448,2022-03-19,20:47:00,ATM Withdrawal,9453.59,ATM,Utility,44454.84,Failed
TXN00003876,ACC0000448,2022-11-22,9:26:00,Fee,10858.32,Branch,Utility,33596.52,Completed
TXN00001877,ACC0000448,2022-12-28,17:39:00,ATM Withdrawal,8813.37,ATM,Rent,33596.52,Failed
TXN00003344,ACC0000448,2023-03-25,11:03:00,Fee,10009.03,Branch,Utility,33596.52,Pending
TXN00001810,ACC0000448,2023-07-11,10:44:00,Fee,2519.58,Mobile,Utility,33596.52,Pending
TXN00003878,ACC0000448,2023-11-05,19:25:00,Credit,13603.09,Branch,Refund,33596.52,Failed
TXN00002173,ACC0000448,2024-12-02,16:32:00,ATM Withdrawal,10180.61,ATM,Purchase,33596.52,Pending
TXN00001127,ACC0000449,2023-09-29,14:52:00,Fee,9015.82,Online,Utility,47749.29,Failed
TXN00003512,ACC0000449,2023-12-22,21:19:00,Fee,13963.54,Mobile,Utility,33785.75,Completed
TXN00000645,ACC0000449,2024-05-04,20:14:00,Fee,7562.39,Branch,Utility,33785.75,Failed
TXN00004100,ACC0000449,2024-07-02,20:30:00,Transfer,12254.33,Wire Transfer,Investment,33785.75,Failed
TXN00004579,ACC0000449,2024-07-08,16:34:00,Fee,9946.89,Branch,Utility,33785.75,Pending
TXN00003042,ACC0000449,2024-09-11,20:32:00,Interest,9381.82,Online,Investment,33785.75,Pending
TXN00000777,ACC0000449,2024-11-05,17:09:00,Debit,576.61,Mobile,Rent,33785.75,Pending
TXN00002655,ACC0000450,2023-08-30,12:53:00,ATM Withdrawal,641.43,ATM,Rent,33656.98,Pending
TXN00002668,ACC0000450,2023-12-22,14:05:00,ATM Withdrawal,6311.42,ATM,Purchase,27345.56,Completed
TXN00002564,ACC0000450,2024-05-23,20:26:00,Credit,9707.56,Mobile,Refund,37053.12,Completed
TXN00004554,ACC0000450,2024-09-21,22:26:00,Debit,12007.18,Mobile,Purchase,25045.94,Completed
TXN00000163,ACC0000450,2024-09-23,17:01:00,ATM Withdrawal,6354.78,ATM,Utility,25045.94,Failed
TXN00001088,ACC0000451,2022-10-06,9:32:00,Interest,11805.41,Online,Investment,18197.82,Completed
TXN00001365,ACC0000451,2024-06-14,17:43:00,Debit,8109.76,POS,Rent,18197.82,Pending
TXN00001724,ACC0000451,2024-06-29,9:19:00,Transfer,516.28,Branch,Investment,18197.82,Pending
TXN00003899,ACC0000451,2024-09-15,20:27:00,ATM Withdrawal,9135.34,ATM,Rent,9062.48,Completed
TXN00004599,ACC0000451,2024-12-13,13:03:00,Fee,2404.51,Branch,Utility,6657.97,Completed
TXN00003910,ACC0000452,2022-01-15,19:37:00,Transfer,452.71,Mobile,Transfer,14363.02,Pending
TXN00002607,ACC0000452,2022-07-11,14:03:00,Interest,6752.83,Branch,Investment,14363.02,Failed
TXN00004010,ACC0000452,2023-01-05,18:43:00,ATM Withdrawal,10399.25,ATM,Utility,14363.02,Failed
TXN00001585,ACC0000452,2023-09-02,9:41:00,Interest,73.29,Online,Investment,14363.02,Pending
TXN00001889,ACC0000452,2023-10-07,20:45:00,Interest,11907.04,Branch,Investment,14363.02,Failed
TXN00003236,ACC0000452,2023-10-07,21:58:00,Credit,233.35,Branch,Salary,14363.02,Failed
TXN00004594,ACC0000452,2024-04-07,20:56:00,Transfer,330.97,Mobile,Rent,14363.02,Failed
TXN00003624,ACC0000452,2024-12-14,16:32:00,ATM Withdrawal,2236.44,ATM,Purchase,14363.02,Pending
TXN00001089,ACC0000453,2022-06-13,12:07:00,Transfer,8763.14,Wire Transfer,Rent,31498.0,Pending
TXN00001298,ACC0000453,2022-08-19,12:19:00,Fee,12004.91,Mobile,Utility,31498.0,Failed
TXN00004529,ACC0000453,2022-08-23,22:20:00,Transfer,6845.67,Mobile,Rent,31498.0,Failed
TXN00001600,ACC0000453,2022-09-02,8:37:00,ATM Withdrawal,13156.09,ATM,Rent,31498.0,Pending
TXN00002597,ACC0000453,2022-09-15,9:28:00,Transfer,648.31,Branch,Rent,31498.0,Failed
TXN00003931,ACC0000453,2022-12-04,20:14:00,Credit,13147.94,Mobile,Refund,44645.94,Completed
TXN00002644,ACC0000453,2024-01-26,11:10:00,Fee,12649.25,Mobile,Utility,31996.69,Completed
TXN00002464,ACC0000453,2024-06-16,9:03:00,Credit,12262.8,Online,Salary,31996.69,Failed
TXN00000362,ACC0000454,2022-04-12,8:26:00,Transfer,4028.17,Online,Rent,59033.63,Failed
TXN00000497,ACC0000454,2022-08-08,8:33:00,Credit,1192.06,Mobile,Refund,60225.69,Completed
TXN00001609,ACC0000454,2022-09-29,16:29:00,Transfer,5201.33,Branch,Transfer,60225.69,Pending
TXN00003707,ACC0000454,2022-10-18,22:09:00,Transfer,9975.1,Wire Transfer,Rent,50250.59,Completed
TXN00001406,ACC0000454,2023-01-19,13:52:00,Debit,10001.52,Online,Rent,50250.59,Pending
TXN00002642,ACC0000454,2023-04-05,16:28:00,Credit,12874.37,Online,Salary,50250.59,Pending
TXN00002455,ACC0000454,2023-09-22,12:28:00,Debit,8171.42,POS,Purchase,50250.59,Pending
TXN00003087,ACC0000454,2023-10-29,15:03:00,Interest,12953.49,Online,Investment,50250.59,Pending
TXN00002200,ACC0000454,2024-10-02,16:15:00,Credit,6377.46,Mobile,Refund,50250.59,Pending
TXN00003331,ACC0000455,2022-05-09,19:30:00,Credit,5141.22,Mobile,Investment,2653.61,Pending
TXN00002751,ACC0000455,2022-06-19,11:55:00,Credit,13566.02,Branch,Salary,16219.63,Completed
TXN00004588,ACC0000455,2022-09-16,21:59:00,Fee,3545.82,Branch,Utility,16219.63,Pending
TXN00002716,ACC0000455,2022-12-10,10:37:00,Debit,2280.22,Mobile,Utility,16219.63,Failed
TXN00002818,ACC0000455,2023-04-18,13:00:00,Credit,14575.84,Mobile,Refund,16219.63,Failed
TXN00001368,ACC0000455,2023-07-02,19:22:00,Interest,9304.01,Branch,Investment,16219.63,Pending
TXN00000628,ACC0000455,2023-07-24,10:10:00,Debit,8524.0,Mobile,Utility,7695.63,Completed
TXN00000148,ACC0000455,2023-12-08,21:54:00,Interest,6808.15,Online,Investment,7695.63,Pending
TXN00003735,ACC0000455,2024-02-14,20:20:00,Debit,12870.77,Mobile,Rent,7695.63,Failed
TXN00001403,ACC0000455,2024-05-20,15:53:00,Debit,2202.33,Mobile,Utility,7695.63,Failed
TXN00002595,ACC0000455,2024-05-28,19:39:00,Transfer,12084.43,Online,Investment,7695.63,Pending
TXN00001605,ACC0000456,2022-12-01,11:50:00,Debit,13274.17,Mobile,Utility,22756.43,Completed
TXN00000159,ACC0000456,2023-03-15,19:11:00,Credit,700.91,Mobile,Refund,23457.34,Completed
TXN00003189,ACC0000456,2023-10-29,17:00:00,Debit,10817.61,Mobile,Utility,12639.73,Completed
TXN00004209,ACC0000456,2024-09-16,22:42:00,Transfer,14515.13,Mobile,Investment,12639.73,Pending
TXN00002623,ACC0000456,2024-10-08,11:56:00,Interest,5700.62,Branch,Investment,12639.73,Pending
TXN00001486,ACC0000457,2023-07-02,9:20:00,Interest,2729.0,Branch,Investment,4155.43,Pending
TXN00000637,ACC0000457,2023-11-15,19:37:00,Transfer,10428.53,Branch,Investment,4155.43,Pending
TXN00003981,ACC0000457,2023-12-12,17:46:00,Transfer,2900.58,Wire Transfer,Rent,1254.85,Completed
TXN00002680,ACC0000457,2023-12-25,19:42:00,ATM Withdrawal,768.85,ATM,Purchase,486.0,Completed
TXN00001772,ACC0000457,2024-01-16,12:05:00,Transfer,444.79,Wire Transfer,Rent,41.21,Completed
TXN00001564,ACC0000457,2024-09-18,13:44:00,Transfer,19.6,Wire Transfer,Rent,21.61,Completed
TXN00001170,ACC0000457,2024-11-15,21:39:00,Debit,9290.03,POS,Rent,21.61,Failed
TXN00003791,ACC0000458,2023-01-03,10:23:00,Fee,3083.23,Online,Utility,10458.75,Pending
TXN00003961,ACC0000458,2023-02-26,22:27:00,Interest,11452.43,Online,Investment,10458.75,Failed
TXN00002194,ACC0000458,2023-07-05,17:27:00,ATM Withdrawal,3760.24,ATM,Purchase,6698.51,Completed
TXN00000078,ACC0000458,2023-11-29,13:27:00,Transfer,3935.95,Branch,Investment,2762.56,Completed
TXN00001776,ACC0000458,2024-06-20,12:42:00,ATM Withdrawal,10385.61,ATM,Utility,2762.56,Pending
TXN00000374,ACC0000458,2024-09-23,11:33:00,Debit,1413.66,Mobile,Utility,2762.56,Pending
TXN00004112,ACC0000458,2024-11-27,9:08:00,Interest,6231.63,Branch,Investment,2762.56,Pending
TXN00004550,ACC0000459,2022-03-25,18:02:00,Debit,137.48,POS,Purchase,10948.1,Failed
TXN00004266,ACC0000459,2022-10-24,21:22:00,Transfer,3948.06,Wire Transfer,Rent,7000.04,Completed
TXN00002803,ACC0000459,2022-11-21,20:17:00,Fee,3236.89,Branch,Utility,3763.15,Completed
TXN00004425,ACC0000459,2023-12-30,20:30:00,Credit,10177.07,Mobile,Refund,13940.22,Completed
TXN00003342,ACC0000459,2024-07-07,18:56:00,Credit,784.75,Branch,Salary,13940.22,Failed
TXN00002640,ACC0000459,2024-07-24,12:01:00,Transfer,10229.71,Online,Rent,3710.51,Completed
TXN00000596,ACC0000459,2024-12-30,15:05:00,Fee,5821.94,Online,Utility,3710.51,Failed
TXN00004616,ACC0000460,2022-07-22,11:41:00,Credit,10283.68,Mobile,Investment,19145.74,Completed
TXN00001373,ACC0000460,2023-06-03,8:49:00,Debit,6719.42,POS,Purchase,12426.32,Completed
TXN00003923,ACC0000460,2024-01-16,21:26:00,Fee,817.88,Online,Utility,12426.32,Failed
TXN00003597,ACC0000460,2024-08-24,12:22:00,Debit,12492.82,Mobile,Utility,12426.32,Pending
TXN00002195,ACC0000460,2024-09-13,8:12:00,Transfer,10147.25,Branch,Rent,12426.32,Failed
TXN00003648,ACC0000461,2022-09-19,20:00:00,Transfer,1516.5,Online,Rent,29754.11,Completed
TXN00002263,ACC0000461,2022-10-23,12:46:00,Debit,2157.33,POS,Utility,29754.11,Failed
TXN00001732,ACC0000461,2023-01-02,16:29:00,ATM Withdrawal,8063.64,ATM,Purchase,21690.47,Completed
TXN00004122,ACC0000461,2023-02-24,20:35:00,Debit,10740.15,Online,Rent,10950.32,Completed
TXN00001930,ACC0000461,2024-04-26,9:06:00,Fee,12291.83,Branch,Utility,10950.32,Pending
TXN00003533,ACC0000461,2024-10-05,22:47:00,Transfer,1697.61,Branch,Investment,10950.32,Pending
TXN00003885,ACC0000461,2024-11-03,13:39:00,Transfer,9949.26,Branch,Rent,1001.06,Completed
TXN00003667,ACC0000461,2024-12-03,18:15:00,Interest,14308.59,Branch,Investment,15309.65,Completed
TXN00003165,ACC0000462,2022-07-11,9:26:00,Transfer,13495.71,Mobile,Rent,31357.18,Pending
TXN00003203,ACC0000462,2023-04-29,8:21:00,ATM Withdrawal,12776.89,ATM,Purchase,31357.18,Failed
TXN00004674,ACC0000462,2023-05-08,21:12:00,Interest,2429.11,Branch,Investment,33786.29,Completed
TXN00003610,ACC0000462,2023-09-27,8:23:00,Fee,8181.79,Mobile,Utility,25604.5,Completed
TXN00000968,ACC0000462,2024-09-02,22:41:00,Transfer,6694.35,Wire Transfer,Rent,18910.15,Completed
TXN00003710,ACC0000462,2024-12-28,13:22:00,Transfer,9030.04,Mobile,Rent,18910.15,Failed
TXN00004577,ACC0000463,2022-03-06,10:46:00,Debit,6407.89,Mobile,Purchase,4304.25,Pending
TXN00004472,ACC0000463,2023-06-02,10:54:00,Transfer,3798.66,Wire Transfer,Transfer,505.59,Completed
TXN00001209,ACC0000463,2023-06-12,19:40:00,Fee,5544.7,Mobile,Utility,505.59,Failed
TXN00000230,ACC0000463,2023-09-10,17:07:00,Fee,273.96,Online,Utility,231.63,Completed
TXN00004174,ACC0000463,2023-10-08,18:38:00,Fee,176.73,Online,Utility,54.9,Completed
TXN00002166,ACC0000463,2024-03-03,13:38:00,Fee,46.64,Online,Utility,8.26,Completed
TXN00004311,ACC0000463,2024-03-06,15:54:00,Interest,7666.28,Branch,Investment,8.26,Failed
TXN00000778,ACC0000463,2024-03-09,21:26:00,Interest,10119.58,Online,Investment,10127.84,Completed
TXN00004129,ACC0000463,2024-11-27,14:48:00,Credit,8238.59,Online,Investment,18366.43,Completed
TXN00000119,ACC0000464,2022-08-22,20:18:00,Interest,12247.45,Branch,Investment,17801.64,Completed
TXN00003550,ACC0000464,2023-02-25,21:40:00,ATM Withdrawal,14833.07,ATM,Purchase,2968.57,Completed
TXN00003078,ACC0000465,2023-06-03,21:16:00,Transfer,5073.81,Online,Investment,11941.14,Completed
TXN00002765,ACC0000465,2023-06-16,13:00:00,Interest,4055.36,Online,Investment,11941.14,Failed
TXN00003679,ACC0000465,2023-07-10,15:48:00,ATM Withdrawal,9536.97,ATM,Rent,2404.17,Completed
TXN00001768,ACC0000465,2023-07-12,10:34:00,Fee,1695.81,Online,Utility,708.36,Completed
TXN00000922,ACC0000465,2023-07-23,13:52:00,Debit,2195.95,POS,Purchase,708.36,Pending
TXN00002629,ACC0000465,2023-09-08,16:20:00,Credit,9303.72,Online,Investment,708.36,Failed
TXN00003254,ACC0000465,2024-03-30,11:52:00,Interest,14958.87,Branch,Investment,708.36,Failed
TXN00000455,ACC0000465,2024-05-11,9:14:00,Credit,10907.0,Online,Refund,708.36,Failed
TXN00000462,ACC0000465,2024-08-06,8:16:00,Debit,14456.78,POS,Purchase,708.36,Failed
TXN00004308,ACC0000465,2024-08-19,21:38:00,Debit,489.69,Mobile,Purchase,218.67,Completed
TXN00000700,ACC0000465,2024-09-02,18:10:00,Interest,14263.84,Online,Investment,218.67,Pending
TXN00001191,ACC0000465,2024-09-15,8:46:00,Credit,5600.65,Mobile,Salary,5819.32,Completed
TXN00002724,ACC0000465,2024-11-07,16:54:00,Debit,4010.97,Mobile,Purchase,1808.35,Completed
TXN00000983,ACC0000466,2022-04-07,20:59:00,ATM Withdrawal,10930.67,ATM,Rent,2121.9,Completed
TXN00004288,ACC0000466,2022-05-03,17:39:00,Transfer,1017.01,Branch,Investment,2121.9,Pending
TXN00002501,ACC0000466,2022-09-25,10:40:00,ATM Withdrawal,6760.79,ATM,Rent,2121.9,Failed
TXN00001968,ACC0000466,2022-10-05,21:03:00,Interest,689.23,Branch,Investment,2121.9,Pending
TXN00002319,ACC0000466,2022-10-17,22:48:00,Interest,11889.47,Branch,Investment,2121.9,Failed
TXN00001319,ACC0000466,2022-12-11,16:37:00,Debit,10638.59,Mobile,Purchase,2121.9,Failed
TXN00003442,ACC0000466,2023-06-29,8:12:00,Credit,7932.68,Branch,Salary,2121.9,Failed
TXN00001553,ACC0000466,2023-11-01,11:27:00,ATM Withdrawal,1131.01,ATM,Utility,990.89,Completed
TXN00002103,ACC0000466,2024-03-16,15:58:00,Interest,18.4,Online,Investment,990.89,Failed
TXN00002526,ACC0000466,2024-03-17,22:45:00,Interest,6311.43,Branch,Investment,990.89,Pending
TXN00003013,ACC0000466,2024-08-19,17:34:00,Transfer,447.1,Branch,Rent,543.79,Completed
TXN00000581,ACC0000466,2024-10-01,19:03:00,Debit,11751.82,Mobile,Utility,543.79,Pending
TXN00002614,ACC0000467,2020-07-24,17:24:00,Interest,5634.28,Online,Investment,12428.04,Completed
TXN00001665,ACC0000467,2020-09-22,20:27:00,Fee,1084.85,Online,Utility,12428.04,Failed
TXN00000539,ACC0000467,2020-11-10,15:24:00,Interest,202.34,Branch,Investment,12428.04,Failed
TXN00003503,ACC0000467,2021-08-03,12:49:00,ATM Withdrawal,11329.06,ATM,Purchase,12428.04,Pending
TXN00004687,ACC0000467,2022-06-17,14:04:00,Interest,4651.41,Online,Investment,17079.45,Completed
TXN00000463,ACC0000467,2022-07-30,14:06:00,Fee,13300.5,Mobile,Utility,17079.45,Pending
TXN00002377,ACC0000467,2022-08-27,15:03:00,Credit,10534.14,Branch,Salary,17079.45,Failed
TXN00001682,ACC0000467,2022-10-08,10:45:00,Debit,14176.6,Online,Rent,2902.85,Completed
TXN00000914,ACC0000467,2022-11-07,8:44:00,Transfer,9076.36,Branch,Investment,2902.85,Failed
TXN00001483,ACC0000467,2023-01-09,19:36:00,ATM Withdrawal,2593.61,ATM,Purchase,309.24,Completed
TXN00004018,ACC0000468,2022-12-31,11:50:00,Fee,5587.51,Branch,Utility,2620.76,Completed
TXN00000270,ACC0000468,2023-07-26,9:39:00,Fee,10002.73,Mobile,Utility,2620.76,Pending
TXN00003294,ACC0000468,2023-12-06,8:40:00,Fee,1574.71,Branch,Utility,2620.76,Pending
TXN00003202,ACC0000468,2024-02-07,18:11:00,Transfer,2346.18,Mobile,Rent,274.58,Completed
TXN00000991,ACC0000468,2024-09-11,8:12:00,Transfer,205.44,Branch,Rent,69.14,Completed
TXN00003812,ACC0000469,2022-12-30,10:37:00,Credit,13538.43,Online,Salary,1907.79,Pending
TXN00000112,ACC0000469,2023-01-05,20:57:00,Interest,6287.27,Online,Investment,1907.79,Pending
TXN00000063,ACC0000469,2023-03-05,10:09:00,Interest,9079.5,Online,Investment,10987.29,Completed
TXN00000629,ACC0000469,2023-06-08,11:02:00,Transfer,14823.54,Wire Transfer,Investment,10987.29,Failed
TXN00001040,ACC0000469,2023-10-03,17:54:00,Transfer,1638.57,Online,Transfer,9348.72,Completed
TXN00003408,ACC0000469,2024-01-01,19:22:00,Interest,2382.83,Branch,Investment,9348.72,Failed
TXN00000399,ACC0000469,2024-03-24,21:34:00,Interest,13890.39,Branch,Investment,9348.72,Pending
TXN00004642,ACC0000469,2024-08-17,8:13:00,Fee,5482.71,Online,Utility,3866.01,Completed
TXN00001530,ACC0000469,2024-09-22,22:09:00,Credit,5911.09,Online,Refund,3866.01,Pending
TXN00003486,ACC0000469,2024-11-24,10:25:00,Credit,8940.78,Online,Salary,12806.79,Completed
TXN00002745,ACC0000470,2022-08-04,8:22:00,Credit,5325.99,Branch,Investment,13256.23,Completed
TXN00001345,ACC0000470,2023-01-30,13:58:00,ATM Withdrawal,14704.94,ATM,Utility,13256.23,Failed
TXN00000961,ACC0000470,2023-04-07,19:52:00,ATM Withdrawal,10524.63,ATM,Purchase,2731.6,Completed
TXN00000701,ACC0000470,2023-08-02,15:32:00,Credit,2545.07,Mobile,Investment,2731.6,Failed
TXN00004744,ACC0000470,2023-09-11,15:24:00,Transfer,1617.29,Branch,Investment,1114.31,Completed
TXN00002764,ACC0000470,2024-08-06,10:21:00,Credit,11185.75,Mobile,Salary,1114.31,Failed
TXN00001037,ACC0000471,2022-01-15,12:32:00,Debit,14687.55,Online,Purchase,55550.69,Failed
TXN00001730,ACC0000471,2022-03-10,9:30:00,ATM Withdrawal,6032.86,ATM,Purchase,49517.83,Completed
TXN00002176,ACC0000471,2023-05-30,15:27:00,ATM Withdrawal,687.66,ATM,Purchase,48830.17,Completed
TXN00001374,ACC0000471,2023-09-04,22:45:00,ATM Withdrawal,6251.49,ATM,Purchase,48830.17,Failed
TXN00000286,ACC0000471,2024-09-18,19:28:00,Credit,5987.58,Mobile,Salary,48830.17,Failed
TXN00002634,ACC0000472,2022-03-07,16:06:00,Interest,14199.55,Online,Investment,25844.35,Completed
TXN00003837,ACC0000472,2023-12-14,21:57:00,Debit,2306.61,Online,Utility,23537.74,Completed
TXN00001286,ACC0000472,2024-04-05,12:13:00,Interest,1133.06,Branch,Investment,23537.74,Pending
TXN00003116,ACC0000472,2024-04-16,11:55:00,Debit,6955.43,POS,Purchase,23537.74,Failed
TXN00004656,ACC0000472,2024-05-29,8:05:00,Credit,5515.54,Online,Refund,29053.28,Completed
TXN00002011,ACC0000472,2024-06-22,9:32:00,Transfer,13319.5,Online,Transfer,29053.28,Pending
TXN00004692,ACC0000472,2024-07-06,22:30:00,Interest,8520.26,Online,Investment,37573.54,Completed
TXN00003761,ACC0000473,2022-05-11,13:40:00,Debit,1712.46,Online,Purchase,30331.63,Pending
TXN00004583,ACC0000473,2022-08-18,16:28:00,Interest,10148.26,Online,Investment,30331.63,Failed
TXN00003967,ACC0000473,2022-11-27,22:28:00,Fee,9444.99,Mobile,Utility,30331.63,Pending
TXN00004624,ACC0000473,2024-02-18,13:05:00,ATM Withdrawal,4180.55,ATM,Utility,26151.08,Completed
TXN00003540,ACC0000473,2024-04-23,13:03:00,ATM Withdrawal,3138.83,ATM,Rent,26151.08,Pending
TXN00003969,ACC0000473,2024-08-29,11:30:00,Debit,1901.84,POS,Purchase,24249.24,Completed
TXN00002016,ACC0000474,2022-08-24,21:23:00,Transfer,1671.22,Wire Transfer,Transfer,19118.56,Completed
TXN00003464,ACC0000474,2022-10-26,9:05:00,Debit,10671.28,Online,Purchase,8447.28,Completed
TXN00000666,ACC0000474,2023-03-19,19:00:00,Fee,3285.99,Online,Utility,8447.28,Failed
TXN00002772,ACC0000474,2023-04-08,15:31:00,ATM Withdrawal,1433.63,ATM,Purchase,8447.28,Pending
TXN00004205,ACC0000474,2024-01-03,8:25:00,Debit,4106.81,POS,Utility,8447.28,Pending
TXN00001943,ACC0000474,2024-05-13,20:43:00,Transfer,11313.38,Branch,Transfer,8447.28,Pending
TXN00004779,ACC0000474,2024-09-12,10:43:00,Transfer,8103.75,Branch,Rent,8447.28,Pending
TXN00000545,ACC0000475,2023-02-14,21:50:00,Transfer,1458.88,Wire Transfer,Rent,8756.12,Pending
TXN00003706,ACC0000475,2023-02-23,15:10:00,Interest,14888.52,Online,Investment,8756.12,Pending
TXN00000285,ACC0000475,2023-08-31,12:57:00,Debit,702.26,Mobile,Rent,8756.12,Pending
TXN00004958,ACC0000475,2023-12-27,9:40:00,Credit,8872.33,Mobile,Refund,8756.12,Failed
TXN00001675,ACC0000475,2024-03-07,10:07:00,Debit,9817.43,POS,Utility,8756.12,Failed
TXN00003968,ACC0000475,2024-04-09,10:26:00,Credit,6850.73,Mobile,Salary,8756.12,Failed
TXN00003692,ACC0000475,2024-09-15,9:50:00,Credit,12024.61,Mobile,Salary,8756.12,Failed
TXN00001521,ACC0000476,2023-01-18,16:00:00,Transfer,11094.29,Branch,Investment,9955.97,Completed
TXN00001548,ACC0000476,2023-10-18,21:01:00,ATM Withdrawal,13278.61,ATM,Rent,9955.97,Failed
TXN00000357,ACC0000476,2023-12-21,16:58:00,Fee,12027.77,Mobile,Utility,9955.97,Failed
TXN00003738,ACC0000477,2022-02-01,11:19:00,ATM Withdrawal,4818.16,ATM,Rent,4353.0,Pending
TXN00003011,ACC0000477,2022-07-21,8:17:00,Debit,12197.48,Mobile,Utility,4353.0,Pending
TXN00003747,ACC0000477,2022-11-01,20:05:00,Interest,14095.32,Branch,Investment,18448.32,Completed
TXN00002230,ACC0000477,2023-06-08,17:33:00,Fee,13266.72,Mobile,Utility,18448.32,Failed
TXN00001975,ACC0000477,2024-05-12,19:48:00,Credit,3429.73,Mobile,Refund,18448.32,Pending
TXN00000482,ACC0000477,2024-08-19,16:33:00,Credit,4918.37,Online,Investment,18448.32,Failed
TXN00003433,ACC0000477,2024-09-21,9:56:00,Interest,7923.53,Branch,Investment,18448.32,Failed
TXN00003193,ACC0000477,2024-12-08,8:25:00,Credit,5530.0,Branch,Investment,18448.32,Pending
TXN00001944,ACC0000478,2022-02-03,21:37:00,Fee,1506.34,Branch,Utility,46759.66,Completed
TXN00002034,ACC0000478,2022-02-19,20:24:00,Fee,6065.71,Branch,Utility,46759.66,Failed
TXN00000724,ACC0000478,2022-12-26,17:29:00,Debit,14039.84,Online,Purchase,32719.82,Completed
TXN00001066,ACC0000478,2023-03-01,15:27:00,Debit,14102.8,POS,Rent,32719.82,Failed
TXN00001505,ACC0000478,2023-12-21,9:11:00,ATM Withdrawal,14062.04,ATM,Utility,18657.78,Completed
TXN00004611,ACC0000478,2024-02-19,20:23:00,Debit,14949.76,POS,Rent,3708.02,Completed
TXN00000814,ACC0000478,2024-06-03,18:40:00,Credit,3023.73,Mobile,Refund,3708.02,Failed
TXN00002599,ACC0000478,2024-10-03,22:25:00,ATM Withdrawal,14759.18,ATM,Utility,3708.02,Pending
TXN00004903,ACC0000479,2023-05-30,8:52:00,Debit,11324.51,Online,Purchase,44950.48,Pending
TXN00004069,ACC0000479,2023-09-07,10:19:00,Transfer,14469.34,Mobile,Investment,30481.14,Completed
TXN00004200,ACC0000479,2024-07-15,21:16:00,ATM Withdrawal,8720.4,ATM,Rent,30481.14,Failed
TXN00003478,ACC0000479,2024-10-30,13:25:00,ATM Withdrawal,10293.83,ATM,Rent,30481.14,Pending
TXN00001244,ACC0000479,2024-12-21,13:26:00,Fee,579.92,Branch,Utility,30481.14,Pending
TXN00002399,ACC0000480,2022-09-29,9:02:00,Fee,2740.84,Mobile,Utility,56006.99,Pending
TXN00002893,ACC0000480,2023-01-21,12:16:00,Transfer,6282.81,Branch,Transfer,56006.99,Failed
TXN00003889,ACC0000480,2023-04-09,14:42:00,ATM Withdrawal,7074.88,ATM,Purchase,56006.99,Pending
TXN00001255,ACC0000480,2023-06-18,17:31:00,Fee,4759.83,Mobile,Utility,51247.16,Completed
TXN00004754,ACC0000480,2023-09-06,20:13:00,Fee,14614.9,Mobile,Utility,51247.16,Pending
TXN00001448,ACC0000480,2024-05-18,18:20:00,Interest,9959.9,Online,Investment,51247.16,Failed
TXN00000170,ACC0000480,2024-06-17,13:07:00,ATM Withdrawal,1258.55,ATM,Rent,51247.16,Failed
TXN00003712,ACC0000480,2024-07-26,11:34:00,Fee,11085.26,Branch,Utility,51247.16,Pending
TXN00002422,ACC0000481,2023-05-31,16:41:00,Interest,5557.79,Online,Investment,8909.22,Failed
TXN00002439,ACC0000481,2023-06-30,8:10:00,Credit,11392.55,Mobile,Refund,8909.22,Failed
TXN00003746,ACC0000481,2024-04-02,9:40:00,Credit,554.25,Mobile,Salary,8909.22,Pending
TXN00001629,ACC0000481,2024-08-21,21:31:00,ATM Withdrawal,6587.2,ATM,Utility,8909.22,Pending
TXN00003289,ACC0000482,2022-11-16,15:55:00,ATM Withdrawal,12868.48,ATM,Utility,0.0,Completed
TXN00002413,ACC0000482,2022-12-22,17:15:00,Credit,904.55,Branch,Refund,0.0,Failed
TXN00000820,ACC0000482,2023-05-30,20:12:00,Credit,9845.97,Online,Refund,0.0,Pending
TXN00003886,ACC0000482,2023-08-01,13:26:00,ATM Withdrawal,9672.15,ATM,Purchase,0.0,Failed
TXN00000764,ACC0000482,2024-02-02,9:55:00,ATM Withdrawal,14901.09,ATM,Rent,0.0,Failed
TXN00001042,ACC0000482,2024-02-06,18:03:00,Credit,3275.12,Branch,Refund,3275.12,Completed
TXN00001283,ACC0000482,2024-04-15,22:18:00,ATM Withdrawal,11067.92,ATM,Rent,3275.12,Failed
TXN00003420,ACC0000482,2024-06-12,22:02:00,Credit,8442.68,Online,Refund,3275.12,Pending
TXN00001818,ACC0000482,2024-07-23,18:14:00,Credit,11847.66,Branch,Refund,15122.78,Completed
TXN00004536,ACC0000483,2023-09-30,11:14:00,ATM Withdrawal,12868.81,ATM,Utility,38410.69,Pending
TXN00002800,ACC0000483,2024-01-28,18:42:00,Transfer,3608.01,Online,Rent,34802.68,Completed
TXN00004760,ACC0000483,2024-03-11,15:03:00,Debit,7604.38,POS,Rent,34802.68,Pending
TXN00000316,ACC0000483,2024-06-26,20:09:00,Credit,10521.42,Online,Refund,45324.1,Completed
TXN00001082,ACC0000483,2024-11-10,10:17:00,Interest,8972.61,Branch,Investment,45324.1,Failed
TXN00003926,ACC0000483,2024-12-26,19:14:00,ATM Withdrawal,6409.5,ATM,Utility,45324.1,Pending
TXN00004807,ACC0000484,2023-01-15,22:35:00,Interest,710.48,Branch,Investment,9815.98,Failed
TXN00001223,ACC0000484,2023-05-26,15:59:00,ATM Withdrawal,14295.99,ATM,Purchase,9815.98,Failed
TXN00004944,ACC0000484,2023-09-06,13:08:00,Credit,8944.97,Mobile,Salary,9815.98,Failed
TXN00000822,ACC0000484,2023-09-12,12:34:00,Transfer,12907.93,Mobile,Rent,9815.98,Failed
TXN00003784,ACC0000484,2024-07-02,20:05:00,Transfer,7845.67,Mobile,Transfer,1970.31,Completed
TXN00004094,ACC0000484,2024-08-28,13:04:00,ATM Withdrawal,629.27,ATM,Rent,1341.04,Completed
TXN00001494,ACC0000484,2024-12-15,16:56:00,Fee,1198.1,Online,Utility,142.94,Completed
TXN00002979,ACC0000485,2023-10-28,22:54:00,Fee,13159.13,Online,Utility,1913.23,Completed
TXN00004401,ACC0000485,2024-02-12,15:22:00,Interest,11825.05,Online,Investment,1913.23,Pending
TXN00001532,ACC0000485,2024-04-02,9:00:00,Credit,14173.75,Online,Salary,16086.98,Completed
TXN00002303,ACC0000485,2024-05-06,8:08:00,Transfer,1774.09,Wire Transfer,Transfer,16086.98,Pending
TXN00002393,ACC0000485,2024-05-17,19:03:00,Interest,771.55,Online,Investment,16086.98,Failed
TXN00004121,ACC0000485,2024-05-18,21:07:00,Fee,10362.88,Mobile,Utility,16086.98,Pending
TXN00004196,ACC0000485,2024-05-31,20:42:00,ATM Withdrawal,10483.68,ATM,Purchase,16086.98,Failed
TXN00000238,ACC0000485,2024-06-16,15:11:00,Fee,12475.21,Online,Utility,16086.98,Pending
TXN00000177,ACC0000486,2022-01-21,13:24:00,Credit,4932.51,Branch,Investment,20796.42,Completed
TXN00004787,ACC0000486,2023-03-25,9:05:00,Interest,12091.42,Branch,Investment,32887.84,Completed
TXN00001452,ACC0000486,2023-05-19,14:48:00,Interest,1078.63,Online,Investment,32887.84,Pending
TXN00004628,ACC0000486,2023-05-19,9:45:00,Interest,1842.95,Branch,Investment,32887.84,Failed
TXN00004790,ACC0000486,2024-02-08,20:56:00,Transfer,10090.98,Mobile,Transfer,22796.86,Completed
TXN00001789,ACC0000486,2024-08-16,14:07:00,Debit,4110.46,POS,Rent,22796.86,Pending
TXN00004281,ACC0000486,2024-11-11,10:07:00,ATM Withdrawal,658.12,ATM,Purchase,22138.74,Completed
TXN00003500,ACC0000487,2022-04-14,10:48:00,Debit,7658.54,Mobile,Rent,4466.48,Failed
TXN00004180,ACC0000487,2022-04-22,10:09:00,Interest,7298.63,Branch,Investment,4466.48,Pending
TXN00001210,ACC0000487,2023-10-25,13:29:00,Fee,14957.56,Branch,Utility,4466.48,Pending
TXN00000515,ACC0000487,2023-11-18,20:27:00,Fee,7805.42,Mobile,Utility,4466.48,Failed
TXN00001531,ACC0000487,2024-02-02,12:51:00,Debit,8334.34,POS,Rent,4466.48,Pending
TXN00002858,ACC0000487,2024-02-10,15:13:00,ATM Withdrawal,13965.77,ATM,Rent,4466.48,Failed
TXN00000762,ACC0000488,2022-08-21,22:55:00,Debit,9461.7,POS,Rent,12742.89,Failed
TXN00002346,ACC0000488,2022-09-05,20:48:00,Interest,2637.57,Branch,Investment,15380.46,Completed
TXN00001168,ACC0000488,2022-09-11,13:01:00,Transfer,14251.87,Mobile,Transfer,1128.59,Completed
TXN00001243,ACC0000488,2022-10-12,13:10:00,Transfer,6829.5,Mobile,Rent,1128.59,Pending
TXN00002046,ACC0000488,2022-11-23,15:21:00,Transfer,1002.07,Wire Transfer,Rent,126.52,Completed
TXN00000990,ACC0000488,2023-05-17,10:54:00,Interest,477.35,Branch,Investment,603.87,Completed
TXN00000297,ACC0000488,2023-11-07,22:53:00,Credit,1142.44,Branch,Salary,1746.31,Completed
TXN00003213,ACC0000488,2024-06-05,9:06:00,Fee,5398.17,Online,Utility,1746.31,Failed
TXN00003166,ACC0000488,2024-07-04,20:30:00,Fee,1447.57,Branch,Utility,298.74,Completed
TXN00003147,ACC0000489,2022-10-31,16:23:00,Debit,9860.61,POS,Utility,28391.84,Failed
TXN00003757,ACC0000489,2022-11-27,13:12:00,ATM Withdrawal,10605.86,ATM,Purchase,17785.98,Completed
TXN00001356,ACC0000489,2022-11-28,18:01:00,ATM Withdrawal,11827.75,ATM,Purchase,5958.23,Completed
TXN00000630,ACC0000489,2024-01-07,17:21:00,Fee,12912.23,Branch,Utility,5958.23,Pending
TXN00001628,ACC0000489,2024-01-22,19:31:00,Debit,5425.65,POS,Rent,532.58,Completed
TXN00004721,ACC0000489,2024-05-14,16:55:00,Interest,1101.08,Branch,Investment,532.58,Pending
TXN00003829,ACC0000489,2024-07-04,8:44:00,Credit,8882.93,Mobile,Salary,532.58,Pending
TXN00001714,ACC0000489,2024-12-02,15:21:00,Transfer,6786.58,Branch,Rent,532.58,Failed
TXN00001720,ACC0000490,2022-01-02,15:44:00,ATM Withdrawal,4564.61,ATM,Purchase,9336.24,Failed
TXN00001567,ACC0000490,2022-06-29,11:56:00,Transfer,13033.43,Branch,Investment,9336.24,Pending
TXN00003934,ACC0000490,2022-07-27,17:01:00,Fee,14472.67,Mobile,Utility,9336.24,Failed
TXN00002056,ACC0000490,2023-01-25,13:19:00,Fee,12892.68,Branch,Utility,9336.24,Pending
TXN00000716,ACC0000490,2023-08-03,10:11:00,Interest,14876.46,Online,Investment,9336.24,Pending
TXN00002739,ACC0000490,2023-08-03,14:42:00,ATM Withdrawal,8477.6,ATM,Purchase,9336.24,Pending
TXN00002814,ACC0000490,2023-10-21,8:51:00,Interest,8814.2,Online,Investment,9336.24,Pending
TXN00001523,ACC0000490,2024-01-10,21:02:00,Credit,10584.03,Online,Investment,9336.24,Pending
TXN00003598,ACC0000490,2024-09-23,16:37:00,Debit,4285.56,POS,Rent,5050.68,Completed
TXN00003813,ACC0000490,2024-10-23,12:30:00,Credit,3472.89,Branch,Salary,8523.57,Completed
TXN00001388,ACC0000491,2021-11-03,10:41:00,Interest,5293.02,Online,Investment,55214.5,Completed
TXN00001064,ACC0000491,2021-11-26,19:02:00,Fee,163.52,Mobile,Utility,55050.98,Completed
TXN00000176,ACC0000491,2022-01-09,16:09:00,Transfer,2423.37,Mobile,Rent,55050.98,Pending
TXN00000987,ACC0000491,2022-01-19,11:06:00,Fee,3818.44,Branch,Utility,55050.98,Failed
TXN00003440,ACC0000491,2022-05-05,21:27:00,Debit,6024.36,POS,Rent,55050.98,Pending
TXN00004490,ACC0000491,2022-05-12,22:58:00,Credit,12119.64,Online,Salary,55050.98,Pending
TXN00004153,ACC0000492,2022-01-30,17:51:00,Interest,10767.18,Online,Investment,32800.57,Completed
TXN00001338,ACC0000492,2022-11-27,15:22:00,Interest,8817.38,Branch,Investment,32800.57,Failed
TXN00002538,ACC0000492,2023-02-12,13:28:00,Debit,6427.83,Online,Utility,26372.74,Completed
TXN00001068,ACC0000492,2023-12-07,21:16:00,Debit,4766.1,Mobile,Utility,21606.64,Completed
TXN00004654,ACC0000492,2024-03-03,10:12:00,Fee,14172.66,Branch,Utility,21606.64,Failed
TXN00003346,ACC0000492,2024-05-13,11:47:00,Credit,5987.72,Mobile,Salary,27594.36,Completed
TXN00001421,ACC0000492,2024-10-26,9:01:00,Fee,1895.75,Branch,Utility,25698.61,Completed
TXN00003629,ACC0000492,2024-12-07,22:07:00,Credit,8549.43,Mobile,Salary,34248.04,Completed
TXN00003309,ACC0000493,2022-03-11,21:26:00,Interest,3381.66,Online,Investment,67375.82,Completed
TXN00003276,ACC0000493,2022-07-01,14:30:00,Interest,6969.22,Online,Investment,67375.82,Pending
TXN00003262,ACC0000493,2023-01-01,14:22:00,Debit,5546.42,Mobile,Purchase,53328.18,Pending
TXN00000398,ACC0000493,2023-01-01,9:32:00,Debit,14047.64,POS,Purchase,53328.18,Completed
TXN00001473,ACC0000493,2023-12-02,13:14:00,Transfer,612.81,Branch,Rent,53328.18,Failed
TXN00003939,ACC0000493,2024-10-08,21:07:00,ATM Withdrawal,9924.05,ATM,Rent,43404.13,Completed
TXN00001698,ACC0000494,2024-01-25,11:31:00,Debit,11285.63,Mobile,Rent,0.0,Completed
TXN00000032,ACC0000494,2024-04-14,13:27:00,Credit,499.65,Online,Refund,499.65,Completed
TXN00000770,ACC0000494,2024-07-24,15:31:00,Credit,12557.53,Mobile,Salary,499.65,Pending
TXN00004631,ACC0000494,2024-09-11,19:39:00,Credit,10414.55,Online,Investment,10914.2,Completed
TXN00001299,ACC0000494,2024-10-23,12:31:00,ATM Withdrawal,1744.66,ATM,Rent,10914.2,Failed
TXN00004820,ACC0000494,2024-12-01,13:48:00,Credit,7869.12,Branch,Investment,10914.2,Pending
TXN00000274,ACC0000495,2022-12-04,9:51:00,Debit,9440.15,Mobile,Purchase,6359.31,Completed
TXN00002169,ACC0000495,2023-01-09,12:39:00,ATM Withdrawal,1997.55,ATM,Rent,4361.76,Completed
TXN00002502,ACC0000495,2023-03-12,9:38:00,Interest,4612.91,Branch,Investment,4361.76,Pending
TXN00002138,ACC0000495,2023-06-16,20:04:00,Fee,11670.77,Mobile,Utility,4361.76,Pending
TXN00002972,ACC0000495,2023-08-04,20:52:00,Interest,6566.09,Branch,Investment,4361.76,Failed
TXN00001569,ACC0000495,2023-12-02,11:36:00,Debit,5248.33,Online,Utility,4361.76,Pending
TXN00003653,ACC0000495,2024-01-22,17:34:00,Interest,14839.47,Branch,Investment,4361.76,Pending
TXN00001511,ACC0000495,2024-05-19,8:12:00,Debit,1301.9,Online,Utility,4361.76,Failed
TXN00001557,ACC0000495,2024-08-18,18:26:00,ATM Withdrawal,4356.76,ATM,Rent,5.0,Completed
TXN00003816,ACC0000495,2024-10-05,13:08:00,Debit,13924.27,Online,Rent,5.0,Pending
TXN00001950,ACC0000496,2023-03-14,22:22:00,Interest,13538.9,Branch,Investment,22130.26,Completed
TXN00002466,ACC0000496,2023-05-13,18:36:00,Interest,3114.76,Online,Investment,22130.26,Pending
TXN00004786,ACC0000496,2023-05-15,14:35:00,Debit,13585.08,POS,Purchase,8545.18,Completed
TXN00004441,ACC0000496,2023-09-06,22:00:00,Transfer,4937.35,Branch,Rent,8545.18,Failed
TXN00001098,ACC0000496,2023-09-19,20:09:00,Transfer,2743.0,Branch,Rent,8545.18,Failed
TXN00000544,ACC0000496,2023-11-15,19:50:00,Credit,12779.85,Mobile,Salary,8545.18,Pending
TXN00002806,ACC0000496,2024-09-18,16:07:00,Interest,14741.2,Branch,Investment,8545.18,Pending
TXN00001329,ACC0000496,2024-10-11,14:30:00,Fee,8133.14,Branch,Utility,412.04,Completed
TXN00001808,ACC0000497,2024-05-14,16:15:00,Credit,12399.69,Branch,Refund,19942.19,Pending
TXN00001660,ACC0000497,2024-05-26,19:28:00,Credit,5376.69,Online,Refund,19942.19,Failed
TXN00000003,ACC0000497,2024-07-21,14:22:00,ATM Withdrawal,12348.42,ATM,Utility,19942.19,Failed
TXN00002027,ACC0000498,2022-01-20,18:50:00,Credit,2387.47,Mobile,Refund,48874.42,Completed
TXN00000832,ACC0000498,2022-10-29,18:35:00,Debit,4772.61,Mobile,Utility,48874.42,Failed
TXN00003357,ACC0000498,2023-02-08,19:25:00,Interest,2725.33,Branch,Investment,48874.42,Failed
TXN00001358,ACC0000498,2023-03-11,17:14:00,Debit,1890.4,Mobile,Utility,48874.42,Failed
TXN00002977,ACC0000498,2023-07-07,18:00:00,ATM Withdrawal,9775.07,ATM,Rent,39099.35,Completed
TXN00000268,ACC0000498,2024-04-25,21:30:00,ATM Withdrawal,10262.09,ATM,Rent,28837.26,Completed
TXN00000013,ACC0000498,2024-06-07,18:18:00,Debit,11226.13,POS,Purchase,28837.26,Failed
TXN00002142,ACC0000498,2024-09-22,17:19:00,Transfer,10457.51,Wire Transfer,Transfer,28837.26,Pending
TXN00003436,ACC0000499,2022-12-04,20:28:00,Fee,7938.26,Branch,Utility,43428.72,Failed
TXN00002125,ACC0000499,2023-01-12,8:15:00,Fee,12232.4,Branch,Utility,43428.72,Failed
TXN00000278,ACC0000499,2023-07-02,8:21:00,Transfer,6942.47,Wire Transfer,Rent,43428.72,Failed
TXN00004074,ACC0000499,2023-10-05,19:46:00,Fee,6597.37,Online,Utility,43428.72,Pending
TXN00000291,ACC0000500,2022-03-26,14:22:00,ATM Withdrawal,9447.52,ATM,Rent,32946.88,Completed
TXN00004049,ACC0000500,2023-01-22,20:16:00,ATM Withdrawal,13554.33,ATM,Purchase,19392.55,Completed
TXN00000250,ACC0000500,2023-09-25,20:05:00,Fee,3451.33,Online,Utility,19392.55,Pending
TXN00001831,ACC0000500,2024-01-31,14:08:00,Interest,9553.79,Branch,Investment,28946.34,Completed
TXN00004271,ACC0000500,2024-04-02,20:46:00,Debit,5627.68,POS,Purchase,28946.34,Failed
TXN00002086,ACC0000501,2024-03-05,15:07:00,Transfer,12714.15,Mobile,Investment,45848.53,Pending
TXN00002970,ACC0000501,2024-06-19,19:28:00,Transfer,6559.46,Branch,Investment,39289.07,Completed
TXN00000993,ACC0000501,2024-07-20,12:13:00,Fee,10697.54,Mobile,Utility,39289.07,Failed
TXN00003921,ACC0000501,2024-08-17,8:43:00,Fee,7031.27,Online,Utility,39289.07,Pending
TXN00001059,ACC0000501,2024-08-27,21:42:00,Fee,1632.3,Branch,Utility,39289.07,Failed
TXN00003930,ACC0000501,2024-09-03,19:13:00,ATM Withdrawal,902.49,ATM,Rent,38386.58,Completed
TXN00002241,ACC0000501,2024-12-03,14:22:00,Fee,10553.76,Mobile,Utility,38386.58,Pending
TXN00003390,ACC0000502,2023-04-11,21:24:00,Debit,5991.23,Mobile,Utility,33112.83,Pending
TXN00003515,ACC0000502,2023-06-17,15:53:00,Transfer,8401.29,Online,Investment,24711.54,Completed
TXN00002508,ACC0000502,2023-08-17,22:40:00,Fee,13081.16,Online,Utility,24711.54,Pending
TXN00003157,ACC0000502,2023-09-26,22:19:00,Fee,4359.59,Branch,Utility,24711.54,Failed
TXN00001270,ACC0000502,2023-09-29,16:17:00,Fee,12523.85,Online,Utility,24711.54,Pending
TXN00002909,ACC0000502,2023-10-05,19:31:00,ATM Withdrawal,3793.99,ATM,Purchase,24711.54,Pending
TXN00001832,ACC0000502,2023-10-22,9:19:00,Fee,4500.27,Branch,Utility,24711.54,Pending
TXN00000372,ACC0000502,2023-12-27,9:10:00,ATM Withdrawal,3970.16,ATM,Rent,20741.38,Completed
TXN00003492,ACC0000502,2024-04-24,9:10:00,Interest,9014.76,Branch,Investment,29756.14,Completed
TXN00002608,ACC0000502,2024-10-02,13:16:00,ATM Withdrawal,11584.06,ATM,Rent,29756.14,Pending
TXN00000935,ACC0000502,2024-10-26,14:31:00,Transfer,4504.36,Online,Transfer,29756.14,Failed
TXN00003101,ACC0000502,2024-11-21,12:57:00,Fee,10455.23,Branch,Utility,29756.14,Failed
TXN00001301,ACC0000503,2023-05-18,12:05:00,Interest,8143.13,Branch,Investment,30015.97,Pending
TXN00001056,ACC0000503,2023-08-21,22:45:00,Interest,11075.39,Online,Investment,41091.36,Completed
TXN00000699,ACC0000503,2023-12-17,21:00:00,Interest,13025.59,Branch,Investment,41091.36,Pending
TXN00000695,ACC0000503,2024-05-12,21:33:00,Transfer,9168.88,Branch,Rent,41091.36,Pending
TXN00000615,ACC0000504,2023-04-19,9:50:00,ATM Withdrawal,14060.47,ATM,Purchase,3835.9,Pending
TXN00000052,ACC0000504,2023-06-08,8:19:00,Credit,7598.24,Branch,Salary,11434.14,Completed
TXN00003490,ACC0000504,2023-06-11,11:15:00,Credit,2835.4,Branch,Salary,11434.14,Failed
TXN00003607,ACC0000504,2023-09-12,22:24:00,Debit,6359.19,Online,Rent,11434.14,Failed
TXN00003787,ACC0000504,2023-11-19,16:00:00,ATM Withdrawal,8515.98,ATM,Rent,11434.14,Pending
TXN00004596,ACC0000504,2024-01-22,16:48:00,Fee,10975.33,Branch,Utility,11434.14,Pending
TXN00002435,ACC0000504,2024-02-13,11:56:00,Interest,8461.14,Branch,Investment,11434.14,Failed
TXN00003123,ACC0000504,2024-04-27,9:51:00,Fee,5590.1,Branch,Utility,5844.04,Completed
TXN00001752,ACC0000504,2024-08-19,8:41:00,ATM Withdrawal,338.28,ATM,Utility,5844.04,Failed
TXN00000018,ACC0000504,2024-08-24,17:11:00,Debit,406.43,Mobile,Rent,5437.61,Completed
TXN00003909,ACC0000505,2022-03-20,9:51:00,ATM Withdrawal,8334.37,ATM,Rent,61362.35,Pending
TXN00004438,ACC0000505,2022-03-31,22:34:00,ATM Withdrawal,8799.28,ATM,Utility,61362.35,Failed
TXN00000978,ACC0000505,2023-05-11,18:34:00,Transfer,10784.74,Mobile,Transfer,61362.35,Pending
TXN00001143,ACC0000505,2024-06-05,20:13:00,ATM Withdrawal,13176.95,ATM,Purchase,48185.4,Completed
TXN00002867,ACC0000505,2024-12-20,18:47:00,Credit,5722.82,Mobile,Refund,48185.4,Failed
TXN00004359,ACC0000506,2022-07-06,12:54:00,Transfer,3631.07,Mobile,Rent,48896.78,Pending
TXN00000857,ACC0000506,2022-07-10,14:01:00,Interest,10033.47,Online,Investment,58930.25,Completed
TXN00003113,ACC0000506,2023-05-29,15:30:00,Transfer,5058.65,Branch,Rent,58930.25,Pending
TXN00004134,ACC0000506,2023-11-16,10:06:00,Credit,4495.38,Online,Investment,58930.25,Pending
TXN00000028,ACC0000506,2024-08-28,19:56:00,Debit,8304.74,Mobile,Purchase,50625.51,Completed
TXN00002926,ACC0000507,2022-02-10,22:20:00,Interest,318.77,Branch,Investment,6056.45,Pending
TXN00003234,ACC0000507,2023-04-28,12:35:00,Fee,294.78,Branch,Utility,6056.45,Failed
TXN00004869,ACC0000507,2023-10-07,15:17:00,Transfer,5415.71,Branch,Rent,640.74,Completed
TXN00004420,ACC0000507,2023-12-24,13:08:00,Transfer,470.01,Branch,Transfer,170.73,Completed
TXN00000607,ACC0000507,2024-08-24,20:03:00,Transfer,5861.51,Mobile,Investment,170.73,Pending
TXN00001719,ACC0000507,2024-09-28,17:06:00,Debit,5653.79,Mobile,Utility,170.73,Failed
TXN00000772,ACC0000508,2022-03-15,16:29:00,Interest,1612.93,Branch,Investment,40535.51,Completed
TXN00001716,ACC0000508,2022-04-15,17:43:00,Interest,10203.64,Branch,Investment,40535.51,Pending
TXN00004706,ACC0000508,2022-06-26,17:18:00,Transfer,80.55,Online,Rent,40535.51,Pending
TXN00004836,ACC0000508,2022-09-08,11:14:00,Transfer,10883.69,Mobile,Investment,29651.82,Completed
TXN00003781,ACC0000508,2022-10-03,9:21:00,Fee,9579.19,Mobile,Utility,20072.63,Completed
TXN00002760,ACC0000508,2023-02-04,18:21:00,Debit,13757.19,POS,Purchase,20072.63,Failed
TXN00002405,ACC0000508,2023-02-10,13:25:00,ATM Withdrawal,8408.79,ATM,Rent,11663.84,Completed
TXN00002198,ACC0000508,2023-02-23,21:32:00,Interest,3112.11,Online,Investment,11663.84,Pending
TXN00000622,ACC0000508,2023-10-27,14:25:00,Interest,8767.15,Online,Investment,20430.99,Completed
TXN00003282,ACC0000508,2024-11-26,16:48:00,Fee,10123.62,Online,Utility,10307.37,Completed
TXN00001427,ACC0000509,2023-11-05,10:19:00,Debit,5002.83,Mobile,Rent,34242.04,Pending
TXN00001961,ACC0000509,2024-01-06,15:31:00,Credit,4415.15,Mobile,Salary,34242.04,Failed
TXN00002163,ACC0000509,2024-02-27,10:30:00,Transfer,2193.65,Wire Transfer,Rent,32048.39,Completed
TXN00002453,ACC0000509,2024-04-25,8:21:00,Interest,10510.36,Online,Investment,42558.75,Completed
TXN00004545,ACC0000509,2024-09-18,22:55:00,Transfer,3763.45,Wire Transfer,Investment,38795.3,Completed
TXN00003200,ACC0000509,2024-11-06,8:45:00,Fee,4261.46,Branch,Utility,38795.3,Pending
TXN00002229,ACC0000509,2024-12-03,19:16:00,Interest,11254.72,Branch,Investment,38795.3,Pending
TXN00001849,ACC0000510,2022-05-14,17:53:00,Fee,9333.89,Online,Utility,43287.74,Completed
TXN00000125,ACC0000510,2023-05-25,14:33:00,Transfer,10186.48,Online,Rent,33101.26,Completed
TXN00001784,ACC0000510,2023-07-21,17:06:00,ATM Withdrawal,1155.11,ATM,Rent,33101.26,Pending
TXN00003942,ACC0000510,2023-10-31,13:03:00,ATM Withdrawal,8406.99,ATM,Rent,33101.26,Failed
TXN00001780,ACC0000510,2024-05-06,12:41:00,ATM Withdrawal,2392.59,ATM,Purchase,33101.26,Failed
TXN00004930,ACC0000511,2023-02-23,9:40:00,Interest,1744.65,Branch,Investment,11123.64,Pending
TXN00002232,ACC0000511,2023-05-01,13:42:00,Debit,6053.24,Mobile,Rent,5070.4,Completed
TXN00000741,ACC0000511,2023-05-05,18:32:00,Debit,6211.73,POS,Purchase,5070.4,Failed
TXN00004985,ACC0000511,2023-05-11,20:02:00,Fee,2053.81,Branch,Utility,3016.59,Completed
TXN00001078,ACC0000511,2023-08-04,9:09:00,Credit,10801.53,Mobile,Salary,3016.59,Pending
TXN00001305,ACC0000511,2023-12-05,11:03:00,Fee,3767.28,Branch,Utility,3016.59,Failed
TXN00002616,ACC0000511,2024-01-11,19:14:00,ATM Withdrawal,2888.19,ATM,Utility,3016.59,Pending
TXN00002915,ACC0000511,2024-08-17,19:48:00,Transfer,223.3,Mobile,Rent,3016.59,Failed
TXN00001269,ACC0000512,2022-01-01,21:37:00,ATM Withdrawal,8523.0,ATM,Utility,14422.69,Completed
TXN00003185,ACC0000512,2022-01-14,12:30:00,Transfer,5995.25,Wire Transfer,Investment,14422.69,Failed
TXN00000676,ACC0000512,2022-03-12,12:28:00,Debit,6180.4,Mobile,Purchase,8242.29,Completed
TXN00000774,ACC0000512,2022-07-27,17:15:00,Transfer,6665.84,Branch,Rent,8242.29,Failed
TXN00002700,ACC0000512,2022-11-11,15:32:00,Debit,7212.75,Online,Purchase,8242.29,Failed
TXN00003604,ACC0000512,2023-12-03,12:19:00,Debit,1707.57,POS,Utility,8242.29,Pending
TXN00000943,ACC0000512,2023-12-16,15:54:00,Fee,3471.16,Online,Utility,4771.13,Completed
TXN00000461,ACC0000512,2024-01-09,14:10:00,Interest,5773.15,Branch,Investment,10544.28,Completed
TXN00004113,ACC0000512,2024-04-25,20:05:00,Credit,4693.56,Online,Salary,10544.28,Failed
TXN00004539,ACC0000512,2024-06-25,14:58:00,Debit,12262.62,Mobile,Utility,10544.28,Failed
TXN00003496,ACC0000513,2022-06-13,11:28:00,Fee,6515.8,Branch,Utility,20603.29,Pending
TXN00000467,ACC0000513,2023-03-30,10:56:00,Credit,8610.55,Online,Refund,20603.29,Pending
TXN00000960,ACC0000513,2023-05-13,12:20:00,Credit,1065.41,Online,Refund,20603.29,Failed
TXN00000396,ACC0000513,2023-05-24,11:38:00,Credit,2819.61,Mobile,Refund,20603.29,Pending
TXN00003298,ACC0000513,2023-10-06,17:00:00,Transfer,9298.93,Online,Investment,20603.29,Pending
TXN00003299,ACC0000513,2024-08-06,13:58:00,Transfer,13250.22,Online,Rent,7353.07,Completed
TXN00002210,ACC0000514,2022-02-20,20:30:00,Fee,5660.48,Online,Utility,5847.67,Failed
TXN00000797,ACC0000514,2022-07-06,18:12:00,Interest,6366.84,Online,Investment,12214.51,Completed
TXN00001534,ACC0000514,2022-09-15,10:34:00,Interest,11423.02,Online,Investment,12214.51,Failed
TXN00002010,ACC0000514,2023-08-23,15:06:00,Credit,6605.36,Online,Investment,12214.51,Failed
TXN00003387,ACC0000514,2023-12-14,18:09:00,Debit,5567.49,Online,Purchase,6647.02,Completed
TXN00000985,ACC0000514,2024-11-27,12:32:00,Debit,2386.15,Online,Purchase,6647.02,Failed
TXN00002658,ACC0000515,2023-05-20,13:19:00,ATM Withdrawal,3834.26,ATM,Utility,36095.98,Completed
TXN00001535,ACC0000515,2024-02-11,8:12:00,Transfer,465.81,Mobile,Transfer,35630.17,Completed
TXN00004951,ACC0000515,2024-08-19,22:25:00,Fee,4888.43,Online,Utility,35630.17,Pending
TXN00000870,ACC0000516,2022-04-03,12:22:00,ATM Withdrawal,9717.52,ATM,Rent,5140.94,Failed
TXN00001363,ACC0000517,2023-04-25,11:48:00,Debit,12156.24,Online,Purchase,41804.59,Completed
TXN00001116,ACC0000517,2023-07-21,15:54:00,Fee,3161.02,Online,Utility,41804.59,Failed
TXN00000638,ACC0000517,2023-09-19,8:07:00,Transfer,9572.84,Branch,Rent,41804.59,Failed
TXN00004843,ACC0000517,2023-09-23,11:14:00,Interest,126.95,Branch,Investment,41804.59,Pending
TXN00000551,ACC0000517,2023-12-13,18:36:00,Credit,7849.11,Online,Investment,41804.59,Pending
TXN00004849,ACC0000517,2024-02-13,15:52:00,Transfer,339.82,Mobile,Investment,41804.59,Pending
TXN00001303,ACC0000517,2024-11-21,20:55:00,ATM Withdrawal,6076.67,ATM,Rent,41804.59,Failed
TXN00001504,ACC0000517,2024-12-18,8:42:00,Interest,5282.13,Online,Investment,47086.72,Completed
TXN00002127,ACC0000518,2023-08-25,10:24:00,Debit,12226.21,Mobile,Rent,321.59,Completed
TXN00003410,ACC0000518,2023-10-01,8:53:00,Fee,316.59,Mobile,Utility,5.0,Completed
TXN00001215,ACC0000518,2023-11-15,17:43:00,Debit,2379.32,Mobile,Rent,5.0,Failed
TXN00001518,ACC0000519,2022-01-26,14:11:00,Interest,14167.19,Online,Investment,52550.09,Pending
TXN00002356,ACC0000519,2022-10-01,14:16:00,Fee,2336.91,Mobile,Utility,50213.18,Completed
TXN00003752,ACC0000519,2023-03-05,8:22:00,Credit,415.34,Branch,Refund,50213.18,Failed
TXN00000723,ACC0000519,2023-04-07,16:06:00,Interest,14406.42,Branch,Investment,64619.6,Completed
TXN00002266,ACC0000519,2023-04-08,13:43:00,Interest,14073.33,Branch,Investment,64619.6,Pending
TXN00000639,ACC0000519,2023-05-12,20:39:00,Interest,14406.63,Online,Investment,64619.6,Pending
TXN00001144,ACC0000519,2023-10-25,19:05:00,Transfer,13115.11,Online,Rent,64619.6,Pending
TXN00002485,ACC0000519,2024-06-26,14:46:00,Transfer,131.96,Mobile,Transfer,64487.64,Completed
TXN00003557,ACC0000519,2024-07-30,13:59:00,Credit,7014.96,Mobile,Salary,71502.6,Completed
TXN00001491,ACC0000519,2024-08-12,20:56:00,Interest,2006.61,Branch,Investment,71502.6,Failed
TXN00000932,ACC0000520,2022-01-30,22:38:00,Transfer,2260.63,Branch,Investment,27299.68,Completed
TXN00004293,ACC0000520,2022-11-28,14:12:00,Interest,13459.35,Branch,Investment,40759.03,Completed
TXN00004418,ACC0000520,2023-10-25,8:15:00,Transfer,8955.16,Branch,Investment,40759.03,Failed
TXN00004250,ACC0000520,2024-03-07,21:21:00,Fee,5162.01,Mobile,Utility,35597.02,Completed
TXN00001875,ACC0000521,2022-02-02,12:26:00,Fee,5358.11,Branch,Utility,31686.32,Completed
TXN00003987,ACC0000521,2022-03-07,15:34:00,Credit,4396.02,Mobile,Investment,36082.34,Completed
TXN00004347,ACC0000521,2022-09-14,21:25:00,Credit,11758.59,Mobile,Salary,36082.34,Failed
TXN00000051,ACC0000521,2023-07-04,20:17:00,Interest,2353.13,Branch,Investment,36082.34,Failed
TXN00000957,ACC0000521,2023-07-30,19:09:00,Interest,3815.69,Branch,Investment,36082.34,Pending
TXN00001645,ACC0000521,2023-08-07,13:00:00,ATM Withdrawal,10214.47,ATM,Rent,25867.87,Completed
TXN00001287,ACC0000521,2023-08-08,21:56:00,Debit,2938.32,POS,Utility,25867.87,Pending
TXN00003731,ACC0000521,2023-09-26,9:54:00,Credit,5212.79,Branch,Salary,25867.87,Failed
TXN00004584,ACC0000521,2024-07-03,20:19:00,ATM Withdrawal,7302.2,ATM,Rent,25867.87,Failed
TXN00000751,ACC0000521,2024-07-21,16:16:00,Fee,9867.4,Online,Utility,16000.47,Completed
TXN00004627,ACC0000522,2022-06-06,9:53:00,Debit,11481.65,Online,Purchase,41972.3,Completed
TXN00004947,ACC0000522,2023-06-07,9:23:00,ATM Withdrawal,10639.24,ATM,Utility,41972.3,Pending
TXN00002551,ACC0000522,2023-07-04,22:51:00,Transfer,12179.27,Branch,Investment,41972.3,Failed
TXN00001549,ACC0000522,2023-11-22,22:39:00,Credit,6917.55,Mobile,Salary,41972.3,Pending
TXN00004665,ACC0000522,2024-04-25,10:56:00,Fee,4362.0,Online,Utility,37610.3,Completed
TXN00001755,ACC0000522,2024-07-03,20:11:00,Fee,1268.22,Mobile,Utility,37610.3,Pending
TXN00003499,ACC0000522,2024-09-19,8:41:00,Fee,6776.74,Online,Utility,30833.56,Completed
TXN00003756,ACC0000523,2022-05-18,15:23:00,Transfer,6494.92,Mobile,Rent,35979.86,Failed
TXN00000621,ACC0000523,2022-11-17,18:56:00,Credit,10849.31,Online,Investment,35979.86,Failed
TXN00001498,ACC0000523,2023-05-08,22:03:00,Credit,7055.67,Online,Investment,43035.53,Completed
TXN00000640,ACC0000523,2023-09-26,8:47:00,Transfer,13011.93,Online,Rent,30023.6,Completed
TXN00002085,ACC0000523,2023-11-09,9:46:00,Credit,4596.52,Online,Refund,30023.6,Pending
TXN00004256,ACC0000523,2024-08-08,14:16:00,Debit,14556.54,Online,Rent,30023.6,Pending
TXN00004915,ACC0000524,2022-07-02,16:07:00,Transfer,2133.76,Branch,Transfer,24814.97,Completed
TXN00001222,ACC0000524,2023-10-11,9:10:00,Transfer,5138.33,Wire Transfer,Rent,24814.97,Pending
TXN00002006,ACC0000524,2023-11-18,21:12:00,Interest,5336.51,Online,Investment,30151.48,Completed
TXN00001640,ACC0000524,2024-02-19,10:49:00,Transfer,370.58,Mobile,Investment,30151.48,Pending
TXN00003447,ACC0000524,2024-11-04,21:13:00,Debit,29.92,Online,Purchase,30151.48,Pending
TXN00002730,ACC0000524,2024-12-11,9:05:00,Interest,5043.24,Online,Investment,35194.72,Completed
TXN00001503,ACC0000525,2023-09-19,19:58:00,Debit,2673.36,POS,Rent,14398.84,Pending
TXN00001571,ACC0000525,2023-10-12,21:35:00,Interest,835.62,Branch,Investment,14398.84,Pending
TXN00004603,ACC0000525,2023-11-12,17:43:00,Fee,4306.9,Mobile,Utility,14398.84,Failed
TXN00003732,ACC0000525,2024-03-25,20:34:00,Credit,9608.15,Online,Salary,14398.84,Failed
TXN00001493,ACC0000525,2024-03-27,14:50:00,Interest,12391.18,Online,Investment,26790.02,Completed
TXN00000918,ACC0000525,2024-07-13,11:52:00,Interest,2687.44,Online,Investment,26790.02,Failed
TXN00002112,ACC0000525,2024-11-25,16:12:00,ATM Withdrawal,11302.64,ATM,Purchase,26790.02,Failed
TXN00004320,ACC0000526,2022-02-09,14:51:00,Credit,10044.02,Mobile,Refund,31009.23,Completed
TXN00001562,ACC0000526,2022-10-17,8:01:00,Debit,1236.67,POS,Utility,29772.56,Completed
TXN00002795,ACC0000526,2024-03-29,8:14:00,ATM Withdrawal,5600.28,ATM,Rent,29772.56,Pending
TXN00004028,ACC0000526,2024-08-23,18:37:00,Fee,10410.86,Mobile,Utility,29772.56,Failed
TXN00001702,ACC0000527,2022-02-11,16:10:00,Debit,9163.92,POS,Purchase,11219.09,Failed
TXN00002728,ACC0000527,2022-03-08,9:51:00,ATM Withdrawal,7882.86,ATM,Purchase,11219.09,Pending
TXN00003015,ACC0000527,2022-04-27,15:02:00,Transfer,4518.87,Branch,Investment,6700.22,Completed
TXN00002693,ACC0000527,2022-12-28,9:25:00,Transfer,1381.01,Mobile,Transfer,5319.21,Completed
TXN00000584,ACC0000527,2023-01-08,12:02:00,Credit,11894.28,Online,Investment,5319.21,Pending
TXN00002390,ACC0000528,2022-03-01,12:29:00,Credit,9251.7,Branch,Refund,3509.16,Pending
TXN00000917,ACC0000528,2022-04-20,8:00:00,ATM Withdrawal,7654.79,ATM,Utility,3509.16,Failed
TXN00004417,ACC0000528,2022-10-06,12:39:00,Interest,2602.08,Branch,Investment,6111.24,Completed
TXN00000524,ACC0000528,2023-06-05,10:10:00,Interest,5243.33,Online,Investment,6111.24,Failed
TXN00004103,ACC0000529,2023-11-08,10:35:00,Interest,2464.86,Branch,Investment,5281.83,Completed
TXN00001706,ACC0000529,2023-11-10,18:31:00,Debit,11870.36,Mobile,Purchase,5281.83,Failed
TXN00000845,ACC0000529,2023-12-22,19:18:00,Debit,14540.24,Online,Rent,5281.83,Pending
TXN00001858,ACC0000529,2024-03-08,19:33:00,Debit,1779.42,Mobile,Utility,3502.41,Completed
TXN00004564,ACC0000529,2024-04-14,22:27:00,ATM Withdrawal,1710.73,ATM,Rent,1791.68,Completed
TXN00003212,ACC0000529,2024-05-23,19:08:00,Fee,11914.24,Branch,Utility,1791.68,Pending
TXN00002080,ACC0000529,2024-10-20,19:10:00,Credit,10709.49,Online,Refund,1791.68,Pending
TXN00003253,ACC0000530,2022-12-31,20:12:00,Interest,13333.44,Online,Investment,24538.15,Completed
TXN00004177,ACC0000530,2023-04-18,13:44:00,Transfer,5933.65,Wire Transfer,Rent,24538.15,Pending
TXN00001426,ACC0000530,2023-09-28,11:51:00,ATM Withdrawal,11302.59,ATM,Utility,24538.15,Pending
TXN00003337,ACC0000531,2022-02-22,11:14:00,ATM Withdrawal,8347.05,ATM,Rent,37642.44,Failed
TXN00001039,ACC0000531,2022-10-27,12:41:00,Credit,6501.84,Branch,Salary,37642.44,Pending
TXN00001615,ACC0000531,2022-11-16,11:16:00,Debit,7260.4,POS,Purchase,30382.04,Completed
TXN00004527,ACC0000531,2022-12-23,20:54:00,ATM Withdrawal,2381.48,ATM,Purchase,30382.04,Failed
TXN00001240,ACC0000531,2023-06-25,9:50:00,Debit,7981.2,POS,Rent,30382.04,Pending
TXN00002503,ACC0000531,2023-10-27,11:37:00,ATM Withdrawal,4573.02,ATM,Rent,25809.02,Completed
TXN00004392,ACC0000531,2023-12-14,13:23:00,Fee,2521.33,Online,Utility,23287.69,Completed
TXN00000928,ACC0000531,2024-11-28,13:07:00,Credit,8066.79,Online,Investment,31354.48,Completed
TXN00002705,ACC0000531,2024-12-12,10:01:00,Fee,11675.0,Branch,Utility,31354.48,Pending
TXN00000661,ACC0000532,2018-08-21,8:11:00,Debit,460.1,Online,Purchase,69346.42,Completed
TXN00003260,ACC0000532,2020-02-13,20:24:00,Interest,6456.28,Branch,Investment,69346.42,Failed
TXN00003326,ACC0000532,2021-12-18,12:51:00,Interest,2572.1,Online,Investment,71918.52,Completed
TXN00003172,ACC0000532,2022-04-08,20:25:00,Interest,8028.28,Online,Investment,79946.8,Completed
TXN00001176,ACC0000532,2022-04-11,8:17:00,Debit,6870.27,POS,Purchase,73076.53,Completed
TXN00001847,ACC0000532,2022-11-17,22:46:00,Debit,8862.65,Mobile,Utility,64213.88,Completed
TXN00000518,ACC0000532,2022-11-24,15:30:00,Credit,12372.25,Online,Investment,64213.88,Pending
TXN00004678,ACC0000532,2023-03-31,14:17:00,Debit,4813.75,POS,Utility,64213.88,Pending
TXN00001668,ACC0000532,2023-05-22,13:57:00,Fee,4885.19,Mobile,Utility,64213.88,Failed
TXN00001561,ACC0000532,2023-06-18,17:14:00,Interest,2609.27,Branch,Investment,64213.88,Failed
TXN00000476,ACC0000532,2023-06-27,17:12:00,Fee,14377.25,Mobile,Utility,64213.88,Failed
TXN00001835,ACC0000532,2023-07-19,15:01:00,Interest,10514.55,Online,Investment,64213.88,Failed
TXN00003052,ACC0000533,2023-03-09,21:27:00,Debit,2846.29,POS,Rent,15413.05,Pending
TXN00001133,ACC0000533,2023-04-09,13:17:00,Fee,6589.89,Mobile,Utility,15413.05,Failed
TXN00003286,ACC0000533,2023-04-19,13:15:00,Interest,319.87,Branch,Investment,15413.05,Failed
TXN00001140,ACC0000533,2023-04-23,12:42:00,Transfer,3408.09,Branch,Investment,15413.05,Failed
TXN00003339,ACC0000533,2023-05-09,21:42:00,Fee,4652.34,Online,Utility,10760.71,Completed
TXN00000929,ACC0000533,2023-06-06,15:04:00,Credit,13976.41,Mobile,Investment,10760.71,Failed
TXN00004088,ACC0000533,2023-10-05,11:06:00,ATM Withdrawal,7850.98,ATM,Purchase,10760.71,Failed
TXN00000976,ACC0000533,2024-06-28,18:48:00,Fee,9752.32,Mobile,Utility,10760.71,Failed
TXN00000454,ACC0000534,2023-03-08,10:49:00,Debit,14537.2,POS,Rent,19709.86,Completed
TXN00000718,ACC0000534,2023-04-28,10:17:00,Fee,2652.59,Online,Utility,19709.86,Failed
TXN00004245,ACC0000534,2023-08-19,10:34:00,Credit,3680.33,Mobile,Salary,19709.86,Pending
TXN00003485,ACC0000534,2023-11-06,10:26:00,Debit,2375.2,POS,Purchase,17334.66,Completed
TXN00000694,ACC0000534,2023-11-09,13:42:00,Debit,3322.38,Mobile,Purchase,14012.28,Completed
TXN00002793,ACC0000534,2023-11-09,18:06:00,Interest,4684.8,Branch,Investment,18697.08,Completed
TXN00004921,ACC0000534,2024-02-23,18:20:00,Debit,1208.39,Mobile,Utility,18697.08,Failed
TXN00000355,ACC0000534,2024-12-03,15:13:00,Credit,8230.63,Online,Refund,18697.08,Failed
TXN00000142,ACC0000535,2024-02-17,22:59:00,Fee,815.88,Mobile,Utility,11401.05,Pending
TXN00003456,ACC0000535,2024-03-13,14:20:00,Credit,12409.53,Online,Investment,11401.05,Pending
TXN00004369,ACC0000535,2024-04-22,12:34:00,Credit,2265.54,Mobile,Refund,13666.59,Completed
TXN00001470,ACC0000535,2024-07-09,19:51:00,Debit,9529.57,Online,Rent,13666.59,Failed
TXN00001488,ACC0000535,2024-08-26,10:07:00,Transfer,1634.9,Branch,Investment,13666.59,Pending
TXN00000603,ACC0000535,2024-09-08,18:53:00,ATM Withdrawal,557.76,ATM,Purchase,13108.83,Completed
TXN00001398,ACC0000535,2024-11-05,18:16:00,Debit,6085.65,POS,Purchase,13108.83,Failed
TXN00003201,ACC0000536,2022-07-01,11:59:00,Debit,6247.42,POS,Purchase,28999.96,Completed
TXN00001963,ACC0000536,2023-06-16,15:27:00,ATM Withdrawal,9887.08,ATM,Purchase,28999.96,Pending
TXN00000431,ACC0000536,2024-02-04,17:07:00,Credit,3574.52,Online,Salary,32574.48,Completed
TXN00004784,ACC0000536,2024-04-07,14:08:00,Debit,9769.09,Online,Purchase,32574.48,Failed
TXN00004889,ACC0000536,2024-06-03,21:03:00,ATM Withdrawal,3845.83,ATM,Rent,28728.65,Completed
TXN00001219,ACC0000537,2022-01-04,19:29:00,ATM Withdrawal,5190.49,ATM,Utility,23922.83,Pending
TXN00004062,ACC0000537,2022-06-09,13:20:00,Transfer,12984.07,Mobile,Investment,10938.76,Completed
TXN00003150,ACC0000537,2022-10-06,13:10:00,Credit,12030.32,Online,Investment,10938.76,Pending
TXN00003205,ACC0000537,2023-06-09,15:15:00,Debit,3433.45,POS,Purchase,7505.31,Completed
TXN00000580,ACC0000537,2023-09-09,11:25:00,Credit,5815.99,Branch,Refund,13321.3,Completed
TXN00004702,ACC0000537,2024-03-12,12:37:00,Credit,10628.07,Mobile,Refund,23949.37,Completed
TXN00001152,ACC0000538,2023-04-18,10:54:00,Interest,10545.57,Branch,Investment,1351.18,Failed
TXN00004413,ACC0000538,2023-05-07,15:31:00,Fee,4077.67,Branch,Utility,1351.18,Failed
TXN00004932,ACC0000538,2024-04-29,21:22:00,Transfer,13442.64,Mobile,Rent,1351.18,Pending
TXN00002311,ACC0000538,2024-12-20,8:08:00,Credit,7216.82,Online,Refund,1351.18,Failed
TXN00001895,ACC0000539,2022-02-02,17:48:00,Transfer,11210.93,Mobile,Rent,7847.5,Failed
TXN00003800,ACC0000539,2024-05-10,15:20:00,Credit,11079.79,Mobile,Refund,7847.5,Pending
TXN00004030,ACC0000539,2024-10-13,19:52:00,Debit,3312.7,Online,Rent,7847.5,Pending
TXN00003929,ACC0000539,2024-11-30,21:05:00,ATM Withdrawal,12840.0,ATM,Rent,7847.5,Pending
TXN00001034,ACC0000540,2022-11-21,14:18:00,ATM Withdrawal,8952.35,ATM,Rent,3809.84,Failed
TXN00003105,ACC0000540,2023-02-11,11:40:00,ATM Withdrawal,2673.76,ATM,Purchase,1136.08,Completed
TXN00003059,ACC0000540,2023-08-01,10:36:00,Interest,8802.66,Online,Investment,9938.74,Completed
TXN00004813,ACC0000540,2023-10-19,22:09:00,Interest,9533.59,Branch,Investment,9938.74,Failed
TXN00002014,ACC0000540,2024-07-21,16:30:00,Credit,10939.78,Online,Salary,9938.74,Failed
TXN00003762,ACC0000540,2024-12-26,8:57:00,Interest,4410.2,Online,Investment,9938.74,Failed
TXN00002079,ACC0000541,2022-07-17,15:16:00,Fee,14029.44,Online,Utility,15855.08,Failed
TXN00001852,ACC0000541,2022-10-23,11:06:00,Transfer,227.45,Mobile,Transfer,15855.08,Failed
TXN00002143,ACC0000541,2022-11-01,16:04:00,Credit,944.93,Mobile,Refund,15855.08,Failed
TXN00002426,ACC0000541,2022-11-30,12:15:00,Interest,3368.84,Online,Investment,19223.92,Completed
TXN00001393,ACC0000541,2023-01-02,17:34:00,ATM Withdrawal,10949.69,ATM,Utility,19223.92,Pending
TXN00000124,ACC0000541,2023-01-09,11:07:00,Transfer,10315.64,Online,Rent,19223.92,Pending
TXN00001833,ACC0000541,2023-03-18,10:21:00,Fee,10453.4,Mobile,Utility,8770.52,Completed
TXN00002560,ACC0000541,2023-10-30,9:03:00,Debit,3441.89,Mobile,Rent,8770.52,Failed
TXN00001715,ACC0000541,2024-03-29,14:40:00,Debit,6575.48,Online,Purchase,2195.04,Completed
TXN00001237,ACC0000541,2024-12-14,18:05:00,Credit,6130.04,Online,Refund,2195.04,Pending
TXN00001125,ACC0000542,2022-06-18,17:26:00,Interest,2171.92,Branch,Investment,17702.32,Completed
TXN00000273,ACC0000542,2022-12-02,13:12:00,Transfer,11049.97,Mobile,Rent,17702.32,Pending
TXN00002953,ACC0000542,2023-08-09,13:57:00,Interest,10909.1,Online,Investment,28611.42,Completed
TXN00001350,ACC0000542,2023-08-27,12:43:00,ATM Withdrawal,8089.41,ATM,Rent,28611.42,Failed
TXN00002618,ACC0000542,2023-09-16,12:06:00,Fee,4704.32,Online,Utility,23907.1,Completed
TXN00001742,ACC0000542,2024-04-09,22:30:00,Transfer,1460.0,Wire Transfer,Rent,23907.1,Pending
TXN00004977,ACC0000542,2024-12-29,20:28:00,Credit,7318.15,Branch,Salary,31225.25,Completed
TXN00001729,ACC0000543,2022-02-15,14:39:00,Interest,3805.92,Online,Investment,18470.63,Failed
TXN00003658,ACC0000543,2022-07-20,16:44:00,Debit,4967.04,POS,Rent,13503.59,Completed
TXN00001687,ACC0000543,2022-08-11,18:25:00,Fee,10424.96,Mobile,Utility,3078.63,Completed
TXN00000348,ACC0000543,2023-08-28,21:44:00,Interest,5291.19,Branch,Investment,3078.63,Failed
TXN00002113,ACC0000543,2024-03-02,12:29:00,Interest,13567.38,Branch,Investment,16646.01,Completed
TXN00001434,ACC0000543,2024-06-19,9:07:00,Credit,2981.06,Mobile,Refund,19627.07,Completed
TXN00000394,ACC0000543,2024-10-16,19:05:00,ATM Withdrawal,14653.78,ATM,Utility,19627.07,Failed
TXN00000392,ACC0000543,2024-12-02,8:26:00,ATM Withdrawal,1841.33,ATM,Utility,19627.07,Pending
TXN00002431,ACC0000544,2022-03-19,9:35:00,Credit,3226.98,Branch,Salary,30149.96,Pending
TXN00001062,ACC0000544,2023-01-27,22:55:00,Transfer,8555.05,Branch,Rent,30149.96,Failed
TXN00000945,ACC0000544,2023-02-11,20:21:00,Fee,11448.07,Branch,Utility,30149.96,Pending
TXN00001735,ACC0000544,2023-06-14,17:23:00,Credit,13649.93,Online,Salary,30149.96,Pending
TXN00004677,ACC0000544,2024-01-14,15:30:00,Transfer,14882.42,Wire Transfer,Rent,30149.96,Failed
TXN00001962,ACC0000544,2024-08-07,22:05:00,Debit,5487.83,Online,Utility,24662.13,Completed
TXN00001245,ACC0000544,2024-12-13,12:11:00,Transfer,9509.38,Branch,Rent,15152.75,Completed
TXN00003596,ACC0000545,2022-11-18,21:44:00,Interest,11288.83,Branch,Investment,38459.37,Failed
TXN00003261,ACC0000545,2023-02-06,8:07:00,Debit,1003.86,POS,Purchase,38459.37,Pending
TXN00003041,ACC0000545,2023-04-30,12:20:00,Fee,5487.36,Online,Utility,32972.01,Completed
TXN00002797,ACC0000545,2023-06-30,17:19:00,Credit,2491.58,Online,Investment,32972.01,Failed
TXN00000549,ACC0000545,2023-07-11,9:11:00,Credit,14764.03,Mobile,Salary,32972.01,Failed
TXN00000470,ACC0000546,2023-06-09,17:39:00,Debit,2342.61,POS,Rent,45408.25,Completed
TXN00001652,ACC0000546,2023-08-11,19:12:00,Debit,13075.12,POS,Purchase,45408.25,Pending
TXN00004252,ACC0000546,2023-10-16,19:55:00,ATM Withdrawal,9286.05,ATM,Purchase,45408.25,Failed
TXN00000209,ACC0000546,2023-11-22,20:40:00,Credit,896.27,Branch,Refund,46304.52,Completed
TXN00004329,ACC0000546,2023-11-25,9:35:00,Credit,7556.82,Branch,Refund,53861.34,Completed
TXN00000401,ACC0000546,2024-02-17,21:20:00,Fee,13953.15,Mobile,Utility,53861.34,Pending
TXN00004643,ACC0000546,2024-05-17,19:02:00,Debit,10955.68,Mobile,Rent,42905.66,Completed
TXN00000103,ACC0000546,2024-10-05,14:13:00,Credit,1063.1,Branch,Refund,42905.66,Failed
TXN00002506,ACC0000547,2022-03-14,10:48:00,Transfer,1034.47,Wire Transfer,Transfer,51106.86,Completed
TXN00000673,ACC0000547,2022-05-10,11:18:00,Interest,6431.28,Branch,Investment,57538.14,Completed
TXN00004795,ACC0000547,2022-07-29,19:54:00,Transfer,8008.42,Mobile,Transfer,57538.14,Failed
TXN00003426,ACC0000547,2022-11-04,20:03:00,Interest,272.07,Online,Investment,57810.21,Completed
TXN00002810,ACC0000547,2023-05-22,17:59:00,Fee,3981.19,Mobile,Utility,53829.02,Completed
TXN00003768,ACC0000547,2023-06-08,13:12:00,Interest,12621.05,Online,Investment,66450.07,Completed
TXN00004792,ACC0000547,2024-10-11,12:30:00,ATM Withdrawal,11251.68,ATM,Purchase,66450.07,Pending
TXN00003585,ACC0000548,2022-06-18,22:37:00,Fee,14866.03,Branch,Utility,3347.97,Pending
TXN00001263,ACC0000548,2023-04-20,12:12:00,ATM Withdrawal,758.15,ATM,Purchase,3347.97,Pending
TXN00003495,ACC0000548,2023-05-27,17:46:00,ATM Withdrawal,1622.65,ATM,Rent,3347.97,Pending
TXN00002402,ACC0000548,2023-07-17,20:57:00,Interest,5221.23,Online,Investment,3347.97,Pending
TXN00002592,ACC0000548,2023-11-03,12:41:00,Debit,12048.04,POS,Utility,3347.97,Failed
TXN00001317,ACC0000548,2024-06-28,19:28:00,Interest,9526.02,Branch,Investment,3347.97,Failed
TXN00003983,ACC0000548,2024-08-08,18:15:00,Transfer,3714.02,Mobile,Transfer,3347.97,Failed
TXN00002865,ACC0000549,2023-01-25,10:18:00,Debit,10035.86,Mobile,Rent,26507.05,Failed
TXN00003278,ACC0000549,2023-04-02,17:33:00,Credit,4627.43,Branch,Investment,26507.05,Failed
TXN00004664,ACC0000549,2023-04-04,11:58:00,Transfer,9959.59,Online,Transfer,26507.05,Pending
TXN00003441,ACC0000549,2023-10-13,13:15:00,Transfer,12075.0,Online,Rent,26507.05,Failed
TXN00003576,ACC0000549,2023-11-17,16:11:00,Fee,3432.4,Online,Utility,26507.05,Pending
TXN00002809,ACC0000549,2023-12-20,17:47:00,Fee,2884.06,Mobile,Utility,26507.05,Pending
TXN00003677,ACC0000550,2022-04-17,21:17:00,Fee,2662.22,Online,Utility,27563.1,Pending
TXN00001649,ACC0000550,2023-02-21,12:19:00,Credit,2338.96,Mobile,Refund,27563.1,Failed
TXN00000937,ACC0000550,2023-09-12,20:43:00,Interest,5159.9,Online,Investment,27563.1,Pending
TXN00003840,ACC0000550,2024-01-18,13:33:00,Credit,2359.59,Online,Refund,27563.1,Pending
TXN00001453,ACC0000550,2024-03-09,15:14:00,Debit,5682.96,POS,Rent,21880.14,Completed
TXN00003375,ACC0000550,2024-03-26,16:16:00,Credit,968.59,Online,Refund,22848.73,Completed
TXN00004199,ACC0000550,2024-07-19,13:19:00,ATM Withdrawal,4838.75,ATM,Rent,22848.73,Failed
TXN00002037,ACC0000550,2024-08-25,19:41:00,Fee,12745.36,Branch,Utility,22848.73,Failed
TXN00002267,ACC0000551,2022-08-07,22:21:00,Transfer,9010.49,Wire Transfer,Rent,14277.36,Pending
TXN00001766,ACC0000551,2023-04-21,20:47:00,ATM Withdrawal,2263.58,ATM,Purchase,14277.36,Pending
TXN00001425,ACC0000551,2024-12-02,14:43:00,Credit,14300.21,Mobile,Investment,14277.36,Pending
TXN00002383,ACC0000552,2022-05-09,15:19:00,Credit,10243.01,Online,Refund,28845.9,Completed
TXN00003417,ACC0000552,2022-06-20,10:47:00,Interest,12280.09,Online,Investment,28845.9,Failed
TXN00000879,ACC0000552,2022-06-24,11:50:00,Transfer,5059.4,Mobile,Transfer,28845.9,Pending
TXN00000452,ACC0000552,2022-09-27,18:21:00,ATM Withdrawal,106.84,ATM,Utility,28845.9,Failed
TXN00002273,ACC0000552,2022-10-03,21:15:00,Credit,10931.39,Online,Refund,39777.29,Completed
TXN00004079,ACC0000552,2023-04-19,8:20:00,Credit,6719.94,Mobile,Salary,46497.23,Completed
TXN00004822,ACC0000552,2023-08-05,14:52:00,Transfer,13971.63,Mobile,Investment,32525.6,Completed
TXN00004221,ACC0000552,2023-09-28,22:01:00,Debit,12576.92,POS,Utility,32525.6,Failed
TXN00004924,ACC0000552,2023-10-15,18:15:00,Transfer,640.32,Wire Transfer,Investment,32525.6,Pending
TXN00000347,ACC0000552,2023-10-30,20:10:00,Credit,2931.93,Branch,Refund,35457.53,Completed
TXN00003392,ACC0000552,2024-03-22,18:21:00,ATM Withdrawal,3431.47,ATM,Utility,32026.06,Completed
TXN00000739,ACC0000552,2024-09-03,9:03:00,Fee,2392.54,Online,Utility,29633.52,Completed
TXN00001318,ACC0000552,2024-09-27,16:17:00,Transfer,14798.79,Online,Transfer,29633.52,Pending
TXN00002323,ACC0000552,2024-11-09,8:45:00,Fee,10634.99,Online,Utility,29633.52,Failed
TXN00002873,ACC0000553,2022-11-06,13:17:00,Credit,6102.96,Online,Salary,63132.24,Completed
TXN00001036,ACC0000553,2022-11-25,15:40:00,Transfer,10013.48,Online,Rent,53118.76,Completed
TXN00003664,ACC0000553,2023-07-06,16:26:00,ATM Withdrawal,8984.73,ATM,Rent,53118.76,Pending
TXN00002601,ACC0000553,2023-07-08,16:27:00,Fee,521.37,Branch,Utility,53118.76,Pending
TXN00002639,ACC0000553,2023-09-08,11:44:00,Credit,14031.83,Mobile,Salary,67150.59,Completed
TXN00003614,ACC0000553,2023-09-26,10:58:00,Interest,7029.81,Online,Investment,67150.59,Failed
TXN00003807,ACC0000553,2024-01-13,13:50:00,Interest,4801.95,Branch,Investment,67150.59,Failed
TXN00001796,ACC0000553,2024-04-04,18:39:00,ATM Withdrawal,5039.17,ATM,Purchase,67150.59,Pending
TXN00002896,ACC0000553,2024-06-13,20:35:00,ATM Withdrawal,2067.88,ATM,Purchase,67150.59,Pending
TXN00001177,ACC0000554,2022-04-05,13:48:00,Transfer,10730.17,Mobile,Rent,18587.9,Failed
TXN00000805,ACC0000554,2022-08-18,10:25:00,Credit,9338.16,Online,Salary,27926.06,Completed
TXN00003979,ACC0000554,2023-06-17,10:31:00,Credit,14853.46,Branch,Refund,42779.52,Completed
TXN00000245,ACC0000554,2023-10-14,13:34:00,Transfer,2656.99,Branch,Rent,42779.52,Failed
TXN00000339,ACC0000554,2024-03-20,16:45:00,ATM Withdrawal,5550.0,ATM,Rent,37229.52,Completed
TXN00000791,ACC0000554,2024-05-10,12:27:00,Credit,8758.16,Mobile,Refund,37229.52,Failed
TXN00004138,ACC0000554,2024-08-19,20:38:00,Credit,1452.33,Branch,Investment,37229.52,Pending
TXN00003297,ACC0000554,2024-11-30,10:47:00,Transfer,4616.83,Online,Transfer,37229.52,Failed
TXN00003405,ACC0000555,2022-03-12,21:25:00,Credit,7288.93,Mobile,Investment,18462.8,Completed
TXN00002129,ACC0000555,2022-09-21,17:13:00,Transfer,3637.47,Mobile,Rent,18462.8,Failed
TXN00004740,ACC0000555,2023-01-29,19:59:00,Fee,3623.55,Mobile,Utility,18462.8,Pending
TXN00001032,ACC0000555,2023-04-17,14:49:00,Interest,9810.83,Branch,Investment,18462.8,Pending
TXN00000313,ACC0000555,2023-06-09,15:03:00,ATM Withdrawal,11410.08,ATM,Utility,7052.72,Completed
TXN00004105,ACC0000555,2024-05-05,12:19:00,ATM Withdrawal,12187.87,ATM,Rent,7052.72,Failed
TXN00002118,ACC0000555,2024-09-10,18:28:00,Debit,2865.52,Online,Purchase,4187.2,Completed
TXN00003578,ACC0000556,2023-01-25,22:00:00,Credit,11965.47,Mobile,Refund,22226.34,Pending
TXN00004151,ACC0000556,2023-11-13,20:14:00,Credit,12260.61,Online,Refund,22226.34,Failed
TXN00004901,ACC0000556,2023-11-21,12:13:00,Interest,8014.09,Branch,Investment,22226.34,Pending
TXN00002720,ACC0000556,2024-03-30,15:44:00,Interest,7209.5,Online,Investment,29435.84,Completed
TXN00000171,ACC0000556,2024-05-30,13:29:00,Fee,9688.09,Mobile,Utility,29435.84,Pending
TXN00001492,ACC0000556,2024-08-21,21:55:00,Fee,6729.52,Mobile,Utility,29435.84,Pending
TXN00004788,ACC0000557,2022-01-09,8:17:00,Credit,2221.79,Mobile,Refund,9516.65,Pending
TXN00004326,ACC0000557,2022-03-20,19:06:00,Debit,13338.32,POS,Utility,9516.65,Pending
TXN00001674,ACC0000557,2022-04-12,19:18:00,Interest,6943.23,Online,Investment,9516.65,Pending
TXN00000947,ACC0000557,2023-04-03,15:20:00,Fee,14012.89,Online,Utility,9516.65,Pending
TXN00000019,ACC0000557,2024-03-21,19:16:00,Fee,11459.06,Online,Utility,9516.65,Failed
TXN00000912,ACC0000557,2024-04-06,22:09:00,Credit,12656.43,Branch,Investment,9516.65,Failed
TXN00001050,ACC0000557,2024-09-23,14:32:00,Transfer,7821.97,Wire Transfer,Transfer,9516.65,Pending
TXN00003644,ACC0000558,2022-02-19,20:36:00,ATM Withdrawal,4894.72,ATM,Utility,4124.08,Pending
TXN00003564,ACC0000558,2022-10-05,11:56:00,Credit,2865.86,Branch,Salary,4124.08,Pending
TXN00003102,ACC0000558,2023-01-27,19:06:00,Debit,3219.02,Online,Rent,905.06,Completed
TXN00001289,ACC0000558,2023-03-02,20:52:00,Fee,5088.02,Mobile,Utility,905.06,Pending
TXN00004747,ACC0000558,2023-04-10,19:14:00,Credit,270.41,Branch,Investment,905.06,Pending
TXN00004910,ACC0000558,2023-06-10,15:10:00,Credit,9925.53,Online,Refund,905.06,Failed
TXN00003681,ACC0000558,2023-08-02,17:48:00,Fee,5426.57,Online,Utility,905.06,Pending
TXN00003631,ACC0000558,2024-04-17,16:11:00,Transfer,686.56,Wire Transfer,Transfer,218.5,Completed
TXN00004146,ACC0000559,2022-08-27,11:54:00,ATM Withdrawal,13310.28,ATM,Rent,49346.41,Failed
TXN00003659,ACC0000559,2023-09-01,17:12:00,Credit,9225.34,Branch,Salary,58571.75,Completed
TXN00002097,ACC0000559,2023-10-02,15:31:00,Fee,9567.41,Branch,Utility,49004.34,Completed
TXN00001951,ACC0000559,2024-02-03,19:15:00,Credit,7829.56,Mobile,Investment,49004.34,Pending
TXN00003090,ACC0000559,2024-02-19,11:21:00,Transfer,12864.8,Online,Transfer,36139.54,Completed
TXN00003570,ACC0000559,2024-03-15,20:32:00,Interest,1005.59,Branch,Investment,36139.54,Pending
TXN00001857,ACC0000559,2024-11-16,22:28:00,Debit,14294.75,POS,Rent,36139.54,Failed
TXN00001307,ACC0000560,2022-10-01,20:51:00,Interest,4711.04,Branch,Investment,14275.7,Failed
TXN00001226,ACC0000560,2023-03-06,10:01:00,Debit,3088.13,Mobile,Utility,14275.7,Pending
TXN00002251,ACC0000560,2023-05-05,10:11:00,Transfer,9477.95,Online,Rent,14275.7,Pending
TXN00000288,ACC0000560,2023-06-10,12:03:00,Interest,419.61,Online,Investment,14275.7,Pending
TXN00003806,ACC0000560,2023-09-19,11:05:00,Debit,3949.67,Online,Rent,14275.7,Pending
TXN00001147,ACC0000560,2024-08-19,20:58:00,Credit,13320.01,Branch,Investment,27595.71,Completed
TXN00001182,ACC0000561,2022-04-15,12:59:00,ATM Withdrawal,9473.19,ATM,Purchase,19626.6,Completed
TXN00002912,ACC0000561,2022-05-08,20:41:00,Credit,11942.31,Branch,Refund,19626.6,Failed
TXN00000395,ACC0000561,2022-07-07,11:55:00,Transfer,11473.58,Branch,Rent,8153.02,Completed
TXN00003897,ACC0000561,2022-11-21,19:46:00,Interest,8394.13,Online,Investment,8153.02,Pending
TXN00001018,ACC0000561,2023-11-16,17:30:00,Credit,13890.89,Online,Investment,8153.02,Pending
TXN00001748,ACC0000561,2024-01-29,14:43:00,ATM Withdrawal,10981.15,ATM,Utility,8153.02,Pending
TXN00000001,ACC0000561,2024-03-04,13:43:00,Fee,9382.39,Online,Utility,8153.02,Pending
TXN00000529,ACC0000561,2024-04-22,15:19:00,Credit,9567.62,Online,Salary,8153.02,Failed
TXN00002491,ACC0000561,2024-10-12,11:59:00,Fee,7132.55,Online,Utility,1020.47,Completed
TXN00002631,ACC0000562,2022-06-13,22:25:00,Credit,14468.93,Mobile,Investment,54325.8,Failed
TXN00000784,ACC0000562,2022-06-15,22:03:00,ATM Withdrawal,10862.57,ATM,Purchase,43463.23,Completed
TXN00003501,ACC0000562,2024-02-09,18:10:00,Debit,11028.45,POS,Rent,43463.23,Pending
TXN00002302,ACC0000562,2024-07-02,11:58:00,Transfer,11764.27,Mobile,Transfer,31698.96,Completed
TXN00002662,ACC0000562,2024-07-02,20:42:00,Interest,4553.16,Online,Investment,31698.96,Failed
TXN00003168,ACC0000562,2024-07-22,10:11:00,Interest,10350.16,Online,Investment,31698.96,Pending
TXN00000152,ACC0000562,2024-08-05,18:29:00,Credit,639.9,Mobile,Refund,32338.86,Completed
TXN00002458,ACC0000562,2024-12-03,12:55:00,Credit,5162.81,Mobile,Refund,32338.86,Failed
TXN00004735,ACC0000563,2022-03-26,11:27:00,Transfer,6897.78,Online,Transfer,8165.09,Pending
TXN00003226,ACC0000563,2022-04-16,13:18:00,Transfer,13427.56,Online,Transfer,8165.09,Failed
TXN00000403,ACC0000563,2022-09-30,11:57:00,Interest,6290.65,Online,Investment,8165.09,Pending
TXN00000435,ACC0000563,2022-11-17,8:05:00,Credit,12076.79,Online,Investment,20241.88,Completed
TXN00004316,ACC0000563,2023-02-19,19:35:00,Transfer,10778.66,Branch,Investment,20241.88,Failed
TXN00004275,ACC0000563,2023-07-29,22:19:00,Transfer,3712.27,Online,Rent,16529.61,Completed
TXN00000704,ACC0000563,2023-09-06,17:02:00,Transfer,8982.63,Wire Transfer,Rent,16529.61,Pending
TXN00003002,ACC0000563,2023-10-18,19:44:00,Fee,13459.4,Online,Utility,3070.21,Completed
TXN00002487,ACC0000563,2023-12-20,20:09:00,Debit,3554.39,POS,Purchase,3070.21,Pending
TXN00000812,ACC0000563,2024-01-26,22:30:00,Fee,4146.85,Mobile,Utility,3070.21,Failed
TXN00004430,ACC0000564,2023-02-22,16:22:00,ATM Withdrawal,12042.77,ATM,Purchase,2863.61,Completed
TXN00004578,ACC0000564,2023-03-16,8:44:00,ATM Withdrawal,1498.66,ATM,Utility,1364.95,Completed
TXN00001072,ACC0000564,2023-04-09,19:36:00,Credit,889.27,Mobile,Salary,2254.22,Completed
TXN00004206,ACC0000564,2023-08-05,8:02:00,ATM Withdrawal,1784.66,ATM,Purchase,469.56,Completed
TXN00000271,ACC0000564,2023-09-26,15:46:00,ATM Withdrawal,3350.55,ATM,Purchase,469.56,Failed
TXN00004428,ACC0000564,2024-06-27,20:39:00,Interest,10347.2,Online,Investment,469.56,Failed
TXN00003953,ACC0000564,2024-07-21,19:39:00,Credit,13522.63,Branch,Investment,469.56,Pending
TXN00004875,ACC0000564,2024-11-02,16:25:00,Transfer,10722.53,Mobile,Transfer,469.56,Failed
TXN00004070,ACC0000565,2022-04-03,10:16:00,Credit,9258.05,Mobile,Investment,15597.95,Completed
TXN00003893,ACC0000565,2022-09-09,11:24:00,ATM Withdrawal,220.57,ATM,Utility,15597.95,Pending
TXN00000358,ACC0000565,2023-02-06,15:19:00,Transfer,1831.63,Mobile,Rent,13766.32,Completed
TXN00000558,ACC0000565,2023-03-23,15:57:00,Transfer,7302.85,Wire Transfer,Investment,6463.47,Completed
TXN00002384,ACC0000565,2023-05-22,10:03:00,Credit,189.32,Branch,Refund,6463.47,Failed
TXN00003032,ACC0000565,2023-05-30,17:15:00,Credit,12898.35,Online,Refund,19361.82,Completed
TXN00004954,ACC0000565,2023-09-02,10:25:00,Fee,3079.66,Online,Utility,19361.82,Pending
TXN00003251,ACC0000565,2023-10-03,17:08:00,Fee,9404.86,Online,Utility,19361.82,Failed
TXN00001965,ACC0000565,2023-11-19,11:31:00,ATM Withdrawal,4099.0,ATM,Purchase,15262.82,Completed
TXN00002368,ACC0000565,2024-01-21,19:17:00,Transfer,6830.77,Wire Transfer,Investment,15262.82,Failed
TXN00004345,ACC0000565,2024-10-22,19:29:00,Interest,3714.01,Online,Investment,18976.83,Completed
TXN00002994,ACC0000565,2024-12-01,19:15:00,ATM Withdrawal,3469.04,ATM,Utility,15507.79,Completed
TXN00000147,ACC0000566,2023-06-14,10:50:00,Credit,9317.36,Mobile,Salary,26467.11,Failed
TXN00000769,ACC0000566,2024-03-12,21:53:00,Fee,5203.88,Mobile,Utility,21263.23,Completed
TXN00001264,ACC0000566,2024-05-10,15:58:00,Fee,4163.85,Online,Utility,21263.23,Pending
TXN00004523,ACC0000566,2024-09-01,14:50:00,Fee,8803.25,Mobile,Utility,21263.23,Pending
TXN00004614,ACC0000567,2024-02-25,10:40:00,Debit,13780.79,Online,Utility,39481.27,Pending
TXN00003989,ACC0000567,2024-04-07,15:19:00,Debit,10147.15,Online,Rent,39481.27,Failed
TXN00003197,ACC0000567,2024-04-17,13:43:00,Transfer,1704.12,Branch,Transfer,37777.15,Completed
TXN00003355,ACC0000567,2024-04-20,18:56:00,Interest,271.74,Branch,Investment,37777.15,Pending
TXN00002374,ACC0000567,2024-06-13,15:56:00,Debit,4575.53,Mobile,Purchase,37777.15,Pending
TXN00003122,ACC0000567,2024-06-25,14:04:00,Debit,10171.98,Online,Utility,27605.17,Completed
TXN00002707,ACC0000567,2024-08-10,16:45:00,Transfer,13674.2,Branch,Rent,27605.17,Failed
TXN00004774,ACC0000567,2024-11-12,18:36:00,Transfer,6486.6,Branch,Rent,27605.17,Pending
TXN00001235,ACC0000567,2024-11-19,22:55:00,Interest,792.64,Branch,Investment,28397.81,Completed
TXN00002561,ACC0000567,2024-11-21,15:43:00,Debit,11468.87,Online,Purchase,28397.81,Pending
TXN00001786,ACC0000567,2024-12-20,9:07:00,Fee,6626.24,Mobile,Utility,21771.57,Completed
TXN00002630,ACC0000568,2022-07-06,9:14:00,ATM Withdrawal,1449.14,ATM,Purchase,14761.45,Pending
TXN00003760,ACC0000568,2022-07-22,18:13:00,Credit,12259.56,Mobile,Refund,27021.01,Completed
TXN00002310,ACC0000568,2022-10-21,11:24:00,Fee,2338.41,Branch,Utility,27021.01,Pending
TXN00001477,ACC0000568,2023-07-05,12:02:00,Debit,12388.23,Mobile,Rent,27021.01,Failed
TXN00003972,ACC0000568,2023-09-27,20:05:00,ATM Withdrawal,3349.86,ATM,Rent,27021.01,Failed
TXN00003621,ACC0000568,2024-07-07,22:38:00,Interest,14411.81,Online,Investment,27021.01,Pending
TXN00002038,ACC0000568,2024-08-02,14:48:00,Interest,1267.78,Online,Investment,27021.01,Pending
TXN00001161,ACC0000569,2022-07-29,21:25:00,Debit,806.05,Online,Purchase,59245.25,Pending
TXN00001061,ACC0000569,2022-10-07,17:37:00,Interest,11654.38,Online,Investment,59245.25,Failed
TXN00003741,ACC0000569,2022-12-22,18:36:00,ATM Withdrawal,4837.64,ATM,Purchase,54407.61,Completed
TXN00001417,ACC0000569,2022-12-27,9:47:00,Debit,9558.81,Mobile,Utility,54407.61,Failed
TXN00001119,ACC0000569,2023-12-20,12:08:00,Credit,3554.97,Mobile,Investment,54407.61,Pending
TXN00001680,ACC0000569,2024-05-10,21:07:00,Debit,9942.34,Online,Purchase,54407.61,Pending
TXN00001387,ACC0000569,2024-09-02,8:00:00,Fee,1910.49,Online,Utility,54407.61,Pending
TXN00000310,ACC0000570,2022-01-12,19:37:00,ATM Withdrawal,912.39,ATM,Purchase,12307.28,Failed
TXN00003877,ACC0000570,2022-02-08,17:45:00,Transfer,2522.74,Online,Rent,12307.28,Pending
TXN00002029,ACC0000570,2022-04-12,16:23:00,ATM Withdrawal,11017.41,ATM,Rent,12307.28,Pending
TXN00003132,ACC0000570,2023-04-14,16:51:00,Fee,7125.54,Mobile,Utility,5181.74,Completed
TXN00002723,ACC0000570,2023-07-24,12:58:00,Transfer,925.87,Wire Transfer,Rent,5181.74,Failed
TXN00003382,ACC0000570,2023-09-09,8:44:00,Transfer,4200.16,Online,Investment,981.58,Completed
TXN00001383,ACC0000570,2023-11-03,11:52:00,Transfer,1133.9,Mobile,Transfer,981.58,Failed
TXN00001515,ACC0000570,2024-02-19,20:17:00,Interest,6348.4,Branch,Investment,981.58,Failed
TXN00004191,ACC0000570,2024-04-22,8:52:00,Transfer,3737.01,Wire Transfer,Transfer,981.58,Pending
TXN00004765,ACC0000570,2024-05-08,13:11:00,Fee,743.35,Online,Utility,238.23,Completed
TXN00003134,ACC0000570,2024-12-27,18:01:00,Transfer,206.56,Wire Transfer,Investment,31.67,Completed
TXN00004033,ACC0000571,2023-12-23,14:55:00,Credit,3282.89,Online,Refund,8854.17,Completed
TXN00000926,ACC0000571,2024-01-29,19:00:00,Debit,3425.27,Online,Utility,5428.9,Completed
TXN00002344,ACC0000571,2024-02-16,14:37:00,ATM Withdrawal,10934.59,ATM,Purchase,5428.9,Failed
TXN00002237,ACC0000571,2024-02-15,16:17:00,Transfer,4169.73,Mobile,Transfer,5428.9,Failed
TXN00002989,ACC0000571,2024-02-06,13:29:00,ATM Withdrawal,6771.74,ATM,Utility,5428.9,Failed
TXN00004233,ACC0000572,2020-06-22,18:39:00,Transfer,12258.48,Mobile,Transfer,5845.88,Completed
TXN00001607,ACC0000572,2020-08-03,13:34:00,Transfer,941.28,Wire Transfer,Rent,4904.6,Completed
TXN00000514,ACC0000572,2022-03-07,10:50:00,Debit,4899.6,Online,Rent,5.0,Completed
TXN00000480,ACC0000572,2022-04-05,11:36:00,Fee,3360.29,Branch,Utility,5.0,Pending
TXN00001667,ACC0000572,2022-07-20,16:11:00,Debit,6394.7,POS,Rent,5.0,Failed
TXN00000093,ACC0000572,2022-10-15,21:01:00,Fee,561.2,Branch,Utility,5.0,Pending
TXN00001017,ACC0000572,2023-05-07,12:01:00,Interest,3128.0,Branch,Investment,5.0,Pending
TXN00003104,ACC0000572,2023-06-10,18:44:00,Transfer,14400.93,Online,Investment,5.0,Failed
TXN00003682,ACC0000572,2024-01-06,22:18:00,Interest,1159.12,Branch,Investment,5.0,Pending
TXN00003371,ACC0000573,2022-03-07,21:42:00,Credit,14710.55,Mobile,Refund,46051.74,Pending
TXN00003427,ACC0000573,2022-10-28,8:56:00,ATM Withdrawal,14651.29,ATM,Utility,46051.74,Pending
TXN00004975,ACC0000573,2023-02-20,19:51:00,Transfer,1431.22,Branch,Investment,46051.74,Pending
TXN00004421,ACC0000573,2023-02-22,17:08:00,Interest,13043.04,Branch,Investment,46051.74,Pending
TXN00003535,ACC0000573,2023-04-28,17:58:00,ATM Withdrawal,8825.79,ATM,Rent,37225.95,Completed
TXN00004370,ACC0000573,2023-05-23,22:47:00,Interest,12404.76,Online,Investment,37225.95,Pending
TXN00003229,ACC0000573,2023-06-26,9:30:00,Credit,6160.81,Branch,Investment,37225.95,Failed
TXN00003037,ACC0000573,2024-09-24,20:04:00,Transfer,13634.94,Online,Investment,23591.01,Completed
TXN00001256,ACC0000574,2023-07-23,20:28:00,Debit,11048.03,Mobile,Utility,6991.83,Pending
TXN00004055,ACC0000574,2023-12-19,17:17:00,ATM Withdrawal,2287.27,ATM,Rent,4704.56,Completed
TXN00001438,ACC0000574,2024-09-04,21:05:00,Interest,3800.39,Branch,Investment,4704.56,Failed
TXN00001836,ACC0000575,2022-02-21,14:47:00,Debit,5538.12,POS,Rent,63666.4,Pending
TXN00003245,ACC0000575,2022-08-11,10:49:00,ATM Withdrawal,5688.18,ATM,Utility,57978.22,Completed
TXN00001094,ACC0000575,2022-11-27,20:13:00,Credit,11407.14,Online,Investment,57978.22,Pending
TXN00000597,ACC0000575,2024-10-03,11:52:00,Fee,9078.89,Mobile,Utility,57978.22,Failed
TXN00001868,ACC0000575,2024-12-16,19:04:00,ATM Withdrawal,7062.86,ATM,Rent,57978.22,Pending
TXN00000370,ACC0000576,2022-04-11,21:12:00,Credit,7127.74,Mobile,Investment,22618.04,Completed
TXN00001407,ACC0000576,2023-01-18,8:48:00,Fee,1951.33,Mobile,Utility,20666.71,Completed
TXN00004040,ACC0000576,2023-02-16,16:50:00,Interest,11502.66,Online,Investment,32169.37,Completed
TXN00003004,ACC0000576,2023-03-18,10:22:00,Credit,12158.49,Online,Salary,32169.37,Failed
TXN00003443,ACC0000576,2024-04-30,17:27:00,Credit,3442.76,Mobile,Refund,35612.13,Completed
TXN00000606,ACC0000577,2022-01-25,14:53:00,Credit,13973.09,Online,Salary,13905.63,Failed
TXN00002150,ACC0000577,2022-07-21,20:22:00,Debit,8833.82,POS,Purchase,13905.63,Failed
TXN00004272,ACC0000577,2022-10-02,19:14:00,Transfer,12499.21,Wire Transfer,Transfer,13905.63,Pending
TXN00001574,ACC0000577,2023-02-08,16:20:00,ATM Withdrawal,10698.68,ATM,Rent,13905.63,Failed
TXN00002218,ACC0000577,2023-08-27,10:14:00,Interest,7847.1,Branch,Investment,21752.73,Completed
TXN00002177,ACC0000577,2024-06-10,11:03:00,Interest,13885.29,Online,Investment,21752.73,Pending
TXN00000111,ACC0000577,2024-06-12,16:33:00,ATM Withdrawal,3085.29,ATM,Purchase,18667.44,Completed
TXN00000086,ACC0000578,2022-05-31,21:09:00,Debit,7455.98,Mobile,Utility,27692.8,Completed
TXN00001327,ACC0000578,2022-11-01,20:55:00,Fee,7310.58,Mobile,Utility,27692.8,Pending
TXN00001794,ACC0000578,2022-12-13,22:03:00,Credit,9956.08,Online,Salary,37648.88,Completed
TXN00002877,ACC0000578,2023-02-21,13:35:00,Fee,14365.97,Online,Utility,23282.91,Completed
TXN00000027,ACC0000578,2024-11-23,11:08:00,Fee,8591.95,Online,Utility,23282.91,Failed
TXN00000589,ACC0000578,2024-12-11,20:08:00,ATM Withdrawal,12548.17,ATM,Rent,10734.74,Completed
TXN00003330,ACC0000578,2024-12-13,19:15:00,Transfer,6469.54,Online,Investment,10734.74,Failed
TXN00001828,ACC0000579,2022-08-07,15:24:00,Fee,9113.22,Branch,Utility,14560.2,Pending
TXN00002008,ACC0000579,2023-06-08,12:47:00,Debit,10533.99,Mobile,Purchase,14560.2,Failed
TXN00000255,ACC0000579,2024-08-02,16:19:00,Interest,4279.81,Branch,Investment,18840.01,Completed
TXN00004708,ACC0000579,2024-12-03,19:42:00,ATM Withdrawal,8926.52,ATM,Purchase,18840.01,Failed
TXN00000460,ACC0000580,2022-02-01,14:03:00,Debit,11886.94,POS,Rent,4159.12,Completed
TXN00003079,ACC0000580,2022-11-22,10:57:00,Fee,1877.93,Mobile,Utility,2281.19,Completed
TXN00001106,ACC0000580,2023-01-24,22:33:00,ATM Withdrawal,1373.83,ATM,Rent,907.36,Completed
TXN00004410,ACC0000580,2023-05-19,12:57:00,Transfer,495.29,Branch,Investment,412.07,Completed
TXN00001879,ACC0000580,2024-06-08,22:06:00,Debit,9274.91,Mobile,Purchase,412.07,Failed
TXN00003372,ACC0000581,2022-06-16,8:38:00,Fee,7820.95,Branch,Utility,0.0,Completed
TXN00002949,ACC0000581,2022-08-05,18:55:00,Credit,4570.93,Online,Investment,0.0,Pending
TXN00001626,ACC0000581,2022-12-07,15:48:00,Interest,14101.24,Online,Investment,0.0,Failed
TXN00003725,ACC0000581,2023-01-30,14:06:00,Credit,14847.17,Mobile,Investment,14847.17,Completed
TXN00004071,ACC0000581,2023-03-17,9:17:00,Interest,4094.7,Online,Investment,18941.87,Completed
TXN00000526,ACC0000581,2023-05-13,14:49:00,ATM Withdrawal,3459.04,ATM,Rent,15482.83,Completed
TXN00004575,ACC0000581,2023-08-13,22:20:00,Debit,10078.43,POS,Rent,15482.83,Pending
TXN00002831,ACC0000581,2023-11-15,20:13:00,Debit,8467.32,POS,Rent,15482.83,Pending
TXN00004274,ACC0000582,2022-09-10,20:07:00,ATM Withdrawal,5634.22,ATM,Rent,8712.02,Failed
TXN00003144,ACC0000582,2022-09-23,14:30:00,Interest,4474.05,Online,Investment,13186.07,Completed
TXN00002408,ACC0000582,2023-02-23,22:45:00,Fee,2676.6,Online,Utility,10509.47,Completed
TXN00002110,ACC0000582,2023-03-20,18:52:00,ATM Withdrawal,76.83,ATM,Purchase,10509.47,Pending
TXN00001336,ACC0000582,2023-03-24,16:34:00,Transfer,9829.96,Mobile,Rent,10509.47,Failed
TXN00001325,ACC0000582,2023-04-25,20:19:00,Credit,7105.76,Online,Investment,17615.23,Completed
TXN00004464,ACC0000582,2023-05-18,17:04:00,Fee,14628.42,Branch,Utility,17615.23,Failed
TXN00001436,ACC0000582,2023-06-08,14:43:00,Credit,6201.05,Mobile,Investment,17615.23,Failed
TXN00003895,ACC0000582,2024-01-22,9:16:00,Fee,1411.34,Online,Utility,16203.89,Completed
TXN00003225,ACC0000582,2024-03-29,17:13:00,ATM Withdrawal,7874.34,ATM,Rent,16203.89,Pending
TXN00001207,ACC0000582,2024-07-22,17:46:00,Debit,8112.58,Online,Purchase,16203.89,Failed
TXN00004853,ACC0000582,2024-12-29,18:16:00,Fee,13804.17,Online,Utility,16203.89,Failed
TXN00001139,ACC0000583,2022-04-17,16:34:00,Transfer,12090.97,Online,Rent,3851.56,Failed
TXN00003634,ACC0000583,2022-05-12,20:31:00,Interest,11190.01,Branch,Investment,3851.56,Failed
TXN00001083,ACC0000583,2023-01-31,12:06:00,Credit,422.67,Online,Refund,3851.56,Failed
TXN00003945,ACC0000583,2023-03-18,18:59:00,ATM Withdrawal,2057.48,ATM,Rent,1794.08,Completed
TXN00002758,ACC0000583,2023-05-23,16:39:00,Credit,11840.9,Online,Investment,1794.08,Pending
TXN00000092,ACC0000583,2023-06-22,17:43:00,Interest,11224.9,Online,Investment,13018.98,Completed
TXN00004937,ACC0000583,2023-08-28,14:28:00,Credit,5922.44,Mobile,Investment,13018.98,Failed
TXN00003268,ACC0000583,2023-12-14,20:11:00,Transfer,443.69,Wire Transfer,Transfer,13018.98,Pending
TXN00004075,ACC0000583,2024-07-22,22:56:00,ATM Withdrawal,2868.34,ATM,Utility,10150.64,Completed
TXN00004986,ACC0000584,2022-03-07,8:49:00,Interest,2801.06,Branch,Investment,5284.68,Failed
TXN00003228,ACC0000584,2022-08-07,9:46:00,ATM Withdrawal,3855.05,ATM,Utility,1429.63,Completed
TXN00000974,ACC0000584,2022-11-02,13:40:00,Fee,2387.86,Online,Utility,1429.63,Pending
TXN00000352,ACC0000584,2023-12-10,10:59:00,Fee,2672.96,Branch,Utility,1429.63,Pending
TXN00002817,ACC0000584,2024-01-01,16:01:00,Debit,302.21,Online,Utility,1127.42,Completed
TXN00000193,ACC0000584,2024-03-21,13:08:00,ATM Withdrawal,1054.31,ATM,Rent,73.11,Completed
TXN00002196,ACC0000585,2022-03-12,16:25:00,ATM Withdrawal,5017.26,ATM,Utility,32633.6,Pending
TXN00002444,ACC0000585,2022-03-17,9:17:00,Transfer,13437.64,Online,Rent,19195.96,Completed
TXN00004142,ACC0000585,2022-07-22,12:46:00,Debit,13108.53,Online,Purchase,19195.96,Failed
TXN00000705,ACC0000585,2022-09-08,14:32:00,Debit,3005.94,Mobile,Utility,19195.96,Pending
TXN00001048,ACC0000585,2022-09-18,17:51:00,Credit,4877.22,Mobile,Refund,19195.96,Failed
TXN00000587,ACC0000585,2022-10-23,18:54:00,ATM Withdrawal,7057.14,ATM,Purchase,12138.82,Completed
TXN00001723,ACC0000585,2022-11-28,9:11:00,ATM Withdrawal,4132.65,ATM,Rent,12138.82,Pending
TXN00001884,ACC0000585,2023-01-09,15:58:00,Debit,12350.58,Online,Purchase,12138.82,Pending
TXN00004067,ACC0000585,2023-03-08,13:28:00,Credit,5104.75,Branch,Salary,17243.57,Completed
TXN00003109,ACC0000585,2023-06-05,16:15:00,Debit,1420.24,Online,Utility,17243.57,Pending
TXN00004956,ACC0000585,2023-06-08,19:24:00,Interest,1066.99,Branch,Investment,17243.57,Pending
TXN00001231,ACC0000585,2023-08-09,16:33:00,ATM Withdrawal,8551.54,ATM,Utility,17243.57,Failed
TXN00001731,ACC0000585,2023-09-05,14:21:00,Fee,10462.66,Mobile,Utility,17243.57,Pending
TXN00003587,ACC0000585,2023-11-17,15:36:00,Fee,7165.54,Mobile,Utility,17243.57,Failed
TXN00001067,ACC0000585,2024-01-18,8:50:00,Transfer,11043.49,Mobile,Investment,6200.08,Completed
TXN00001150,ACC0000585,2024-01-27,22:50:00,ATM Withdrawal,3820.51,ATM,Utility,2379.57,Completed
TXN00003249,ACC0000585,2024-05-30,19:54:00,Credit,5513.66,Online,Refund,7893.23,Completed
TXN00004988,ACC0000585,2024-06-02,15:33:00,Debit,1065.75,POS,Rent,7893.23,Pending
TXN00002591,ACC0000585,2024-10-21,18:11:00,Fee,7881.14,Online,Utility,12.09,Completed
TXN00001744,ACC0000585,2024-12-12,11:39:00,Fee,8942.17,Online,Utility,12.09,Failed
TXN00004352,ACC0000586,2022-01-26,9:50:00,Fee,14083.88,Online,Utility,4414.2,Failed
TXN00002987,ACC0000586,2022-12-23,19:06:00,Transfer,8493.4,Branch,Transfer,4414.2,Failed
TXN00000684,ACC0000586,2023-07-02,12:02:00,Fee,5702.83,Online,Utility,4414.2,Pending
TXN00003062,ACC0000586,2024-09-22,22:01:00,ATM Withdrawal,12020.3,ATM,Utility,4414.2,Failed
TXN00001179,ACC0000586,2024-12-05,12:32:00,Debit,11616.59,Mobile,Utility,4414.2,Pending
TXN00001309,ACC0000587,2022-10-12,16:26:00,Interest,8900.53,Branch,Investment,13929.62,Completed
TXN00000500,ACC0000587,2022-12-13,19:07:00,Credit,14397.82,Mobile,Salary,13929.62,Failed
TXN00004331,ACC0000587,2023-05-02,18:04:00,ATM Withdrawal,3921.27,ATM,Purchase,13929.62,Pending
TXN00003749,ACC0000587,2023-07-01,15:01:00,Fee,11893.75,Branch,Utility,13929.62,Pending
TXN00000471,ACC0000587,2023-09-20,21:01:00,Debit,8634.3,Mobile,Rent,13929.62,Failed
TXN00000855,ACC0000587,2024-02-20,13:08:00,Transfer,10766.36,Online,Transfer,13929.62,Pending
TXN00002762,ACC0000587,2024-06-19,13:35:00,Interest,14873.33,Online,Investment,13929.62,Pending
TXN00002483,ACC0000587,2024-11-05,8:15:00,Interest,12226.49,Branch,Investment,26156.11,Completed
TXN00000293,ACC0000587,2024-11-19,20:12:00,Transfer,10120.69,Wire Transfer,Rent,26156.11,Pending
TXN00001349,ACC0000588,2023-08-08,13:38:00,Credit,12939.81,Mobile,Salary,17632.89,Failed
TXN00000969,ACC0000588,2023-08-30,11:27:00,Transfer,1467.62,Mobile,Investment,16165.27,Completed
TXN00001006,ACC0000588,2023-09-29,21:55:00,Credit,10721.48,Mobile,Investment,16165.27,Failed
TXN00001627,ACC0000588,2024-11-13,22:04:00,Interest,8383.52,Online,Investment,16165.27,Failed
TXN00000626,ACC0000588,2024-11-16,18:55:00,Interest,2281.06,Branch,Investment,16165.27,Failed
TXN00000963,ACC0000589,2022-03-29,14:48:00,Fee,9608.52,Branch,Utility,10065.39,Completed
TXN00001539,ACC0000589,2022-04-03,15:07:00,Credit,11092.87,Mobile,Salary,10065.39,Pending
TXN00004873,ACC0000589,2022-07-14,8:55:00,Debit,1264.97,POS,Purchase,10065.39,Pending
TXN00000708,ACC0000589,2022-08-05,9:28:00,Debit,5579.41,Mobile,Rent,10065.39,Pending
TXN00004474,ACC0000589,2022-08-26,21:00:00,ATM Withdrawal,8964.49,ATM,Utility,1100.9,Completed
TXN00000336,ACC0000589,2023-02-08,16:16:00,Interest,7036.9,Online,Investment,1100.9,Pending
TXN00001544,ACC0000589,2023-04-22,8:51:00,Credit,4575.47,Branch,Salary,1100.9,Failed
TXN00004681,ACC0000589,2023-07-17,19:27:00,Debit,822.51,POS,Rent,278.39,Completed
TXN00003655,ACC0000589,2023-11-12,11:29:00,Credit,9099.33,Mobile,Investment,9377.72,Completed
TXN00002587,ACC0000589,2023-12-01,17:15:00,Fee,311.07,Branch,Utility,9377.72,Failed
TXN00003805,ACC0000589,2023-12-26,21:24:00,Debit,1017.27,Mobile,Utility,9377.72,Pending
TXN00003510,ACC0000589,2023-12-28,11:40:00,ATM Withdrawal,14920.97,ATM,Rent,9377.72,Failed
TXN00003690,ACC0000589,2024-01-11,10:26:00,ATM Withdrawal,7430.28,ATM,Purchase,9377.72,Failed
TXN00001241,ACC0000589,2024-02-20,16:18:00,Fee,12221.74,Mobile,Utility,9377.72,Pending
TXN00003933,ACC0000589,2024-06-02,13:36:00,Transfer,2750.63,Online,Rent,6627.09,Completed
TXN00003322,ACC0000589,2024-11-09,11:11:00,Transfer,2730.08,Online,Investment,6627.09,Failed
TXN00002296,ACC0000590,2023-05-30,17:00:00,Debit,7941.09,POS,Utility,678.8,Failed
TXN00004785,ACC0000590,2024-01-31,22:00:00,Interest,4696.52,Online,Investment,678.8,Failed
TXN00002615,ACC0000590,2024-04-28,21:39:00,Debit,568.25,Online,Rent,110.55,Completed
TXN00001923,ACC0000590,2024-06-09,14:20:00,Interest,9020.95,Online,Investment,9131.5,Completed
TXN00001238,ACC0000591,2023-04-04,19:07:00,Transfer,1728.04,Branch,Rent,32205.07,Failed
TXN00004140,ACC0000591,2023-06-10,11:34:00,Debit,3707.13,POS,Purchase,28497.94,Completed
TXN00002332,ACC0000591,2023-07-11,18:58:00,Fee,4000.32,Branch,Utility,24497.62,Completed
TXN00002900,ACC0000591,2023-07-23,9:36:00,Debit,12849.48,Online,Utility,24497.62,Failed
TXN00002743,ACC0000591,2023-08-28,18:11:00,Debit,11527.71,POS,Purchase,24497.62,Pending
TXN00001105,ACC0000591,2024-07-16,17:23:00,Credit,13350.47,Online,Salary,24497.62,Failed
TXN00003974,ACC0000591,2024-09-15,19:41:00,Interest,2925.39,Branch,Investment,24497.62,Failed
TXN00001131,ACC0000591,2024-10-15,12:58:00,Credit,11245.81,Branch,Refund,24497.62,Failed
TXN00002257,ACC0000592,2022-01-08,13:20:00,Debit,1350.53,Online,Purchase,26420.44,Failed
TXN00000257,ACC0000592,2023-02-27,21:36:00,Transfer,6540.98,Mobile,Investment,26420.44,Pending
TXN00003994,ACC0000592,2023-09-10,21:21:00,Credit,2464.77,Branch,Refund,26420.44,Failed
TXN00001212,ACC0000592,2024-03-19,18:47:00,Fee,6619.24,Online,Utility,26420.44,Failed
TXN00004798,ACC0000592,2024-12-30,20:18:00,Fee,2343.24,Online,Utility,24077.2,Completed
TXN00003861,ACC0000593,2023-11-01,22:03:00,Interest,10476.12,Online,Investment,19652.83,Failed
TXN00004380,ACC0000593,2023-11-05,14:52:00,Credit,11643.54,Mobile,Refund,31296.37,Completed
TXN00003057,ACC0000593,2024-02-22,8:12:00,Fee,11635.25,Branch,Utility,31296.37,Pending
TXN00004776,ACC0000593,2024-04-09,20:00:00,Transfer,7785.7,Branch,Rent,23510.67,Completed
TXN00000017,ACC0000593,2024-08-07,21:04:00,ATM Withdrawal,11969.3,ATM,Rent,23510.67,Pending
TXN00002943,ACC0000593,2024-11-18,16:38:00,ATM Withdrawal,3225.82,ATM,Purchase,23510.67,Failed
TXN00001637,ACC0000594,2023-03-09,14:07:00,Transfer,13453.86,Mobile,Investment,34403.72,Completed
TXN00002471,ACC0000594,2023-07-20,12:52:00,Transfer,10216.98,Wire Transfer,Investment,34403.72,Pending
TXN00003412,ACC0000594,2023-08-05,21:44:00,Transfer,1252.75,Mobile,Investment,34403.72,Failed
TXN00002733,ACC0000594,2024-04-01,19:29:00,Transfer,11466.81,Wire Transfer,Investment,34403.72,Failed
TXN00003112,ACC0000594,2024-05-21,19:02:00,Credit,7152.07,Branch,Investment,41555.79,Completed
TXN00001708,ACC0000595,2022-04-25,8:46:00,Transfer,11362.01,Online,Rent,16902.22,Pending
TXN00003841,ACC0000595,2022-07-09,22:20:00,ATM Withdrawal,10118.62,ATM,Utility,16902.22,Pending
TXN00004893,ACC0000595,2022-07-23,13:09:00,Fee,13966.28,Online,Utility,16902.22,Pending
TXN00003879,ACC0000595,2022-08-17,17:47:00,Credit,14156.89,Mobile,Refund,16902.22,Failed
TXN00001865,ACC0000595,2023-02-22,13:18:00,ATM Withdrawal,13957.54,ATM,Utility,16902.22,Failed
TXN00004254,ACC0000595,2024-07-23,20:42:00,Credit,9651.32,Online,Refund,26553.54,Completed
TXN00003080,ACC0000595,2024-10-27,14:34:00,ATM Withdrawal,10188.79,ATM,Purchase,26553.54,Failed
TXN00003089,ACC0000595,2024-11-28,21:17:00,Transfer,12525.28,Wire Transfer,Rent,14028.26,Completed
TXN00003291,ACC0000596,2022-11-21,10:07:00,Debit,4409.71,Online,Utility,10718.06,Pending
TXN00004652,ACC0000596,2023-02-17,15:06:00,Fee,997.23,Online,Utility,9720.83,Completed
TXN00001384,ACC0000596,2024-07-28,21:15:00,ATM Withdrawal,13799.57,ATM,Rent,9720.83,Failed
TXN00001907,ACC0000596,2024-08-14,14:34:00,Credit,13696.76,Mobile,Investment,23417.59,Completed
TXN00003795,ACC0000596,2024-11-24,16:03:00,Credit,9824.32,Online,Refund,23417.59,Pending
TXN00004402,ACC0000597,2022-03-04,18:17:00,Transfer,12440.15,Branch,Transfer,47569.03,Failed
TXN00001822,ACC0000597,2022-06-19,20:57:00,Fee,7824.27,Mobile,Utility,47569.03,Pending
TXN00002509,ACC0000597,2022-08-19,20:01:00,Transfer,14642.26,Branch,Rent,32926.77,Completed
TXN00001785,ACC0000597,2023-01-24,15:45:00,Credit,1421.39,Branch,Refund,32926.77,Pending
TXN00000897,ACC0000597,2023-06-07,21:20:00,Transfer,4700.81,Wire Transfer,Investment,32926.77,Failed
TXN00003686,ACC0000597,2023-06-19,8:21:00,Debit,294.55,POS,Purchase,32926.77,Failed
TXN00001987,ACC0000597,2023-09-15,18:54:00,Interest,10778.5,Online,Investment,32926.77,Pending
TXN00001740,ACC0000597,2023-11-16,22:58:00,Transfer,14166.28,Wire Transfer,Rent,18760.49,Completed
TXN00003719,ACC0000597,2024-05-03,20:08:00,Credit,1471.62,Branch,Refund,20232.11,Completed
TXN00002005,ACC0000597,2024-08-11,11:16:00,Transfer,7068.28,Wire Transfer,Transfer,20232.11,Pending
TXN00003792,ACC0000597,2024-08-12,19:00:00,Fee,6455.87,Mobile,Utility,20232.11,Failed
TXN00003905,ACC0000598,2022-08-31,11:15:00,ATM Withdrawal,11225.84,ATM,Rent,2688.2,Pending
TXN00000776,ACC0000598,2022-11-28,22:51:00,Interest,14229.68,Online,Investment,2688.2,Failed
TXN00000970,ACC0000598,2023-02-24,15:49:00,Debit,6311.72,Mobile,Purchase,2688.2,Pending
TXN00004193,ACC0000598,2023-10-03,22:41:00,Debit,1818.43,POS,Utility,869.77,Completed
TXN00002261,ACC0000598,2023-10-31,11:20:00,Interest,1108.86,Online,Investment,869.77,Failed
TXN00000206,ACC0000598,2023-11-09,22:12:00,Transfer,8739.86,Online,Investment,869.77,Pending
TXN00003053,ACC0000598,2024-02-08,16:30:00,Debit,6403.95,Mobile,Utility,869.77,Failed
TXN00004696,ACC0000599,2022-07-09,21:13:00,Credit,7586.34,Mobile,Salary,22529.93,Failed
TXN00001741,ACC0000599,2023-02-11,8:17:00,ATM Withdrawal,6435.54,ATM,Utility,22529.93,Pending
TXN00001797,ACC0000599,2023-10-13,16:12:00,ATM Withdrawal,2716.85,ATM,Purchase,22529.93,Pending
TXN00004110,ACC0000599,2024-01-08,16:06:00,Transfer,2080.32,Online,Investment,22529.93,Failed
TXN00000007,ACC0000599,2024-08-12,10:51:00,Transfer,6897.28,Branch,Investment,22529.93,Failed
TXN00002901,ACC0000599,2024-09-09,19:19:00,Fee,710.73,Branch,Utility,21819.2,Completed
TXN00000380,ACC0000599,2024-09-14,17:26:00,Fee,11849.04,Branch,Utility,21819.2,Failed
TXN00004884,ACC0000600,2022-01-29,18:11:00,Interest,4495.48,Branch,Investment,44078.34,Completed
TXN00003345,ACC0000600,2022-03-20,9:41:00,Interest,10474.43,Branch,Investment,44078.34,Pending
TXN00003394,ACC0000600,2023-01-21,13:48:00,ATM Withdrawal,7231.03,ATM,Rent,44078.34,Pending
TXN00002969,ACC0000600,2024-01-04,8:05:00,Credit,2863.48,Online,Investment,44078.34,Failed
TXN00001214,ACC0000600,2024-06-03,17:29:00,Credit,1851.55,Mobile,Salary,44078.34,Pending
TXN00004461,ACC0000600,2024-06-17,22:35:00,Credit,2806.05,Mobile,Refund,44078.34,Pending
TXN00004730,ACC0000600,2024-07-21,9:34:00,Fee,12131.79,Branch,Utility,31946.55,Completed
TXN00000121,ACC0000600,2024-08-12,21:37:00,Transfer,14308.24,Branch,Rent,17638.31,Completed
TXN00002673,ACC0000601,2022-01-09,12:32:00,Credit,14059.31,Branch,Investment,22753.62,Completed
TXN00000421,ACC0000601,2022-04-23,9:01:00,ATM Withdrawal,3564.97,ATM,Utility,22753.62,Failed
TXN00003778,ACC0000601,2023-10-18,21:44:00,Debit,11982.19,POS,Rent,22753.62,Pending
TXN00003689,ACC0000601,2023-11-01,17:31:00,Interest,4300.92,Online,Investment,22753.62,Failed
TXN00001410,ACC0000601,2024-03-06,18:49:00,ATM Withdrawal,14479.63,ATM,Purchase,22753.62,Failed
TXN00000898,ACC0000601,2024-08-04,15:36:00,Credit,10841.41,Branch,Investment,22753.62,Pending
TXN00004399,ACC0000601,2024-10-26,17:05:00,Interest,7897.03,Branch,Investment,22753.62,Failed
TXN00002682,ACC0000602,2022-04-17,19:58:00,Credit,10336.16,Online,Salary,22195.98,Completed
TXN00003857,ACC0000602,2022-11-09,17:54:00,Debit,3746.26,Mobile,Rent,22195.98,Pending
TXN00004573,ACC0000602,2022-12-06,10:41:00,Interest,5025.38,Online,Investment,22195.98,Failed
TXN00003541,ACC0000602,2023-09-28,11:27:00,Transfer,5827.6,Branch,Rent,16368.38,Completed
TXN00000254,ACC0000602,2024-08-16,13:30:00,Fee,5643.42,Mobile,Utility,16368.38,Failed
TXN00001113,ACC0000602,2024-10-18,11:05:00,ATM Withdrawal,2998.39,ATM,Purchase,16368.38,Failed
TXN00000502,ACC0000603,2018-01-17,8:45:00,Transfer,13824.22,Wire Transfer,Transfer,41265.01,Pending
TXN00002363,ACC0000603,2018-01-29,11:18:00,Interest,887.14,Online,Investment,41265.01,Failed
TXN00001297,ACC0000603,2018-06-06,9:30:00,Transfer,14866.64,Wire Transfer,Rent,41265.01,Pending
TXN00000261,ACC0000603,2019-02-01,15:48:00,Credit,5953.14,Branch,Salary,47218.15,Completed
TXN00003975,ACC0000603,2021-05-17,19:18:00,Fee,2197.03,Branch,Utility,47218.15,Failed
TXN00002686,ACC0000604,2023-05-27,18:21:00,ATM Withdrawal,4880.21,ATM,Utility,35794.16,Pending
TXN00001949,ACC0000604,2023-09-21,20:00:00,Fee,5379.81,Online,Utility,30414.35,Completed
TXN00001693,ACC0000604,2023-10-24,14:56:00,ATM Withdrawal,2594.21,ATM,Utility,30414.35,Failed
TXN00004349,ACC0000604,2024-05-29,20:48:00,ATM Withdrawal,13011.52,ATM,Utility,17402.83,Completed
TXN00000955,ACC0000604,2024-06-16,15:22:00,ATM Withdrawal,716.21,ATM,Rent,17402.83,Pending
TXN00004826,ACC0000604,2024-09-01,10:35:00,Interest,12420.49,Branch,Investment,29823.32,Completed
TXN00004469,ACC0000604,2024-11-14,21:47:00,Interest,8215.48,Branch,Investment,38038.8,Completed
TXN00000595,ACC0000605,2023-09-19,21:50:00,ATM Withdrawal,3633.53,ATM,Utility,39076.78,Failed
TXN00003271,ACC0000605,2023-10-12,11:41:00,Transfer,11265.02,Online,Transfer,39076.78,Failed
TXN00003178,ACC0000605,2024-07-13,22:10:00,Debit,11287.39,Mobile,Rent,39076.78,Failed
TXN00002759,ACC0000605,2024-07-20,15:44:00,Interest,4634.95,Online,Investment,39076.78,Pending
TXN00000624,ACC0000605,2024-07-24,11:38:00,Debit,3254.58,Online,Rent,39076.78,Pending
TXN00001357,ACC0000605,2024-09-21,20:24:00,ATM Withdrawal,4634.0,ATM,Rent,39076.78,Failed
TXN00001016,ACC0000605,2024-09-26,18:49:00,ATM Withdrawal,6280.45,ATM,Rent,39076.78,Failed
TXN00004552,ACC0000606,2022-05-21,17:15:00,ATM Withdrawal,4272.96,ATM,Rent,10521.43,Failed
TXN00000239,ACC0000606,2022-09-23,20:29:00,ATM Withdrawal,7546.99,ATM,Rent,2974.44,Completed
TXN00002626,ACC0000606,2023-03-10,10:08:00,Interest,11965.81,Branch,Investment,14940.25,Completed
TXN00000246,ACC0000606,2023-04-02,17:18:00,Debit,11420.34,Mobile,Purchase,14940.25,Pending
TXN00000301,ACC0000606,2024-01-22,18:26:00,Fee,6932.24,Branch,Utility,8008.01,Completed
TXN00003070,ACC0000606,2024-02-15,13:00:00,Credit,6573.37,Mobile,Salary,8008.01,Pending
TXN00004657,ACC0000606,2024-06-12,13:06:00,Debit,10601.9,Online,Rent,8008.01,Pending
TXN00000582,ACC0000606,2024-12-05,13:45:00,Transfer,3533.37,Online,Investment,8008.01,Failed
TXN00001897,ACC0000607,2022-02-18,17:31:00,Fee,6733.23,Online,Utility,3682.78,Failed
TXN00000964,ACC0000607,2022-06-09,21:01:00,ATM Withdrawal,5549.11,ATM,Rent,3682.78,Pending
TXN00000192,ACC0000607,2022-09-26,12:02:00,Fee,2470.72,Online,Utility,1212.06,Completed
TXN00003093,ACC0000607,2022-10-09,16:35:00,Credit,7762.11,Branch,Investment,8974.17,Completed
TXN00000785,ACC0000607,2023-05-01,18:07:00,Fee,10334.58,Mobile,Utility,8974.17,Pending
TXN00002821,ACC0000607,2023-06-03,15:55:00,Credit,8379.85,Branch,Investment,8974.17,Pending
TXN00002116,ACC0000607,2023-12-06,19:12:00,Debit,10141.96,Mobile,Utility,8974.17,Failed
TXN00004927,ACC0000607,2024-05-31,10:39:00,Interest,6748.38,Branch,Investment,8974.17,Failed
TXN00001798,ACC0000607,2024-11-02,22:06:00,Debit,7190.08,Online,Purchase,8974.17,Pending
TXN00002799,ACC0000608,2022-01-20,18:03:00,ATM Withdrawal,4153.43,ATM,Purchase,13345.73,Pending
TXN00000449,ACC0000608,2022-03-12,19:51:00,Fee,3419.76,Mobile,Utility,13345.73,Pending
TXN00000349,ACC0000608,2023-02-16,20:07:00,Credit,12076.46,Online,Salary,13345.73,Pending
TXN00000513,ACC0000608,2023-06-28,16:25:00,Transfer,14210.04,Wire Transfer,Transfer,13345.73,Failed
TXN00000982,ACC0000608,2024-04-23,17:15:00,Interest,3546.86,Branch,Investment,16892.59,Completed
TXN00002418,ACC0000608,2024-06-09,13:04:00,Transfer,7005.23,Branch,Rent,16892.59,Failed
TXN00003301,ACC0000609,2022-06-04,22:03:00,Transfer,7284.24,Online,Investment,20397.85,Pending
TXN00003351,ACC0000609,2022-10-11,12:54:00,Credit,1011.99,Mobile,Refund,20397.85,Pending
TXN00004756,ACC0000609,2024-01-02,9:15:00,Transfer,7994.98,Online,Transfer,20397.85,Pending
TXN00002568,ACC0000609,2024-01-27,8:44:00,Transfer,12263.96,Online,Rent,20397.85,Pending
TXN00002136,ACC0000609,2024-02-02,10:58:00,Transfer,6070.6,Branch,Transfer,20397.85,Failed
TXN00004459,ACC0000609,2024-03-13,15:09:00,ATM Withdrawal,7401.37,ATM,Rent,20397.85,Failed
TXN00002565,ACC0000609,2024-03-24,10:27:00,Debit,7596.23,POS,Purchase,20397.85,Pending
TXN00000351,ACC0000609,2024-11-28,18:57:00,Credit,3046.7,Online,Salary,23444.55,Completed
TXN00004963,ACC0000609,2024-11-30,15:37:00,Debit,2999.94,Mobile,Purchase,20444.61,Completed
TXN00003669,ACC0000610,2022-08-10,10:10:00,Debit,11154.71,POS,Purchase,50749.94,Failed
TXN00004817,ACC0000610,2024-09-30,10:24:00,Debit,11712.02,POS,Rent,39037.92,Completed
TXN00004775,ACC0000610,2024-10-01,8:07:00,Debit,8330.81,Online,Rent,39037.92,Pending
TXN00002880,ACC0000611,2022-01-03,15:42:00,Transfer,8608.07,Branch,Transfer,10368.02,Completed
TXN00003803,ACC0000611,2022-02-01,10:43:00,ATM Withdrawal,1778.93,ATM,Utility,8589.09,Completed
TXN00003853,ACC0000611,2022-04-01,18:29:00,ATM Withdrawal,8407.79,ATM,Purchase,8589.09,Pending
TXN00001610,ACC0000611,2022-12-04,22:20:00,ATM Withdrawal,987.89,ATM,Rent,7601.2,Completed
TXN00002470,ACC0000611,2023-07-18,13:15:00,Debit,7596.2,Online,Utility,5.0,Completed
TXN00004323,ACC0000611,2024-08-24,17:41:00,Interest,10623.3,Online,Investment,5.0,Pending
TXN00003241,ACC0000612,2022-04-19,21:08:00,ATM Withdrawal,5185.61,ATM,Rent,4891.3,Completed
TXN00002057,ACC0000612,2023-04-24,18:41:00,Credit,9551.37,Mobile,Investment,14442.67,Completed
TXN00003817,ACC0000612,2024-05-22,11:21:00,ATM Withdrawal,4984.6,ATM,Purchase,14442.67,Failed
TXN00003343,ACC0000613,2022-05-24,10:54:00,Transfer,10321.92,Wire Transfer,Transfer,31567.38,Pending
TXN00004225,ACC0000613,2022-08-24,19:35:00,Interest,9287.56,Online,Investment,40854.94,Completed
TXN00002352,ACC0000613,2023-10-17,21:50:00,Debit,13454.46,POS,Purchase,27400.48,Completed
TXN00002101,ACC0000614,2024-01-25,12:34:00,Credit,14395.04,Mobile,Investment,43910.45,Pending
TXN00001957,ACC0000614,2024-05-16,14:22:00,Fee,4153.27,Mobile,Utility,43910.45,Failed
TXN00004522,ACC0000614,2024-05-20,17:34:00,Debit,12800.73,Mobile,Utility,31109.72,Completed
TXN00001157,ACC0000614,2024-05-20,18:37:00,Credit,3858.37,Online,Salary,34968.09,Completed
TXN00001900,ACC0000614,2024-06-12,21:39:00,Debit,10321.11,Mobile,Purchase,24646.98,Completed
TXN00004012,ACC0000614,2024-06-21,13:23:00,Credit,14680.96,Branch,Investment,39327.94,Completed
TXN00002389,ACC0000614,2024-07-27,10:41:00,ATM Withdrawal,8846.86,ATM,Rent,39327.94,Pending
TXN00001870,ACC0000614,2024-09-07,9:55:00,Interest,10367.29,Branch,Investment,49695.23,Completed
TXN00004374,ACC0000614,2024-09-30,14:12:00,Transfer,4701.05,Wire Transfer,Investment,49695.23,Failed
TXN00003864,ACC0000614,2024-11-18,14:27:00,Fee,8755.71,Mobile,Utility,49695.23,Pending
TXN00001010,ACC0000614,2024-11-27,13:26:00,Fee,4638.41,Mobile,Utility,49695.23,Pending
TXN00003369,ACC0000614,2024-12-10,21:12:00,Interest,7112.6,Online,Investment,49695.23,Pending
TXN00000131,ACC0000614,2024-12-29,9:28:00,Debit,5259.96,POS,Purchase,49695.23,Failed
TXN00001939,ACC0000615,2022-03-21,12:55:00,Fee,9725.39,Branch,Utility,49055.01,Completed
TXN00001916,ACC0000615,2022-08-24,11:56:00,Fee,2191.78,Online,Utility,49055.01,Pending
TXN00002254,ACC0000615,2022-10-04,16:39:00,ATM Withdrawal,6354.66,ATM,Utility,49055.01,Pending
TXN00000651,ACC0000615,2022-10-20,8:21:00,Interest,11310.43,Branch,Investment,49055.01,Failed
TXN00004044,ACC0000615,2022-12-05,20:48:00,Interest,8017.14,Online,Investment,57072.15,Completed
TXN00001638,ACC0000615,2022-12-15,21:20:00,Fee,4549.36,Online,Utility,52522.79,Completed
TXN00003347,ACC0000615,2023-08-07,16:13:00,Transfer,11337.39,Mobile,Rent,52522.79,Failed
TXN00004024,ACC0000615,2023-09-24,15:31:00,Transfer,12616.05,Branch,Investment,52522.79,Pending
TXN00003106,ACC0000615,2024-05-08,21:23:00,Transfer,6883.64,Mobile,Transfer,52522.79,Pending
TXN00003862,ACC0000615,2024-06-15,16:53:00,Transfer,4609.55,Wire Transfer,Investment,52522.79,Pending
TXN00001031,ACC0000615,2024-10-08,10:05:00,Credit,611.3,Mobile,Salary,52522.79,Pending
TXN00001807,ACC0000616,2023-02-07,9:09:00,Interest,13088.87,Online,Investment,35735.19,Failed
TXN00000314,ACC0000616,2023-05-09,15:03:00,ATM Withdrawal,9978.45,ATM,Utility,25756.74,Completed
TXN00004229,ACC0000616,2023-06-21,18:47:00,Debit,11855.66,Mobile,Utility,25756.74,Failed
TXN00002341,ACC0000616,2023-08-30,17:04:00,Transfer,12812.93,Wire Transfer,Transfer,12943.81,Completed
TXN00003069,ACC0000616,2024-01-11,12:00:00,ATM Withdrawal,3521.8,ATM,Utility,12943.81,Failed
TXN00000612,ACC0000616,2024-03-05,14:35:00,Fee,14396.91,Online,Utility,12943.81,Pending
TXN00001508,ACC0000616,2024-07-22,13:08:00,Transfer,3842.94,Mobile,Investment,9100.87,Completed
TXN00002222,ACC0000616,2024-08-29,16:09:00,Transfer,2187.17,Wire Transfer,Rent,9100.87,Pending
TXN00002087,ACC0000616,2024-10-13,16:54:00,Fee,3065.9,Branch,Utility,9100.87,Failed
TXN00000283,ACC0000616,2024-10-31,20:47:00,Interest,6132.41,Online,Investment,15233.28,Completed
TXN00004931,ACC0000616,2024-12-22,8:06:00,Credit,7619.6,Mobile,Investment,22852.88,Completed
TXN00004032,ACC0000617,2022-05-16,10:03:00,ATM Withdrawal,5754.82,ATM,Utility,40962.04,Completed
TXN00003312,ACC0000617,2022-09-24,13:56:00,Debit,5607.65,Mobile,Rent,40962.04,Pending
TXN00000986,ACC0000617,2022-11-30,17:43:00,Credit,4272.56,Online,Salary,40962.04,Pending
TXN00002061,ACC0000617,2024-10-11,19:05:00,Fee,2813.08,Branch,Utility,38148.96,Completed
TXN00001576,ACC0000617,2024-10-17,8:56:00,Interest,2908.51,Branch,Investment,41057.47,Completed
TXN00003329,ACC0000618,2022-01-23,21:47:00,ATM Withdrawal,6687.98,ATM,Rent,49395.98,Completed
TXN00000946,ACC0000618,2022-06-13,8:44:00,Transfer,4959.25,Wire Transfer,Transfer,49395.98,Pending
TXN00001984,ACC0000618,2022-06-16,11:44:00,Fee,12945.24,Branch,Utility,49395.98,Failed
TXN00004976,ACC0000618,2022-06-20,18:11:00,Debit,10257.33,Online,Rent,49395.98,Failed
TXN00003844,ACC0000618,2022-06-20,19:07:00,Fee,6486.75,Mobile,Utility,49395.98,Pending
TXN00001746,ACC0000618,2022-07-31,14:34:00,Transfer,1795.73,Online,Transfer,47600.25,Completed
TXN00000183,ACC0000618,2022-08-28,8:58:00,Credit,1323.18,Branch,Salary,48923.43,Completed
TXN00002840,ACC0000618,2022-10-01,16:07:00,Transfer,7518.29,Branch,Rent,41405.14,Completed
TXN00002294,ACC0000618,2022-12-17,15:27:00,Debit,928.01,POS,Purchase,41405.14,Failed
TXN00002146,ACC0000618,2023-01-02,16:58:00,Credit,5770.54,Mobile,Refund,47175.68,Completed
TXN00002015,ACC0000618,2023-05-30,8:35:00,Interest,7550.49,Online,Investment,47175.68,Failed
TXN00003665,ACC0000618,2023-10-01,19:00:00,Interest,10143.83,Branch,Investment,57319.51,Completed
TXN00000583,ACC0000618,2024-03-04,16:55:00,Interest,1816.14,Online,Investment,59135.65,Completed
TXN00001710,ACC0000618,2024-10-30,9:22:00,Credit,5816.64,Online,Refund,59135.65,Failed
TXN00000317,ACC0000618,2024-11-29,9:36:00,Credit,12017.35,Online,Salary,59135.65,Failed
TXN00002990,ACC0000619,2024-02-24,17:52:00,Interest,1204.5,Branch,Investment,14824.84,Pending
TXN00002133,ACC0000619,2024-02-25,20:41:00,ATM Withdrawal,8.22,ATM,Rent,14824.84,Failed
TXN00001435,ACC0000619,2024-03-25,8:06:00,Fee,10999.43,Online,Utility,14824.84,Failed
TXN00001704,ACC0000619,2024-04-19,11:26:00,Credit,190.26,Branch,Investment,14824.84,Pending
TXN00004912,ACC0000619,2024-08-08,12:40:00,Credit,10556.0,Mobile,Salary,25380.84,Completed
TXN00004595,ACC0000620,2022-02-09,12:35:00,ATM Withdrawal,13440.55,ATM,Purchase,29777.22,Failed
TXN00003593,ACC0000620,2022-04-05,21:54:00,Interest,12621.81,Online,Investment,42399.03,Completed
TXN00000244,ACC0000620,2023-02-21,21:58:00,Interest,6418.76,Online,Investment,42399.03,Failed
TXN00002307,ACC0000620,2023-07-04,14:52:00,Interest,2355.44,Online,Investment,42399.03,Pending
TXN00001262,ACC0000620,2024-03-17,22:35:00,Debit,8608.07,Mobile,Utility,33790.96,Completed
TXN00004328,ACC0000620,2024-05-24,9:18:00,Credit,2566.97,Branch,Salary,33790.96,Pending
TXN00000768,ACC0000620,2024-06-30,20:57:00,Fee,655.51,Online,Utility,33135.45,Completed
TXN00001997,ACC0000620,2024-07-09,16:20:00,Debit,3645.66,Online,Rent,33135.45,Failed
TXN00003586,ACC0000621,2022-02-13,22:44:00,Credit,11530.32,Online,Investment,57583.31,Pending
TXN00002367,ACC0000621,2022-04-30,16:49:00,ATM Withdrawal,8931.66,ATM,Utility,57583.31,Failed
TXN00004440,ACC0000621,2023-07-28,20:21:00,Transfer,14458.13,Wire Transfer,Transfer,43125.18,Completed
TXN00002696,ACC0000621,2024-02-26,19:05:00,Credit,5611.66,Branch,Investment,48736.84,Completed
TXN00004089,ACC0000621,2024-10-02,16:32:00,ATM Withdrawal,8845.26,ATM,Rent,39891.58,Completed
TXN00004173,ACC0000621,2024-10-29,9:38:00,Credit,12507.12,Online,Salary,52398.7,Completed
TXN00001992,ACC0000622,2022-06-04,10:05:00,Credit,5333.45,Online,Refund,52703.93,Completed
TXN00004451,ACC0000622,2022-12-20,21:51:00,Interest,8540.1,Branch,Investment,52703.93,Failed
TXN00002353,ACC0000622,2023-01-26,9:33:00,Debit,2748.01,POS,Rent,52703.93,Failed
TXN00001699,ACC0000622,2023-07-16,22:45:00,Debit,12378.8,Online,Rent,52703.93,Pending
TXN00004476,ACC0000622,2023-07-31,11:38:00,Credit,680.34,Branch,Salary,52703.93,Pending
TXN00004315,ACC0000622,2023-08-26,20:28:00,Credit,8026.16,Mobile,Investment,60730.09,Completed
TXN00002975,ACC0000622,2024-01-04,14:11:00,Debit,8365.98,POS,Rent,52364.11,Completed
TXN00002678,ACC0000622,2024-11-01,22:05:00,Debit,10706.7,Mobile,Utility,52364.11,Failed
TXN00002954,ACC0000623,2023-09-17,13:05:00,ATM Withdrawal,409.05,ATM,Rent,4456.44,Completed
TXN00004351,ACC0000623,2024-04-09,16:26:00,Debit,12451.08,POS,Utility,4456.44,Failed
TXN00000665,ACC0000623,2024-05-06,10:19:00,Credit,2943.11,Online,Refund,4456.44,Pending
TXN00001608,ACC0000623,2024-07-16,15:25:00,Credit,7078.41,Online,Refund,11534.85,Completed
TXN00001583,ACC0000623,2024-09-23,10:22:00,Transfer,4768.2,Branch,Transfer,6766.65,Completed
TXN00000578,ACC0000623,2024-11-11,14:42:00,Transfer,5390.31,Online,Rent,6766.65,Pending
TXN00002355,ACC0000623,2024-12-14,14:34:00,Interest,10642.64,Online,Investment,17409.29,Completed
TXN00001112,ACC0000624,2023-08-15,12:27:00,Debit,2510.64,Mobile,Utility,10624.88,Completed
TXN00002589,ACC0000624,2023-12-20,13:24:00,Transfer,6692.99,Wire Transfer,Investment,10624.88,Pending
TXN00002182,ACC0000624,2024-02-09,13:24:00,Transfer,5452.87,Branch,Rent,10624.88,Pending
TXN00004106,ACC0000624,2024-04-18,17:21:00,Interest,6302.9,Branch,Investment,16927.78,Completed
TXN00002659,ACC0000624,2024-05-27,18:32:00,Debit,8793.33,Mobile,Utility,16927.78,Failed
TXN00002160,ACC0000624,2024-07-08,22:23:00,Transfer,11960.52,Mobile,Rent,4967.26,Completed
TXN00003171,ACC0000625,2022-05-31,21:12:00,Fee,3738.35,Mobile,Utility,21827.89,Completed
TXN00000104,ACC0000625,2022-07-02,21:25:00,ATM Withdrawal,12126.18,ATM,Rent,9701.71,Completed
TXN00004395,ACC0000625,2022-10-01,19:57:00,Transfer,13483.5,Wire Transfer,Investment,9701.71,Pending
TXN00002771,ACC0000625,2022-11-30,20:35:00,Credit,5790.53,Branch,Refund,9701.71,Failed
TXN00004510,ACC0000625,2023-05-10,19:17:00,Credit,195.82,Branch,Refund,9897.53,Completed
TXN00000469,ACC0000625,2023-12-26,9:23:00,ATM Withdrawal,7902.5,ATM,Purchase,9897.53,Failed
TXN00001563,ACC0000625,2024-01-25,21:10:00,Transfer,13021.96,Wire Transfer,Investment,9897.53,Pending
TXN00001328,ACC0000625,2024-03-06,9:11:00,Interest,3199.81,Online,Investment,13097.34,Completed
TXN00004805,ACC0000625,2024-11-02,19:52:00,Interest,14091.44,Branch,Investment,13097.34,Pending
TXN00002083,ACC0000626,2023-07-21,13:04:00,Debit,11819.16,Mobile,Purchase,16164.25,Pending
TXN00000913,ACC0000626,2024-07-26,17:36:00,Fee,8690.64,Branch,Utility,16164.25,Pending
TXN00000949,ACC0000626,2024-09-04,14:43:00,Transfer,4242.4,Mobile,Investment,16164.25,Pending
TXN00001274,ACC0000627,2024-02-25,11:26:00,Transfer,8020.17,Mobile,Transfer,3625.98,Completed
TXN00004058,ACC0000627,2024-03-07,12:19:00,Debit,2467.85,Mobile,Utility,3625.98,Failed
TXN00003411,ACC0000627,2024-04-29,12:49:00,Credit,4554.69,Mobile,Salary,3625.98,Failed
TXN00002231,ACC0000627,2024-07-02,15:05:00,Fee,2737.65,Branch,Utility,888.33,Completed
TXN00001659,ACC0000627,2024-07-08,14:41:00,ATM Withdrawal,13979.55,ATM,Utility,888.33,Pending
TXN00000531,ACC0000627,2024-08-30,12:47:00,Debit,441.87,POS,Rent,446.46,Completed
TXN00001322,ACC0000627,2024-09-05,10:27:00,Interest,513.27,Online,Investment,959.73,Completed
TXN00004314,ACC0000627,2024-12-21,14:06:00,Interest,14718.21,Online,Investment,15677.94,Completed
TXN00002726,ACC0000627,2024-12-22,21:17:00,Interest,1284.64,Branch,Investment,16962.58,Completed
TXN00000736,ACC0000628,2023-01-05,16:48:00,Fee,12014.49,Online,Utility,12536.91,Failed
TXN00000568,ACC0000628,2024-06-25,22:40:00,Interest,6421.56,Online,Investment,12536.91,Failed
TXN00000532,ACC0000628,2024-08-09,18:53:00,ATM Withdrawal,14865.01,ATM,Utility,12536.91,Pending
TXN00003407,ACC0000629,2022-01-29,21:45:00,Fee,13158.5,Mobile,Utility,38851.23,Failed
TXN00004237,ACC0000629,2022-03-29,20:47:00,Credit,3588.33,Branch,Refund,38851.23,Failed
TXN00001696,ACC0000629,2022-06-13,10:15:00,Interest,5508.28,Branch,Investment,38851.23,Failed
TXN00004456,ACC0000629,2022-11-15,19:50:00,Debit,6195.53,Mobile,Utility,38851.23,Failed
TXN00000139,ACC0000629,2022-12-03,8:12:00,Fee,8927.87,Online,Utility,38851.23,Failed
TXN00003823,ACC0000629,2023-04-25,21:58:00,Interest,2021.49,Branch,Investment,38851.23,Pending
TXN00004625,ACC0000629,2023-04-29,14:03:00,Interest,14273.51,Branch,Investment,38851.23,Pending
TXN00000506,ACC0000629,2024-07-11,9:16:00,Transfer,10669.03,Branch,Rent,38851.23,Pending
TXN00001851,ACC0000630,2022-02-23,19:46:00,Interest,683.96,Online,Investment,3573.62,Pending
TXN00002449,ACC0000630,2022-05-13,21:27:00,ATM Withdrawal,3277.91,ATM,Rent,295.71,Completed
TXN00004379,ACC0000630,2022-10-18,16:57:00,Interest,12252.8,Online,Investment,12548.51,Completed
TXN00002710,ACC0000630,2022-11-16,17:53:00,Debit,12935.93,POS,Rent,12548.51,Failed
TXN00004034,ACC0000630,2022-12-23,18:35:00,Interest,9249.37,Online,Investment,12548.51,Pending
TXN00001643,ACC0000630,2023-02-14,10:36:00,Debit,3576.33,Mobile,Purchase,12548.51,Pending
TXN00002488,ACC0000630,2023-04-13,10:27:00,Interest,6460.21,Branch,Investment,19008.72,Completed
TXN00002641,ACC0000630,2023-06-19,13:14:00,ATM Withdrawal,1496.24,ATM,Purchase,19008.72,Pending
TXN00004572,ACC0000630,2023-10-15,12:03:00,Fee,1185.37,Branch,Utility,17823.35,Completed
TXN00002197,ACC0000631,2023-06-10,15:32:00,Credit,2914.7,Branch,Investment,3751.0,Pending
TXN00004185,ACC0000631,2023-09-08,21:37:00,ATM Withdrawal,3468.4,ATM,Utility,282.6,Completed
TXN00002054,ACC0000631,2023-11-13,22:59:00,Fee,255.24,Branch,Utility,27.36,Completed
TXN00004957,ACC0000631,2024-01-12,21:25:00,Debit,432.93,Online,Utility,27.36,Failed
TXN00003192,ACC0000631,2024-09-20,21:52:00,Fee,6236.63,Online,Utility,27.36,Failed
TXN00002801,ACC0000632,2022-12-18,11:03:00,Transfer,12269.07,Branch,Transfer,44538.12,Pending
TXN00004128,ACC0000632,2023-02-17,18:26:00,Credit,7150.72,Branch,Investment,51688.84,Completed
TXN00000588,ACC0000632,2023-04-08,22:05:00,Credit,6895.96,Mobile,Refund,51688.84,Failed
TXN00001100,ACC0000632,2023-04-13,14:10:00,Credit,12356.83,Mobile,Salary,51688.84,Failed
TXN00000346,ACC0000632,2023-07-08,9:38:00,Fee,10483.99,Branch,Utility,41204.85,Completed
TXN00003670,ACC0000632,2023-09-18,14:51:00,Credit,11933.67,Mobile,Salary,41204.85,Failed
TXN00003524,ACC0000632,2023-11-05,15:25:00,Interest,6318.15,Branch,Investment,41204.85,Pending
TXN00002959,ACC0000632,2024-03-21,16:39:00,Interest,13182.05,Online,Investment,41204.85,Failed
TXN00001401,ACC0000632,2024-04-10,13:28:00,Transfer,13399.33,Mobile,Transfer,27805.52,Completed
TXN00004739,ACC0000632,2024-05-21,11:30:00,Interest,1908.03,Branch,Investment,27805.52,Pending
TXN00000044,ACC0000632,2024-06-19,14:16:00,Credit,14327.46,Online,Refund,27805.52,Failed
TXN00000487,ACC0000633,2022-04-04,19:37:00,Debit,4007.04,Mobile,Rent,44280.96,Completed
TXN00001603,ACC0000633,2022-11-30,18:42:00,Fee,6033.52,Mobile,Utility,44280.96,Failed
TXN00003776,ACC0000633,2023-05-20,20:30:00,Fee,12035.19,Mobile,Utility,44280.96,Pending
TXN00003528,ACC0000633,2023-10-20,9:24:00,Debit,3224.36,Mobile,Purchase,44280.96,Failed
TXN00002933,ACC0000633,2023-11-24,15:25:00,Interest,13202.48,Online,Investment,44280.96,Failed
TXN00002105,ACC0000633,2024-01-11,14:40:00,Debit,5196.15,Mobile,Utility,44280.96,Pending
TXN00004897,ACC0000633,2024-02-05,16:31:00,ATM Withdrawal,8521.49,ATM,Purchase,44280.96,Failed
TXN00000789,ACC0000633,2024-03-06,17:38:00,ATM Withdrawal,10728.33,ATM,Purchase,44280.96,Pending
TXN00002646,ACC0000633,2024-03-13,19:09:00,Credit,5704.01,Online,Investment,49984.97,Completed
TXN00003997,ACC0000633,2024-06-03,10:40:00,ATM Withdrawal,1361.45,ATM,Rent,49984.97,Pending
TXN00004534,ACC0000633,2024-07-09,8:55:00,ATM Withdrawal,14800.5,ATM,Utility,35184.47,Completed
TXN00004039,ACC0000633,2024-08-02,9:39:00,ATM Withdrawal,12164.86,ATM,Purchase,35184.47,Pending
TXN00002925,ACC0000633,2024-08-26,20:56:00,Transfer,2678.06,Branch,Investment,32506.41,Completed
TXN00002657,ACC0000633,2024-09-19,17:15:00,ATM Withdrawal,1877.9,ATM,Rent,30628.51,Completed
TXN00001120,ACC0000633,2024-11-16,14:12:00,Interest,12376.43,Branch,Investment,43004.94,Completed
TXN00000149,ACC0000633,2024-12-04,18:08:00,Debit,6426.12,POS,Utility,36578.82,Completed
TXN00002776,ACC0000634,2024-01-23,11:03:00,Credit,10945.5,Online,Investment,52995.06,Failed
TXN00004357,ACC0000634,2024-02-18,11:42:00,Debit,13606.14,Online,Utility,52995.06,Failed
TXN00002208,ACC0000634,2024-03-18,15:02:00,ATM Withdrawal,3039.41,ATM,Purchase,52995.06,Pending
TXN00000988,ACC0000634,2024-04-02,19:36:00,Debit,12722.78,Online,Utility,40272.28,Completed
TXN00001819,ACC0000634,2024-06-19,18:22:00,Interest,9425.41,Branch,Investment,40272.28,Pending
TXN00002805,ACC0000634,2024-07-27,8:28:00,ATM Withdrawal,14405.33,ATM,Utility,40272.28,Failed
TXN00002347,ACC0000634,2024-10-15,11:57:00,Fee,718.9,Branch,Utility,39553.38,Completed
TXN00000675,ACC0000634,2024-12-01,22:27:00,ATM Withdrawal,3457.11,ATM,Purchase,39553.38,Pending
TXN00004448,ACC0000634,2024-12-11,8:22:00,Debit,6427.51,Mobile,Rent,33125.87,Completed
TXN00002922,ACC0000635,2023-06-14,21:46:00,Transfer,7931.41,Wire Transfer,Investment,18376.83,Completed
TXN00003639,ACC0000635,2024-02-26,9:17:00,Debit,8491.49,Mobile,Rent,18376.83,Failed
TXN00000057,ACC0000635,2024-03-16,17:48:00,Fee,6714.49,Branch,Utility,18376.83,Failed
TXN00001063,ACC0000635,2024-05-18,22:30:00,ATM Withdrawal,14609.86,ATM,Utility,18376.83,Failed
TXN00000437,ACC0000635,2024-06-12,10:59:00,Debit,12709.24,Online,Utility,18376.83,Failed
TXN00004171,ACC0000635,2024-06-24,8:28:00,Debit,13691.04,Online,Utility,18376.83,Pending
TXN00002722,ACC0000635,2024-08-04,18:42:00,Fee,14496.03,Branch,Utility,18376.83,Pending
TXN00004699,ACC0000635,2024-09-21,22:03:00,Transfer,6169.15,Online,Rent,18376.83,Failed
TXN00004766,ACC0000635,2024-09-27,10:39:00,Credit,11829.91,Mobile,Refund,30206.74,Completed
TXN00004468,ACC0000635,2024-10-09,15:31:00,Credit,10354.15,Mobile,Salary,30206.74,Pending
TXN00003720,ACC0000635,2024-11-25,13:07:00,ATM Withdrawal,6322.45,ATM,Rent,30206.74,Failed
TXN00000327,ACC0000635,2024-11-27,18:25:00,Credit,6478.48,Mobile,Salary,36685.22,Completed
TXN00000386,ACC0000636,2022-02-15,18:36:00,Transfer,10883.37,Wire Transfer,Investment,30525.48,Pending
TXN00004650,ACC0000636,2022-09-07,22:07:00,Credit,11423.8,Mobile,Investment,30525.48,Pending
TXN00002513,ACC0000636,2022-09-12,16:30:00,Transfer,3678.13,Branch,Rent,30525.48,Failed
TXN00001041,ACC0000636,2023-07-21,14:17:00,Debit,1164.15,Mobile,Rent,30525.48,Pending
TXN00003029,ACC0000636,2024-05-13,17:05:00,ATM Withdrawal,3786.49,ATM,Utility,30525.48,Failed
TXN00000447,ACC0000636,2024-06-03,22:00:00,Fee,12339.28,Mobile,Utility,30525.48,Pending
TXN00000836,ACC0000636,2024-06-30,8:23:00,Debit,7716.87,POS,Purchase,30525.48,Failed
TXN00001314,ACC0000636,2024-07-15,22:06:00,Fee,6538.54,Online,Utility,30525.48,Pending
TXN00000891,ACC0000637,2024-01-07,15:47:00,Transfer,7022.77,Online,Transfer,53078.1,Pending
TXN00000049,ACC0000637,2024-01-31,15:30:00,Debit,4013.08,Mobile,Utility,53078.1,Pending
TXN00000258,ACC0000637,2024-03-14,9:02:00,Interest,3442.08,Online,Investment,56520.18,Completed
TXN00001845,ACC0000637,2024-05-06,10:57:00,Interest,8451.22,Branch,Investment,56520.18,Failed
TXN00001592,ACC0000637,2024-05-15,12:41:00,Interest,5204.15,Online,Investment,56520.18,Pending
TXN00000043,ACC0000637,2024-05-26,8:21:00,Credit,2182.1,Branch,Refund,58702.28,Completed
TXN00000290,ACC0000637,2024-05-31,12:32:00,Transfer,12085.5,Mobile,Investment,46616.78,Completed
TXN00000994,ACC0000637,2024-08-22,18:58:00,Credit,4262.82,Mobile,Salary,46616.78,Pending
TXN00002675,ACC0000637,2024-09-26,8:51:00,Transfer,8001.71,Wire Transfer,Rent,38615.07,Completed
TXN00003872,ACC0000637,2024-10-24,21:28:00,ATM Withdrawal,1552.12,ATM,Rent,38615.07,Pending
TXN00002941,ACC0000637,2024-11-16,8:24:00,ATM Withdrawal,12789.78,ATM,Purchase,38615.07,Failed
TXN00001711,ACC0000638,2022-05-11,21:17:00,Interest,7643.99,Branch,Investment,9771.43,Failed
TXN00004635,ACC0000638,2022-10-13,22:23:00,Credit,3290.7,Mobile,Refund,9771.43,Pending
TXN00000876,ACC0000638,2023-03-16,12:43:00,Transfer,4853.26,Wire Transfer,Rent,9771.43,Pending
TXN00002843,ACC0000638,2023-11-02,17:55:00,Transfer,7205.76,Online,Transfer,9771.43,Pending
TXN00004868,ACC0000638,2024-08-13,19:25:00,Transfer,4508.08,Mobile,Transfer,9771.43,Pending
TXN00001389,ACC0000639,2022-12-30,9:45:00,Transfer,2260.77,Mobile,Investment,14375.61,Pending
TXN00001769,ACC0000639,2023-01-24,15:29:00,Credit,10844.53,Branch,Salary,14375.61,Failed
TXN00002154,ACC0000639,2023-02-06,15:12:00,ATM Withdrawal,2973.61,ATM,Rent,11402.0,Completed
TXN00003295,ACC0000639,2023-02-16,17:20:00,Debit,87.77,Online,Utility,11402.0,Failed
TXN00003990,ACC0000639,2023-07-12,21:34:00,Interest,11008.76,Online,Investment,11402.0,Failed
TXN00000194,ACC0000639,2023-08-06,11:42:00,ATM Withdrawal,9745.99,ATM,Purchase,11402.0,Failed
TXN00000330,ACC0000639,2023-08-24,11:40:00,ATM Withdrawal,8219.57,ATM,Utility,11402.0,Failed
TXN00003943,ACC0000639,2023-09-12,12:59:00,Credit,13589.45,Online,Investment,11402.0,Failed
TXN00004192,ACC0000639,2023-12-14,13:31:00,Transfer,9798.41,Online,Investment,1603.59,Completed
TXN00000608,ACC0000639,2024-11-23,14:08:00,ATM Withdrawal,1826.0,ATM,Purchase,1603.59,Failed
TXN00004163,ACC0000640,2022-03-17,15:40:00,Credit,11454.94,Mobile,Salary,65731.97,Completed
TXN00003097,ACC0000640,2022-10-29,12:02:00,Debit,5838.43,Online,Utility,65731.97,Pending
TXN00000315,ACC0000640,2022-12-31,18:43:00,Interest,7713.07,Online,Investment,73445.04,Completed
TXN00001070,ACC0000640,2023-05-06,19:50:00,Fee,12820.77,Online,Utility,73445.04,Pending
TXN00004923,ACC0000640,2023-11-30,9:21:00,Fee,6000.68,Branch,Utility,73445.04,Pending
TXN00000155,ACC0000640,2024-01-16,10:32:00,Interest,12190.23,Online,Investment,73445.04,Failed
TXN00004475,ACC0000641,2023-01-01,18:48:00,Transfer,14076.54,Online,Rent,56919.61,Pending
TXN00000669,ACC0000641,2023-01-11,21:51:00,ATM Withdrawal,8935.38,ATM,Rent,56919.61,Pending
TXN00001673,ACC0000641,2023-12-10,12:26:00,Credit,5474.0,Online,Investment,56919.61,Pending
TXN00003750,ACC0000641,2024-07-02,12:26:00,Debit,392.2,Online,Rent,56919.61,Failed
TXN00004207,ACC0000642,2023-01-31,20:32:00,Transfer,13006.01,Wire Transfer,Investment,8856.38,Completed
TXN00002326,ACC0000642,2023-04-22,8:36:00,Debit,4972.21,Mobile,Purchase,8856.38,Pending
TXN00003091,ACC0000642,2023-06-22,21:25:00,Debit,1148.88,Online,Purchase,8856.38,Failed
TXN00004267,ACC0000642,2023-09-19,11:35:00,Transfer,4333.11,Mobile,Investment,8856.38,Failed
TXN00000750,ACC0000642,2023-11-10,9:45:00,Interest,6445.84,Branch,Investment,8856.38,Pending
TXN00002013,ACC0000642,2023-12-29,18:48:00,Fee,484.53,Branch,Utility,8371.85,Completed
TXN00004021,ACC0000642,2024-01-24,21:00:00,Transfer,8179.77,Branch,Rent,192.08,Completed
TXN00002428,ACC0000642,2024-05-23,8:13:00,Transfer,1431.03,Branch,Investment,192.08,Failed
TXN00003274,ACC0000642,2024-10-09,17:27:00,Fee,187.08,Branch,Utility,5.0,Completed
TXN00001526,ACC0000642,2024-10-16,9:39:00,Interest,6128.26,Branch,Investment,5.0,Pending
TXN00003924,ACC0000642,2024-11-27,14:08:00,Fee,12407.19,Online,Utility,5.0,Pending
TXN00003833,ACC0000642,2024-11-27,18:10:00,Credit,13618.57,Branch,Refund,5.0,Failed
TXN00003676,ACC0000643,2022-03-18,19:00:00,Transfer,6464.7,Branch,Rent,20180.31,Failed
TXN00004713,ACC0000643,2022-07-22,10:33:00,Credit,4159.46,Mobile,Refund,20180.31,Pending
TXN00000616,ACC0000643,2022-10-30,20:43:00,Credit,4810.65,Online,Salary,24990.96,Completed
TXN00002841,ACC0000643,2022-11-06,15:47:00,ATM Withdrawal,13596.96,ATM,Utility,24990.96,Failed
TXN00003721,ACC0000643,2023-05-20,20:15:00,Fee,13108.95,Mobile,Utility,24990.96,Failed
TXN00004839,ACC0000643,2023-06-25,20:51:00,Transfer,2893.89,Mobile,Rent,24990.96,Pending
TXN00002330,ACC0000643,2023-09-03,16:44:00,Credit,11192.74,Mobile,Refund,36183.7,Completed
TXN00000004,ACC0000643,2023-09-04,8:11:00,Transfer,11453.77,Branch,Investment,24729.93,Completed
TXN00002571,ACC0000643,2023-10-26,12:33:00,Fee,10278.93,Mobile,Utility,14451.0,Completed
TXN00004811,ACC0000643,2024-04-04,14:37:00,Interest,4006.52,Online,Investment,14451.0,Failed
TXN00001677,ACC0000643,2024-05-27,14:21:00,Transfer,2794.07,Wire Transfer,Rent,14451.0,Pending
TXN00001613,ACC0000643,2024-07-28,20:42:00,Interest,13359.32,Online,Investment,27810.32,Completed
TXN00004489,ACC0000644,2022-01-20,17:46:00,Transfer,7575.86,Wire Transfer,Investment,14935.26,Failed
TXN00001293,ACC0000644,2023-05-15,14:16:00,Fee,8000.77,Mobile,Utility,14935.26,Failed
TXN00004003,ACC0000644,2024-10-13,11:53:00,Fee,11860.55,Branch,Utility,3074.71,Completed
TXN00001896,ACC0000644,2024-11-16,14:58:00,ATM Withdrawal,9664.38,ATM,Purchase,3074.71,Failed
TXN00002091,ACC0000645,2022-06-24,11:49:00,Interest,4686.16,Branch,Investment,8979.28,Failed
TXN00000851,ACC0000645,2022-07-10,20:24:00,Transfer,4720.71,Wire Transfer,Transfer,4258.57,Completed
TXN00002349,ACC0000645,2022-10-30,16:53:00,Interest,12567.02,Branch,Investment,4258.57,Failed
TXN00004426,ACC0000645,2023-04-12,15:07:00,Transfer,7278.34,Mobile,Investment,4258.57,Failed
TXN00000521,ACC0000645,2023-04-28,13:30:00,Credit,7422.02,Branch,Salary,4258.57,Failed
TXN00002175,ACC0000645,2023-12-29,15:46:00,Credit,5411.41,Mobile,Salary,4258.57,Failed
TXN00000652,ACC0000645,2024-03-15,17:13:00,Transfer,14603.78,Mobile,Rent,4258.57,Failed
TXN00000887,ACC0000646,2022-01-15,22:28:00,ATM Withdrawal,11244.1,ATM,Purchase,29744.35,Pending
TXN00001199,ACC0000646,2022-02-24,8:21:00,Credit,8972.24,Branch,Investment,29744.35,Failed
TXN00003094,ACC0000646,2024-05-05,16:17:00,Fee,1390.38,Branch,Utility,28353.97,Completed
TXN00002102,ACC0000646,2024-07-10,12:54:00,Fee,1469.63,Online,Utility,28353.97,Failed
TXN00001234,ACC0000646,2024-07-25,9:12:00,Fee,11536.02,Online,Utility,28353.97,Failed
TXN00004494,ACC0000646,2024-10-03,9:27:00,Transfer,12115.19,Online,Investment,16238.78,Completed
TXN00004933,ACC0000647,2023-12-21,8:36:00,Credit,5129.25,Online,Salary,37894.92,Completed
TXN00001375,ACC0000647,2024-04-09,16:30:00,Debit,4058.24,POS,Rent,37894.92,Failed
TXN00004020,ACC0000647,2024-05-17,19:15:00,ATM Withdrawal,8578.99,ATM,Utility,37894.92,Pending
TXN00002060,ACC0000647,2024-08-11,20:41:00,Credit,7539.2,Mobile,Salary,45434.12,Completed
TXN00003207,ACC0000647,2024-09-12,12:45:00,Debit,668.03,Online,Rent,45434.12,Failed
TXN00002395,ACC0000648,2022-12-04,17:49:00,Debit,193.56,Mobile,Purchase,46535.51,Pending
TXN00003507,ACC0000648,2023-04-22,13:29:00,Credit,4706.63,Online,Refund,46535.51,Failed
TXN00004198,ACC0000648,2023-06-22,11:39:00,Interest,316.6,Online,Investment,46535.51,Failed
TXN00003742,ACC0000648,2023-08-25,19:12:00,Fee,5586.86,Online,Utility,46535.51,Failed
TXN00004457,ACC0000648,2023-10-17,8:19:00,Debit,2417.44,POS,Utility,46535.51,Pending
TXN00003183,ACC0000648,2023-11-29,9:46:00,Interest,13550.53,Online,Investment,46535.51,Pending
TXN00000168,ACC0000648,2023-12-06,8:38:00,Transfer,10847.75,Online,Rent,46535.51,Pending
TXN00000552,ACC0000648,2024-02-17,15:03:00,Credit,14252.12,Mobile,Salary,60787.63,Completed
TXN00001347,ACC0000648,2024-03-17,16:55:00,Fee,12185.91,Mobile,Utility,48601.72,Completed
TXN00003672,ACC0000648,2024-09-07,17:39:00,ATM Withdrawal,11459.97,ATM,Purchase,37141.75,Completed
TXN00000322,ACC0000648,2024-10-27,20:25:00,Credit,7888.31,Mobile,Salary,37141.75,Failed
TXN00000041,ACC0000649,2022-07-19,20:52:00,Debit,2995.7,Online,Utility,18684.34,Completed
TXN00004885,ACC0000649,2022-07-21,13:51:00,Credit,12530.58,Branch,Investment,31214.92,Completed
TXN00004022,ACC0000649,2024-04-27,22:36:00,Fee,4730.19,Mobile,Utility,31214.92,Failed
TXN00001739,ACC0000649,2024-05-12,17:56:00,Fee,11251.14,Mobile,Utility,31214.92,Pending
TXN00002132,ACC0000649,2024-06-14,10:53:00,Interest,12438.3,Online,Investment,31214.92,Pending
TXN00001366,ACC0000650,2023-01-09,17:41:00,Debit,11989.94,Online,Utility,3596.33,Failed
TXN00002119,ACC0000650,2023-10-23,12:35:00,Transfer,4855.36,Branch,Investment,3596.33,Pending
TXN00003556,ACC0000650,2023-12-21,16:23:00,Interest,2026.87,Branch,Investment,3596.33,Pending
TXN00001080,ACC0000650,2024-01-10,13:29:00,Credit,5950.18,Online,Refund,9546.51,Completed
TXN00004862,ACC0000650,2024-05-04,12:28:00,Interest,9090.72,Online,Investment,9546.51,Pending
TXN00000397,ACC0000650,2024-08-18,11:42:00,Debit,10278.64,POS,Rent,9546.51,Failed
TXN00001974,ACC0000651,2022-03-18,20:01:00,Fee,2070.94,Online,Utility,19549.63,Pending
TXN00004894,ACC0000651,2022-04-25,14:43:00,ATM Withdrawal,14950.8,ATM,Rent,19549.63,Pending
TXN00004679,ACC0000651,2022-10-19,12:46:00,Transfer,932.07,Mobile,Transfer,19549.63,Failed
TXN00000442,ACC0000651,2023-08-12,16:23:00,Credit,9.1,Mobile,Salary,19549.63,Pending
TXN00002249,ACC0000651,2023-09-13,14:30:00,Fee,1878.87,Mobile,Utility,19549.63,Failed
TXN00003615,ACC0000651,2023-12-25,9:40:00,ATM Withdrawal,4149.66,ATM,Utility,19549.63,Pending
TXN00003155,ACC0000651,2023-12-29,20:56:00,Credit,6241.38,Mobile,Salary,19549.63,Pending
TXN00002058,ACC0000651,2024-06-28,11:11:00,Interest,3816.55,Branch,Investment,19549.63,Failed
TXN00004224,ACC0000651,2024-08-14,20:50:00,Transfer,6267.99,Branch,Investment,19549.63,Pending
TXN00002619,ACC0000651,2024-11-15,15:46:00,Interest,1934.87,Online,Investment,19549.63,Failed
TXN00003705,ACC0000652,2022-01-27,13:07:00,Transfer,14992.14,Mobile,Rent,44951.47,Pending
TXN00001834,ACC0000652,2022-05-15,20:22:00,Debit,5652.91,Mobile,Utility,39298.56,Completed
TXN00002467,ACC0000652,2023-01-23,10:15:00,Fee,8042.81,Online,Utility,39298.56,Failed
TXN00000350,ACC0000652,2023-04-13,11:17:00,Fee,13572.91,Branch,Utility,39298.56,Failed
TXN00000166,ACC0000652,2023-07-26,8:08:00,Credit,2210.29,Mobile,Salary,41508.85,Completed
TXN00000072,ACC0000652,2023-11-08,17:39:00,Transfer,10726.41,Branch,Investment,30782.44,Completed
TXN00003217,ACC0000652,2024-06-07,22:22:00,Fee,28.03,Mobile,Utility,30754.41,Completed
TXN00001108,ACC0000652,2024-12-01,12:20:00,Transfer,9024.64,Mobile,Rent,30754.41,Pending
TXN00003008,ACC0000653,2022-02-15,10:38:00,ATM Withdrawal,4509.04,ATM,Utility,7275.08,Completed
TXN00004500,ACC0000653,2022-09-01,13:19:00,ATM Withdrawal,218.12,ATM,Utility,7275.08,Failed
TXN00001196,ACC0000653,2022-10-22,12:49:00,Transfer,1082.35,Wire Transfer,Transfer,6192.73,Completed
TXN00004141,ACC0000653,2022-11-22,15:24:00,Transfer,6255.97,Mobile,Transfer,6192.73,Failed
TXN00000571,ACC0000653,2022-11-29,9:34:00,Transfer,3935.49,Online,Transfer,2257.24,Completed
TXN00001058,ACC0000653,2023-01-12,21:46:00,Credit,862.0,Branch,Refund,2257.24,Failed
TXN00000199,ACC0000653,2023-04-23,15:11:00,Transfer,365.73,Mobile,Investment,2257.24,Failed
TXN00002866,ACC0000653,2023-09-16,8:20:00,Interest,12419.88,Online,Investment,2257.24,Failed
TXN00004482,ACC0000653,2024-02-09,18:57:00,Debit,8599.61,Mobile,Rent,2257.24,Failed
TXN00003191,ACC0000653,2024-02-14,15:21:00,Interest,9455.26,Branch,Investment,11712.5,Completed
TXN00000059,ACC0000653,2024-06-13,19:12:00,Transfer,2030.33,Online,Investment,11712.5,Failed
TXN00004338,ACC0000653,2024-07-08,18:22:00,Transfer,10515.29,Online,Rent,11712.5,Failed
TXN00000344,ACC0000653,2024-07-26,10:32:00,Transfer,1639.1,Branch,Rent,11712.5,Failed
TXN00001904,ACC0000654,2023-10-11,20:05:00,ATM Withdrawal,2249.13,ATM,Rent,43308.58,Failed
TXN00003504,ACC0000654,2023-11-19,14:50:00,Interest,7745.04,Online,Investment,43308.58,Pending
TXN00002327,ACC0000654,2024-03-23,16:35:00,Transfer,12911.39,Wire Transfer,Investment,43308.58,Failed
TXN00002050,ACC0000654,2024-11-09,18:49:00,Fee,11371.47,Branch,Utility,43308.58,Failed
TXN00004063,ACC0000655,2022-09-01,15:51:00,Transfer,2487.86,Branch,Rent,1272.76,Completed
TXN00000328,ACC0000655,2022-11-02,21:24:00,Credit,6452.42,Branch,Refund,1272.76,Failed
TXN00000884,ACC0000655,2022-11-23,18:01:00,Transfer,11148.96,Wire Transfer,Investment,1272.76,Failed
TXN00001046,ACC0000655,2023-04-06,19:39:00,Fee,6473.23,Online,Utility,1272.76,Pending
TXN00001418,ACC0000655,2023-08-20,14:37:00,Transfer,7641.28,Wire Transfer,Investment,1272.76,Failed
TXN00003569,ACC0000655,2024-01-08,15:21:00,ATM Withdrawal,1999.33,ATM,Utility,1272.76,Failed
TXN00001703,ACC0000655,2024-02-25,15:17:00,Fee,6682.77,Online,Utility,1272.76,Failed
TXN00002528,ACC0000655,2024-11-15,12:10:00,Fee,12.08,Mobile,Utility,1272.76,Pending
TXN00004983,ACC0000656,2023-06-22,15:34:00,Debit,5719.53,Mobile,Purchase,7042.87,Completed
TXN00002412,ACC0000656,2023-07-07,21:05:00,Fee,93.95,Branch,Utility,6948.92,Completed
TXN00000065,ACC0000656,2023-07-26,9:41:00,ATM Withdrawal,5631.75,ATM,Utility,1317.17,Completed
TXN00002535,ACC0000656,2023-08-28,14:52:00,Interest,8923.23,Online,Investment,1317.17,Pending
TXN00000064,ACC0000656,2024-01-17,10:52:00,Fee,248.07,Branch,Utility,1069.1,Completed
TXN00001826,ACC0000656,2024-03-20,14:15:00,Debit,1064.1,Online,Utility,5.0,Completed
TXN00004283,ACC0000656,2024-04-15,16:59:00,Interest,8241.92,Online,Investment,5.0,Failed
TXN00003199,ACC0000656,2024-06-17,13:13:00,Interest,11033.7,Branch,Investment,5.0,Pending
TXN00003100,ACC0000657,2021-03-05,20:10:00,ATM Withdrawal,50.43,ATM,Purchase,42361.55,Pending
TXN00000303,ACC0000657,2022-01-09,11:23:00,Transfer,5582.0,Mobile,Rent,36779.55,Completed
TXN00003404,ACC0000657,2022-01-09,21:21:00,Transfer,611.91,Online,Transfer,36167.64,Completed
TXN00000202,ACC0000657,2022-03-09,10:52:00,Debit,11483.9,Mobile,Rent,36167.64,Failed
TXN00004533,ACC0000657,2022-05-27,9:41:00,Debit,14330.23,Online,Utility,36167.64,Pending
TXN00002298,ACC0000657,2022-06-06,8:28:00,Fee,12779.41,Online,Utility,36167.64,Failed
TXN00004532,ACC0000658,2022-03-13,18:55:00,Fee,3379.32,Mobile,Utility,26871.89,Completed
TXN00001484,ACC0000658,2022-08-21,15:04:00,Interest,6119.73,Online,Investment,26871.89,Failed
TXN00004114,ACC0000658,2023-02-03,20:46:00,Fee,4586.77,Online,Utility,22285.12,Completed
TXN00001227,ACC0000658,2023-06-28,11:32:00,Transfer,8750.94,Mobile,Transfer,22285.12,Pending
TXN00000895,ACC0000658,2023-07-22,14:02:00,Credit,674.5,Branch,Refund,22285.12,Pending
TXN00004095,ACC0000658,2023-10-24,18:03:00,ATM Withdrawal,8755.01,ATM,Utility,22285.12,Failed
TXN00003476,ACC0000658,2024-02-05,12:12:00,ATM Withdrawal,6771.15,ATM,Rent,15513.97,Completed
TXN00001642,ACC0000658,2024-02-28,13:30:00,Credit,5801.73,Mobile,Salary,15513.97,Pending
TXN00003962,ACC0000658,2024-10-03,19:15:00,Interest,5510.19,Branch,Investment,21024.16,Completed
TXN00003143,ACC0000658,2024-12-18,19:33:00,Debit,8384.09,Online,Purchase,12640.07,Completed
TXN00001198,ACC0000659,2022-04-08,17:23:00,Debit,3576.14,POS,Rent,48886.09,Completed
TXN00001894,ACC0000659,2022-05-14,13:39:00,Debit,3543.76,POS,Rent,48886.09,Pending
TXN00002403,ACC0000659,2022-09-07,18:12:00,Fee,4137.6,Branch,Utility,48886.09,Pending
TXN00003092,ACC0000659,2022-10-28,11:58:00,ATM Withdrawal,1550.17,ATM,Purchase,48886.09,Failed
TXN00001612,ACC0000659,2023-01-11,16:01:00,Interest,7875.74,Branch,Investment,48886.09,Failed
TXN00002904,ACC0000659,2023-09-03,22:38:00,Interest,7726.69,Online,Investment,56612.78,Completed
TXN00003021,ACC0000660,2022-03-18,19:20:00,Transfer,11493.08,Wire Transfer,Investment,2434.71,Completed
TXN00004574,ACC0000660,2022-08-07,15:09:00,Interest,12061.52,Online,Investment,2434.71,Pending
TXN00000958,ACC0000660,2022-11-18,21:24:00,Debit,2959.26,Mobile,Utility,2434.71,Pending
TXN00003700,ACC0000660,2024-05-11,12:06:00,Interest,4585.77,Branch,Investment,2434.71,Pending
TXN00003683,ACC0000660,2024-12-02,8:11:00,Transfer,13275.92,Mobile,Investment,2434.71,Failed
TXN00004973,ACC0000661,2022-08-27,15:42:00,ATM Withdrawal,6117.54,ATM,Purchase,42137.73,Completed
TXN00000625,ACC0000661,2022-10-14,15:05:00,Debit,13483.29,Mobile,Purchase,28654.44,Completed
TXN00002993,ACC0000661,2023-10-28,14:57:00,ATM Withdrawal,10143.72,ATM,Purchase,28654.44,Pending
TXN00000744,ACC0000661,2024-06-16,17:05:00,Interest,9039.53,Branch,Investment,28654.44,Failed
TXN00003071,ACC0000662,2022-09-23,20:49:00,Fee,6342.34,Branch,Utility,5045.29,Pending
TXN00000308,ACC0000662,2022-12-24,12:06:00,ATM Withdrawal,1292.6,ATM,Purchase,5045.29,Pending
TXN00004943,ACC0000662,2023-04-04,19:18:00,Debit,14453.93,POS,Rent,5045.29,Pending
TXN00001085,ACC0000662,2023-04-16,11:11:00,Fee,4406.48,Online,Utility,5045.29,Failed
TXN00000481,ACC0000662,2023-07-01,19:56:00,Transfer,3086.73,Online,Investment,1958.56,Completed
TXN00003698,ACC0000662,2024-11-08,14:54:00,Transfer,1705.47,Mobile,Investment,1958.56,Pending
TXN00003594,ACC0000662,2024-11-11,22:31:00,Fee,1700.28,Online,Utility,258.28,Completed
TXN00000116,ACC0000663,2023-07-22,19:07:00,Debit,5924.36,POS,Utility,1472.8,Completed
TXN00004433,ACC0000663,2023-09-28,13:43:00,Fee,9663.29,Mobile,Utility,1472.8,Pending
TXN00003920,ACC0000663,2024-05-27,15:53:00,Interest,8633.66,Branch,Investment,1472.8,Pending
TXN00002342,ACC0000663,2024-07-05,20:45:00,ATM Withdrawal,1955.86,ATM,Utility,1472.8,Pending
TXN00003599,ACC0000663,2024-07-29,21:56:00,Debit,10884.4,Mobile,Utility,1472.8,Pending
TXN00002664,ACC0000663,2024-08-10,17:17:00,Interest,14518.14,Online,Investment,15990.94,Completed
TXN00004759,ACC0000663,2024-08-15,16:31:00,Fee,4741.27,Branch,Utility,15990.94,Failed
TXN00004251,ACC0000663,2024-08-21,16:25:00,Transfer,6702.51,Branch,Investment,9288.43,Completed
TXN00002153,ACC0000663,2024-11-10,14:14:00,Interest,4438.03,Online,Investment,9288.43,Pending
TXN00004738,ACC0000664,2022-04-27,13:48:00,Credit,5496.71,Mobile,Refund,58534.48,Pending
TXN00001359,ACC0000664,2022-09-06,19:41:00,Debit,9685.77,Online,Utility,48848.71,Completed
TXN00003334,ACC0000664,2022-11-18,12:13:00,Debit,4905.97,Online,Rent,48848.71,Failed
TXN00000485,ACC0000664,2022-11-27,8:50:00,Credit,9852.67,Online,Refund,48848.71,Pending
TXN00004530,ACC0000664,2023-11-17,11:13:00,Debit,3612.89,POS,Rent,48848.71,Pending
TXN00000511,ACC0000664,2024-02-16,18:08:00,Transfer,2542.59,Wire Transfer,Investment,48848.71,Pending
TXN00001891,ACC0000664,2024-06-27,10:38:00,Interest,3895.69,Branch,Investment,48848.71,Failed
TXN00001382,ACC0000664,2024-07-04,13:59:00,Credit,12788.07,Mobile,Salary,61636.78,Completed
TXN00004424,ACC0000664,2024-07-14,12:48:00,Debit,7006.95,Mobile,Utility,61636.78,Failed
TXN00003162,ACC0000665,2022-03-14,15:20:00,ATM Withdrawal,6483.94,ATM,Utility,7483.76,Pending
TXN00001457,ACC0000665,2022-04-02,14:13:00,ATM Withdrawal,3953.88,ATM,Rent,7483.76,Pending
TXN00004118,ACC0000665,2022-05-31,8:14:00,Credit,14485.12,Mobile,Refund,7483.76,Failed
TXN00001502,ACC0000665,2022-10-11,19:23:00,Interest,1495.59,Branch,Investment,7483.76,Failed
TXN00001352,ACC0000665,2022-11-29,15:46:00,Debit,2145.55,POS,Utility,7483.76,Pending
TXN00004620,ACC0000665,2023-01-08,9:37:00,Transfer,1263.79,Wire Transfer,Investment,7483.76,Failed
TXN00003296,ACC0000665,2023-09-21,18:49:00,Interest,3526.53,Branch,Investment,7483.76,Pending
TXN00002692,ACC0000665,2023-10-02,18:25:00,Debit,13765.78,POS,Purchase,7483.76,Pending
TXN00003124,ACC0000665,2023-12-25,13:05:00,Fee,1954.5,Mobile,Utility,5529.26,Completed
TXN00000205,ACC0000665,2024-04-04,9:22:00,Debit,7030.53,POS,Purchase,5529.26,Failed
TXN00004038,ACC0000665,2024-11-04,13:21:00,Interest,3089.1,Branch,Investment,5529.26,Pending
TXN00001203,ACC0000666,2022-01-23,17:04:00,Interest,5600.62,Online,Investment,64860.0,Completed
TXN00002484,ACC0000666,2022-05-22,9:17:00,Transfer,9757.61,Branch,Rent,55102.39,Completed
TXN00001880,ACC0000666,2022-06-03,8:41:00,Transfer,12021.43,Wire Transfer,Transfer,55102.39,Failed
TXN00002114,ACC0000666,2022-10-11,13:28:00,Transfer,5270.4,Wire Transfer,Transfer,55102.39,Pending
TXN00002206,ACC0000666,2022-10-15,20:25:00,Debit,12076.34,POS,Purchase,55102.39,Failed
TXN00003737,ACC0000666,2022-10-27,16:57:00,Debit,13658.36,POS,Rent,55102.39,Failed
TXN00003662,ACC0000666,2022-12-29,14:04:00,Debit,196.67,POS,Purchase,55102.39,Failed
TXN00002072,ACC0000666,2022-12-31,19:54:00,Transfer,2881.22,Branch,Transfer,55102.39,Failed
TXN00003913,ACC0000666,2024-05-12,19:58:00,Debit,5266.06,POS,Utility,55102.39,Pending
TXN00002598,ACC0000666,2024-10-15,13:48:00,ATM Withdrawal,7101.96,ATM,Rent,55102.39,Pending
TXN00004998,ACC0000666,2024-12-09,11:09:00,Credit,12862.46,Online,Investment,67964.85,Completed
TXN00003798,ACC0000667,2022-05-16,14:38:00,Credit,6326.66,Online,Salary,28532.12,Completed
TXN00001275,ACC0000667,2024-01-11,8:53:00,Credit,13043.3,Branch,Refund,41575.42,Completed
TXN00000061,ACC0000667,2024-08-08,9:59:00,Transfer,14941.86,Branch,Rent,26633.56,Completed
TXN00004415,ACC0000668,2022-08-09,14:16:00,Credit,6662.12,Branch,Investment,59598.69,Failed
TXN00000473,ACC0000668,2022-12-03,15:01:00,Credit,4022.44,Online,Investment,59598.69,Failed
TXN00002934,ACC0000668,2022-12-09,18:17:00,Debit,7093.67,POS,Utility,59598.69,Failed
TXN00001285,ACC0000668,2022-12-20,21:04:00,ATM Withdrawal,6731.21,ATM,Rent,59598.69,Pending
TXN00003851,ACC0000668,2023-03-08,15:04:00,Transfer,13136.49,Online,Investment,46462.2,Completed
TXN00003026,ACC0000668,2023-03-09,10:52:00,Fee,8105.34,Online,Utility,38356.86,Completed
TXN00000519,ACC0000668,2023-10-14,15:25:00,Debit,9259.9,Online,Purchase,29096.96,Completed
TXN00001351,ACC0000668,2024-01-13,18:38:00,Fee,5528.75,Online,Utility,29096.96,Pending
TXN00004890,ACC0000669,2022-06-29,11:10:00,Transfer,1601.43,Branch,Investment,14475.31,Pending
TXN00000979,ACC0000669,2022-10-26,15:22:00,Transfer,13362.85,Mobile,Transfer,1112.46,Completed
TXN00000045,ACC0000669,2023-01-25,14:57:00,Credit,1621.73,Online,Salary,2734.19,Completed
TXN00003825,ACC0000669,2023-03-19,8:43:00,Credit,13620.85,Branch,Refund,2734.19,Failed
TXN00001937,ACC0000669,2023-09-08,18:10:00,Debit,8283.36,POS,Utility,2734.19,Failed
TXN00003400,ACC0000669,2023-10-05,10:59:00,Fee,9922.32,Mobile,Utility,2734.19,Failed
TXN00002376,ACC0000669,2024-03-20,21:38:00,Credit,3302.18,Branch,Investment,2734.19,Pending
TXN00002452,ACC0000669,2024-05-14,18:54:00,ATM Withdrawal,10585.1,ATM,Purchase,2734.19,Failed
TXN00003638,ACC0000669,2024-05-18,14:05:00,Credit,9126.23,Branch,Refund,11860.42,Completed
TXN00004640,ACC0000669,2024-08-13,13:05:00,Fee,12546.62,Online,Utility,11860.42,Failed
TXN00002889,ACC0000670,2022-03-12,8:15:00,Fee,12944.1,Mobile,Utility,13475.15,Failed
TXN00001175,ACC0000670,2022-08-17,8:02:00,Fee,12166.26,Branch,Utility,1308.89,Completed
TXN00004834,ACC0000670,2022-09-01,19:13:00,Credit,9490.96,Mobile,Salary,1308.89,Pending
TXN00002721,ACC0000670,2023-01-30,15:58:00,Credit,5327.88,Branch,Salary,1308.89,Failed
TXN00000965,ACC0000670,2023-03-09,19:18:00,ATM Withdrawal,751.7,ATM,Rent,557.19,Completed
TXN00002729,ACC0000670,2023-10-30,19:15:00,Credit,11962.58,Branch,Refund,12519.77,Completed
TXN00004895,ACC0000670,2024-10-26,18:10:00,Credit,1952.02,Online,Salary,12519.77,Failed
TXN00003389,ACC0000671,2022-07-03,12:43:00,Fee,5161.77,Online,Utility,1961.29,Completed
TXN00000623,ACC0000671,2022-11-16,14:16:00,Debit,967.35,Online,Rent,993.94,Completed
TXN00004004,ACC0000671,2023-05-18,10:35:00,Transfer,5733.33,Branch,Transfer,993.94,Failed
TXN00004984,ACC0000671,2023-07-19,17:01:00,Interest,14776.17,Branch,Investment,993.94,Failed
TXN00001921,ACC0000671,2023-10-03,19:03:00,Credit,8088.82,Branch,Refund,993.94,Pending
TXN00004443,ACC0000671,2023-11-28,16:45:00,Interest,326.1,Branch,Investment,993.94,Failed
TXN00004549,ACC0000671,2024-06-29,21:35:00,Debit,701.96,Mobile,Rent,291.98,Completed
TXN00003646,ACC0000671,2024-07-09,17:18:00,Credit,14876.29,Mobile,Investment,291.98,Failed
TXN00003577,ACC0000671,2024-09-13,16:42:00,Debit,222.61,Mobile,Rent,69.37,Completed
TXN00003714,ACC0000672,2022-02-22,10:45:00,Fee,930.06,Branch,Utility,42135.64,Pending
TXN00002500,ACC0000672,2022-09-12,18:26:00,Interest,2299.6,Branch,Investment,42135.64,Pending
TXN00004208,ACC0000672,2023-01-31,12:07:00,Interest,115.41,Online,Investment,42251.05,Completed
TXN00002882,ACC0000672,2024-08-17,20:46:00,ATM Withdrawal,13295.38,ATM,Rent,28955.67,Completed
TXN00001060,ACC0000672,2024-08-30,14:02:00,Interest,5604.84,Online,Investment,34560.51,Completed
TXN00001513,ACC0000672,2024-11-20,8:37:00,ATM Withdrawal,738.36,ATM,Utility,33822.15,Completed
TXN00002660,ACC0000673,2022-09-28,19:09:00,Debit,4015.74,POS,Rent,32711.91,Completed
TXN00004027,ACC0000673,2022-12-05,11:46:00,Fee,633.5,Mobile,Utility,32711.91,Pending
TXN00004557,ACC0000673,2023-10-12,10:08:00,Transfer,7164.81,Mobile,Rent,25547.1,Completed
TXN00004127,ACC0000673,2023-11-22,11:16:00,ATM Withdrawal,6566.46,ATM,Rent,25547.1,Pending
TXN00003716,ACC0000673,2024-08-25,20:46:00,ATM Withdrawal,13345.24,ATM,Purchase,25547.1,Failed
TXN00001761,ACC0000673,2024-11-06,16:55:00,Credit,11296.5,Online,Salary,36843.6,Completed
TXN00001090,ACC0000674,2022-02-12,22:15:00,Fee,1982.65,Online,Utility,4464.3,Completed
TXN00002596,ACC0000674,2022-03-20,9:08:00,Fee,11491.0,Branch,Utility,4464.3,Failed
TXN00003955,ACC0000674,2022-04-07,22:05:00,Debit,11867.23,Mobile,Purchase,4464.3,Pending
TXN00001606,ACC0000674,2023-04-30,19:18:00,ATM Withdrawal,3685.02,ATM,Purchase,4464.3,Pending
TXN00004736,ACC0000674,2023-07-03,10:02:00,Credit,12308.15,Mobile,Refund,4464.3,Pending
TXN00003770,ACC0000674,2023-10-25,13:18:00,ATM Withdrawal,4860.23,ATM,Utility,4464.3,Failed
TXN00004405,ACC0000674,2023-12-04,17:39:00,Transfer,471.71,Wire Transfer,Rent,4464.3,Failed
TXN00003589,ACC0000675,2023-01-04,15:02:00,Interest,2577.57,Online,Investment,59397.54,Pending
TXN00001015,ACC0000675,2023-05-02,20:10:00,Transfer,13689.8,Branch,Transfer,45707.74,Completed
TXN00000835,ACC0000675,2023-05-29,14:15:00,Credit,3445.03,Online,Refund,45707.74,Failed
TXN00003273,ACC0000675,2023-10-29,20:43:00,ATM Withdrawal,14771.36,ATM,Rent,45707.74,Failed
TXN00003380,ACC0000675,2024-04-07,8:08:00,Debit,7187.39,POS,Rent,45707.74,Pending
TXN00003866,ACC0000675,2024-09-14,12:37:00,Fee,6701.3,Mobile,Utility,39006.44,Completed
TXN00004598,ACC0000675,2024-10-16,11:35:00,Credit,11837.3,Mobile,Salary,39006.44,Failed
TXN00003809,ACC0000676,2023-03-04,9:59:00,ATM Withdrawal,13666.38,ATM,Utility,2041.93,Pending
TXN00000570,ACC0000676,2023-05-27,21:03:00,Transfer,1116.21,Online,Rent,925.72,Completed
TXN00002088,ACC0000676,2023-06-25,8:14:00,Debit,14987.6,Mobile,Utility,925.72,Pending
TXN00000240,ACC0000676,2023-09-22,10:28:00,ATM Withdrawal,846.93,ATM,Rent,78.79,Completed
TXN00000804,ACC0000676,2024-12-07,11:44:00,Transfer,61.68,Mobile,Transfer,17.11,Completed
TXN00002546,ACC0000677,2023-04-16,17:07:00,Fee,9838.84,Branch,Utility,4539.89,Failed
TXN00002440,ACC0000677,2023-05-04,20:59:00,Interest,1014.54,Online,Investment,4539.89,Failed
TXN00004651,ACC0000677,2023-05-11,18:38:00,Debit,3239.36,POS,Rent,1300.53,Completed
TXN00002282,ACC0000677,2023-06-16,22:19:00,Fee,2896.54,Online,Utility,1300.53,Pending
TXN00001559,ACC0000677,2023-07-14,11:50:00,ATM Withdrawal,589.72,ATM,Rent,710.81,Completed
TXN00004634,ACC0000677,2023-09-24,17:25:00,Interest,1628.16,Online,Investment,2338.97,Completed
TXN00004717,ACC0000677,2024-04-07,17:47:00,Interest,2538.86,Branch,Investment,2338.97,Failed
TXN00002879,ACC0000677,2024-06-09,15:35:00,Interest,1972.49,Branch,Investment,2338.97,Failed
TXN00004509,ACC0000677,2024-07-19,15:16:00,Credit,2841.44,Online,Salary,5180.41,Completed
TXN00004964,ACC0000677,2024-11-22,22:43:00,Transfer,3824.46,Mobile,Investment,1355.95,Completed
TXN00002921,ACC0000678,2022-01-18,18:41:00,Interest,10286.59,Branch,Investment,30243.61,Failed
TXN00003574,ACC0000678,2022-01-25,11:04:00,Credit,12634.3,Online,Salary,42877.91,Completed
TXN00001770,ACC0000678,2022-02-26,21:02:00,Fee,11981.87,Online,Utility,42877.91,Failed
TXN00001095,ACC0000678,2023-03-04,17:50:00,Fee,13527.96,Branch,Utility,42877.91,Failed
TXN00002028,ACC0000678,2023-05-01,20:06:00,Fee,10947.48,Mobile,Utility,42877.91,Failed
TXN00000878,ACC0000678,2023-05-05,20:52:00,ATM Withdrawal,10261.14,ATM,Purchase,42877.91,Pending
TXN00003789,ACC0000678,2023-09-07,17:17:00,Interest,5088.05,Branch,Investment,47965.96,Completed
TXN00002126,ACC0000678,2023-12-14,8:19:00,Credit,14806.67,Mobile,Investment,62772.63,Completed
TXN00001354,ACC0000678,2024-02-17,19:58:00,Transfer,3480.17,Mobile,Rent,59292.46,Completed
TXN00004612,ACC0000678,2024-04-06,17:13:00,Transfer,4702.93,Mobile,Transfer,59292.46,Pending
TXN00004971,ACC0000678,2024-10-10,16:32:00,Debit,3593.33,Mobile,Purchase,59292.46,Failed
TXN00004586,ACC0000679,2024-02-05,10:09:00,ATM Withdrawal,14717.31,ATM,Utility,37420.11,Completed
TXN00001302,ACC0000679,2024-03-23,13:56:00,Transfer,5744.95,Online,Transfer,31675.16,Completed
TXN00000557,ACC0000679,2024-04-25,17:32:00,Fee,8823.49,Branch,Utility,22851.67,Completed
TXN00000256,ACC0000679,2024-09-01,14:22:00,Debit,6812.11,POS,Rent,16039.56,Completed
TXN00003993,ACC0000680,2022-04-16,20:56:00,Credit,5057.15,Online,Salary,58057.63,Completed
TXN00000504,ACC0000680,2022-11-12,17:06:00,ATM Withdrawal,13338.15,ATM,Rent,58057.63,Pending
TXN00003836,ACC0000680,2023-05-21,21:08:00,Debit,7024.41,Online,Utility,58057.63,Failed
TXN00004371,ACC0000680,2024-01-10,21:54:00,ATM Withdrawal,3851.87,ATM,Rent,54205.76,Completed
TXN00002746,ACC0000681,2022-01-05,13:58:00,Credit,14943.43,Mobile,Refund,21164.16,Failed
TXN00004746,ACC0000681,2022-05-27,8:46:00,Transfer,7111.58,Wire Transfer,Rent,14052.58,Completed
TXN00003402,ACC0000681,2022-06-12,21:11:00,Fee,10509.06,Online,Utility,3543.52,Completed
TXN00001193,ACC0000681,2023-03-03,20:57:00,Transfer,10109.94,Online,Transfer,3543.52,Failed
TXN00004618,ACC0000681,2023-11-30,11:13:00,Transfer,3346.96,Mobile,Investment,196.56,Completed
TXN00002875,ACC0000681,2024-11-20,18:16:00,Interest,7363.1,Online,Investment,196.56,Failed
TXN00000022,ACC0000682,2023-04-01,14:58:00,Credit,9651.82,Online,Investment,6750.72,Failed
TXN00001156,ACC0000682,2023-05-27,13:03:00,Credit,13830.84,Mobile,Salary,20581.56,Completed
TXN00002041,ACC0000682,2023-07-05,11:12:00,Credit,10760.91,Mobile,Investment,31342.47,Completed
TXN00002280,ACC0000682,2023-08-30,11:53:00,Interest,12131.88,Online,Investment,31342.47,Pending
TXN00003810,ACC0000682,2023-10-25,21:06:00,ATM Withdrawal,10838.67,ATM,Rent,31342.47,Failed
TXN00004724,ACC0000682,2024-04-05,10:57:00,Fee,6544.29,Online,Utility,31342.47,Failed
TXN00004470,ACC0000682,2024-05-13,19:40:00,ATM Withdrawal,3901.54,ATM,Rent,31342.47,Pending
TXN00003497,ACC0000682,2024-07-17,14:45:00,Fee,3691.68,Branch,Utility,31342.47,Failed
TXN00004546,ACC0000682,2024-11-06,10:57:00,Credit,12402.85,Online,Refund,31342.47,Pending
TXN00002357,ACC0000683,2023-07-17,10:11:00,Fee,2008.47,Branch,Utility,39794.94,Pending
TXN00004073,ACC0000683,2023-09-26,20:31:00,Interest,5600.13,Branch,Investment,39794.94,Failed
TXN00004015,ACC0000683,2023-11-14,17:29:00,Credit,10075.88,Online,Salary,39794.94,Pending
TXN00003717,ACC0000683,2023-12-27,16:13:00,Credit,14424.5,Branch,Investment,54219.44,Completed
TXN00003606,ACC0000683,2024-01-05,22:45:00,Interest,6009.78,Branch,Investment,54219.44,Failed
TXN00001915,ACC0000683,2024-02-04,15:35:00,Transfer,13966.48,Branch,Transfer,54219.44,Pending
TXN00001295,ACC0000683,2024-05-12,19:45:00,Fee,4566.01,Mobile,Utility,54219.44,Failed
TXN00000338,ACC0000683,2024-06-26,18:27:00,Transfer,8779.19,Branch,Transfer,54219.44,Failed
TXN00004637,ACC0000683,2024-07-12,19:07:00,Interest,10456.09,Branch,Investment,54219.44,Pending
TXN00002278,ACC0000683,2024-08-21,9:04:00,Interest,1360.08,Online,Investment,54219.44,Failed
TXN00003736,ACC0000683,2024-09-16,18:39:00,Credit,9906.15,Branch,Investment,64125.59,Completed
TXN00004408,ACC0000683,2024-11-13,22:19:00,Transfer,9784.7,Branch,Rent,64125.59,Pending
TXN00001733,ACC0000683,2024-11-23,17:00:00,Interest,6574.78,Online,Investment,64125.59,Pending
TXN00002320,ACC0000684,2023-01-03,15:33:00,Credit,4729.48,Mobile,Salary,7441.41,Failed
TXN00003348,ACC0000684,2023-01-28,15:51:00,Credit,8979.61,Branch,Refund,7441.41,Failed
TXN00000035,ACC0000684,2023-07-08,10:46:00,Interest,8568.32,Branch,Investment,7441.41,Pending
TXN00004046,ACC0000684,2023-08-20,20:24:00,Transfer,3098.11,Branch,Transfer,7441.41,Failed
TXN00000555,ACC0000684,2023-09-25,21:39:00,Interest,6640.26,Online,Investment,7441.41,Failed
TXN00003368,ACC0000684,2023-09-27,10:42:00,Interest,10558.27,Branch,Investment,17999.68,Completed
TXN00004093,ACC0000684,2023-10-01,13:46:00,Credit,9632.35,Branch,Salary,17999.68,Failed
TXN00001097,ACC0000684,2023-11-03,10:35:00,ATM Withdrawal,12687.57,ATM,Utility,5312.11,Completed
TXN00000938,ACC0000684,2024-03-26,12:01:00,Fee,2849.03,Branch,Utility,5312.11,Pending
TXN00004253,ACC0000684,2024-07-05,22:20:00,ATM Withdrawal,9757.95,ATM,Rent,5312.11,Failed
TXN00003333,ACC0000684,2024-10-15,19:31:00,ATM Withdrawal,3058.21,ATM,Utility,5312.11,Failed
TXN00004741,ACC0000685,2023-01-22,15:29:00,Transfer,3226.44,Wire Transfer,Rent,41273.2,Completed
TXN00000905,ACC0000685,2023-12-20,11:39:00,Debit,6401.38,Mobile,Utility,34871.82,Completed
TXN00000345,ACC0000685,2024-02-04,13:55:00,Interest,11194.63,Online,Investment,46066.45,Completed
TXN00002165,ACC0000685,2024-05-27,17:49:00,Fee,6462.13,Branch,Utility,46066.45,Pending
TXN00003023,ACC0000685,2024-08-15,17:55:00,ATM Withdrawal,9035.11,ATM,Purchase,46066.45,Failed
TXN00003633,ACC0000685,2024-08-28,11:23:00,Interest,10475.92,Branch,Investment,56542.37,Completed
TXN00002462,ACC0000685,2024-09-13,16:21:00,Credit,10142.31,Online,Investment,56542.37,Pending
TXN00003076,ACC0000685,2024-12-30,21:37:00,ATM Withdrawal,7257.14,ATM,Utility,49285.23,Completed
TXN00004815,ACC0000686,2023-01-29,10:09:00,Debit,3147.95,POS,Utility,28699.05,Pending
TXN00004466,ACC0000686,2023-03-12,8:49:00,Transfer,9519.27,Mobile,Rent,28699.05,Failed
TXN00004382,ACC0000686,2023-06-29,20:36:00,Interest,10665.72,Online,Investment,28699.05,Pending
TXN00004355,ACC0000686,2023-10-28,8:09:00,Transfer,4426.25,Mobile,Transfer,28699.05,Failed
TXN00002322,ACC0000686,2024-02-11,17:38:00,ATM Withdrawal,5854.44,ATM,Purchase,28699.05,Pending
TXN00004473,ACC0000686,2024-02-26,9:31:00,Fee,1893.01,Branch,Utility,26806.04,Completed
TXN00002575,ACC0000687,2023-04-11,12:12:00,Credit,1550.58,Branch,Refund,5620.73,Failed
TXN00000456,ACC0000687,2023-06-12,15:44:00,Credit,2861.56,Branch,Refund,5620.73,Pending
TXN00001428,ACC0000687,2023-06-26,17:25:00,ATM Withdrawal,11659.97,ATM,Rent,5620.73,Pending
TXN00003072,ACC0000687,2023-08-25,21:37:00,Debit,4896.47,Online,Utility,724.26,Completed
TXN00001390,ACC0000687,2024-03-23,18:33:00,Transfer,345.51,Branch,Investment,378.75,Completed
TXN00001657,ACC0000687,2024-03-29,22:35:00,Transfer,2300.61,Wire Transfer,Rent,378.75,Pending
TXN00003814,ACC0000687,2024-06-22,18:03:00,Debit,11004.73,POS,Utility,378.75,Pending
TXN00000808,ACC0000687,2024-08-11,9:39:00,Interest,885.15,Branch,Investment,1263.9,Completed
TXN00001840,ACC0000688,2021-08-07,12:23:00,Interest,14499.21,Branch,Investment,22303.48,Completed
TXN00000210,ACC0000688,2022-03-07,15:33:00,Interest,12293.48,Branch,Investment,34596.96,Completed
TXN00001618,ACC0000688,2022-05-17,18:12:00,Credit,9678.85,Branch,Salary,34596.96,Failed
TXN00002812,ACC0000688,2022-09-29,10:19:00,Interest,7233.14,Online,Investment,41830.1,Completed
TXN00004639,ACC0000688,2023-01-08,13:24:00,Debit,1838.97,POS,Purchase,41830.1,Failed
TXN00002212,ACC0000688,2023-03-03,16:01:00,Fee,12494.08,Mobile,Utility,41830.1,Failed
TXN00001579,ACC0000688,2023-04-02,22:23:00,Debit,7892.28,POS,Utility,41830.1,Failed
TXN00002477,ACC0000688,2023-04-08,8:06:00,Debit,1962.09,POS,Utility,39868.01,Completed
TXN00004269,ACC0000688,2023-08-24,19:09:00,Credit,3721.34,Mobile,Salary,39868.01,Pending
TXN00002203,ACC0000688,2023-09-10,12:20:00,Fee,8010.92,Mobile,Utility,39868.01,Pending
TXN00004621,ACC0000689,2022-03-25,9:42:00,ATM Withdrawal,14775.12,ATM,Rent,649.5,Completed
TXN00000426,ACC0000689,2022-05-25,10:18:00,Fee,272.83,Branch,Utility,376.67,Completed
TXN00001467,ACC0000689,2022-06-14,17:17:00,Interest,8456.42,Online,Investment,376.67,Pending
TXN00002837,ACC0000689,2023-01-12,9:55:00,Fee,9490.93,Branch,Utility,376.67,Pending
TXN00001765,ACC0000689,2024-08-07,18:36:00,Debit,371.67,Online,Utility,5.0,Completed
TXN00002338,ACC0000690,2022-03-06,22:57:00,Debit,6337.91,Online,Purchase,47392.31,Failed
TXN00004373,ACC0000690,2022-09-14,21:30:00,Transfer,9494.82,Wire Transfer,Rent,47392.31,Failed
TXN00002540,ACC0000690,2022-11-16,11:21:00,Interest,13039.67,Online,Investment,47392.31,Pending
TXN00000636,ACC0000690,2023-03-13,17:56:00,Fee,3690.41,Mobile,Utility,47392.31,Pending
TXN00004705,ACC0000690,2023-06-01,13:39:00,Debit,14028.61,Online,Utility,47392.31,Pending
TXN00002276,ACC0000690,2023-06-22,16:52:00,Credit,783.99,Branch,Salary,47392.31,Pending
TXN00002178,ACC0000690,2024-08-13,18:29:00,Interest,8557.25,Branch,Investment,55949.56,Completed
TXN00001986,ACC0000691,2023-10-07,15:46:00,Interest,9063.82,Branch,Investment,21585.71,Failed
TXN00004633,ACC0000691,2023-10-26,8:56:00,Interest,8836.9,Online,Investment,21585.71,Pending
TXN00002853,ACC0000691,2024-10-19,21:38:00,Interest,912.97,Branch,Investment,22498.68,Completed
TXN00001958,ACC0000692,2023-06-05,14:08:00,ATM Withdrawal,914.46,ATM,Purchase,7693.36,Failed
TXN00004090,ACC0000692,2023-06-07,9:17:00,ATM Withdrawal,473.94,ATM,Utility,7693.36,Pending
TXN00000385,ACC0000692,2023-07-15,21:43:00,Interest,14510.56,Online,Investment,7693.36,Failed
TXN00004286,ACC0000692,2023-08-12,13:19:00,Fee,765.88,Mobile,Utility,7693.36,Pending
TXN00002871,ACC0000692,2024-03-28,17:30:00,ATM Withdrawal,4192.23,ATM,Purchase,7693.36,Failed
TXN00004965,ACC0000692,2024-08-22,9:47:00,Debit,6211.79,POS,Purchase,1481.57,Completed
TXN00000577,ACC0000692,2024-11-25,11:47:00,Transfer,522.18,Mobile,Rent,1481.57,Failed
TXN00000662,ACC0000693,2022-03-30,14:53:00,Interest,526.05,Online,Investment,4827.55,Pending
TXN00001812,ACC0000693,2022-08-09,12:28:00,Transfer,9175.7,Wire Transfer,Transfer,4827.55,Failed
TXN00004236,ACC0000693,2023-02-04,8:59:00,ATM Withdrawal,3678.02,ATM,Purchase,4827.55,Failed
TXN00002781,ACC0000693,2023-04-15,20:04:00,ATM Withdrawal,3781.7,ATM,Rent,1045.85,Completed
TXN00004570,ACC0000693,2024-06-18,17:23:00,Interest,8348.9,Online,Investment,1045.85,Failed
TXN00001422,ACC0000694,2022-10-10,11:58:00,Debit,12224.28,Mobile,Rent,19717.7,Pending
TXN00003922,ACC0000694,2022-11-24,8:47:00,Fee,11526.56,Mobile,Utility,19717.7,Pending
TXN00001587,ACC0000694,2023-01-17,8:16:00,Fee,14008.52,Online,Utility,5709.18,Completed
TXN00004906,ACC0000694,2023-01-25,18:56:00,Interest,7726.8,Branch,Investment,5709.18,Failed
TXN00002204,ACC0000694,2023-11-28,19:25:00,Debit,4489.51,POS,Purchase,1219.67,Completed
TXN00004166,ACC0000694,2024-08-22,10:07:00,Transfer,729.02,Mobile,Rent,490.65,Completed
TXN00000468,ACC0000694,2024-12-10,8:12:00,Credit,6291.13,Mobile,Salary,6781.78,Completed
TXN00001681,ACC0000695,2023-06-21,19:03:00,Credit,11338.93,Mobile,Refund,2149.54,Failed
TXN00001598,ACC0000695,2023-12-21,17:58:00,ATM Withdrawal,1206.91,ATM,Utility,942.63,Completed
TXN00002478,ACC0000695,2024-04-19,12:49:00,Debit,796.66,Online,Purchase,145.97,Completed
TXN00004222,ACC0000695,2024-11-25,18:58:00,Transfer,123.43,Online,Rent,22.54,Completed
TXN00000534,ACC0000696,2022-09-17,20:48:00,Interest,13634.05,Online,Investment,4470.74,Pending
TXN00004364,ACC0000696,2022-09-21,10:07:00,Fee,4803.15,Online,Utility,4470.74,Failed
TXN00000732,ACC0000696,2023-01-22,14:10:00,Debit,3920.35,Online,Rent,550.39,Completed
TXN00000753,ACC0000696,2023-08-25,14:10:00,Fee,10664.07,Branch,Utility,550.39,Pending
TXN00003843,ACC0000696,2024-04-04,19:27:00,ATM Withdrawal,10845.95,ATM,Rent,550.39,Pending
TXN00004844,ACC0000696,2024-05-23,13:34:00,Interest,11505.05,Branch,Investment,12055.44,Completed
TXN00003619,ACC0000696,2024-06-06,13:08:00,Interest,10458.11,Online,Investment,12055.44,Failed
TXN00003850,ACC0000696,2024-07-26,8:31:00,Interest,13655.01,Branch,Investment,25710.45,Completed
TXN00004587,ACC0000696,2024-11-22,10:26:00,Interest,14569.21,Online,Investment,25710.45,Failed
TXN00001996,ACC0000697,2023-04-29,9:25:00,Credit,13633.99,Online,Salary,48809.91,Completed
TXN00000120,ACC0000697,2023-08-14,8:09:00,Debit,9281.89,Mobile,Utility,48809.91,Pending
TXN00002670,ACC0000697,2023-08-17,9:23:00,Credit,12439.59,Online,Investment,48809.91,Failed
TXN00004234,ACC0000697,2023-08-27,22:05:00,ATM Withdrawal,12862.55,ATM,Rent,35947.36,Completed
TXN00001863,ACC0000697,2023-10-16,16:49:00,Credit,13379.13,Online,Salary,35947.36,Failed
TXN00002140,ACC0000697,2023-11-17,22:07:00,ATM Withdrawal,6888.33,ATM,Rent,35947.36,Pending
TXN00003304,ACC0000697,2024-01-28,12:10:00,Credit,9304.86,Online,Investment,45252.22,Completed
TXN00002505,ACC0000697,2024-03-26,11:19:00,ATM Withdrawal,3617.56,ATM,Rent,45252.22,Pending
TXN00000055,ACC0000697,2024-05-15,14:49:00,Credit,10333.28,Branch,Investment,45252.22,Failed
TXN00003868,ACC0000697,2024-11-21,13:39:00,Credit,7654.63,Online,Refund,45252.22,Pending
TXN00000591,ACC0000698,2022-02-11,22:36:00,Debit,2847.22,Mobile,Purchase,14684.35,Pending
TXN00001268,ACC0000698,2022-04-07,17:45:00,Debit,3325.74,Mobile,Purchase,11358.61,Completed
TXN00000953,ACC0000698,2022-04-27,21:22:00,Debit,14991.69,Online,Purchase,11358.61,Pending
TXN00003206,ACC0000698,2022-05-27,11:15:00,Debit,5506.56,Mobile,Utility,5852.05,Completed
TXN00002617,ACC0000698,2023-09-16,14:41:00,Transfer,5280.2,Online,Rent,571.85,Completed
TXN00003215,ACC0000698,2024-01-03,17:58:00,Debit,389.57,Mobile,Utility,182.28,Completed
TXN00002109,ACC0000698,2024-01-05,13:45:00,ATM Withdrawal,1971.15,ATM,Purchase,182.28,Failed
TXN00000151,ACC0000698,2024-01-12,20:53:00,Fee,10972.66,Mobile,Utility,182.28,Pending
TXN00003145,ACC0000698,2024-02-17,11:22:00,Debit,10243.24,Mobile,Purchase,182.28,Pending
TXN00003848,ACC0000698,2024-10-25,21:55:00,Interest,4832.7,Online,Investment,5014.98,Completed
TXN00002228,ACC0000699,2022-01-28,22:10:00,Transfer,13006.97,Mobile,Transfer,7365.0,Pending
TXN00002179,ACC0000699,2022-04-11,13:31:00,Debit,6272.49,Mobile,Utility,1092.51,Completed
TXN00001160,ACC0000699,2023-02-22,12:34:00,Fee,5883.87,Branch,Utility,1092.51,Pending
TXN00004282,ACC0000699,2023-07-09,15:34:00,Interest,1296.18,Online,Investment,1092.51,Pending
TXN00003075,ACC0000699,2023-08-12,19:58:00,Credit,9460.15,Branch,Investment,1092.51,Pending
TXN00003727,ACC0000699,2023-08-21,11:05:00,Transfer,14648.42,Mobile,Rent,1092.51,Failed
TXN00000609,ACC0000699,2023-11-17,15:03:00,ATM Withdrawal,738.36,ATM,Utility,354.15,Completed
TXN00000353,ACC0000699,2024-01-17,9:23:00,Debit,183.09,Online,Rent,171.06,Completed
TXN00001762,ACC0000699,2024-02-10,9:30:00,Fee,10824.32,Mobile,Utility,171.06,Pending
TXN00001412,ACC0000699,2024-12-20,14:15:00,ATM Withdrawal,143.53,ATM,Purchase,27.53,Completed
TXN00004512,ACC0000700,2024-03-08,8:51:00,Interest,3310.1,Online,Investment,6256.56,Failed
TXN00002986,ACC0000700,2024-04-12,9:39:00,Fee,13004.24,Online,Utility,6256.56,Failed
TXN00001416,ACC0000700,2024-07-13,10:06:00,Interest,8070.56,Online,Investment,6256.56,Failed
TXN00002701,ACC0000700,2024-07-19,12:19:00,Debit,4739.22,Online,Utility,1517.34,Completed
TXN00000432,ACC0000700,2024-11-16,21:34:00,ATM Withdrawal,653.22,ATM,Purchase,1517.34,Pending
